[2026-08-28 16:19:44.567] [6596] [HailoRT] [info] [vdevice_native_stream.cpp:331] [read_impl] Failed read from stream HAILO_STREAM_ABORT(63) (device: 0001:01:00.0)
[2026-08-28 16:19:44.567] [6596] [HailoRT] [info] [edge_elements.cpp:396] [run_pull] Reading from stream was aborted!
[2026-08-28 16:19:44.567] [6594] [HailoRT] [info] [edge_elements.cpp:396] [run_pull] Reading from stream was aborted!
[2026-08-28 16:19:44.567] [6596] [HailoRT] [info] [queue_elements.cpp:738] [run_in_thread] run_pull of queue element PullQEl_nms7best/conv62_97 was aborted!
[2026-08-28 16:19:44.567] [6594] [HailoRT] [info] [queue_elements.cpp:738] [run_in_thread] run_pull of queue element PullQEl_nms4best/conv52_97 was aborted!
[2026-08-28 16:19:44.567] [6597] [HailoRT] [info] [queue_elements.cpp:738] [run_in_thread] run_pull of queue element PullQEl_nms6best/conv63_97 was aborted!
[2026-08-28 16:19:44.567] [6592] [HailoRT] [info] [edge_elements.cpp:396] [run_pull] Reading from stream was aborted!
[2026-08-28 16:19:44.567] [6592] [HailoRT] [info] [queue_elements.cpp:738] [run_in_thread] run_pull of queue element PullQEl_nms1best/conv41_97 was aborted!
[2026-08-28 16:19:44.567] [6598] [HailoRT] [info] [queue_elements.cpp:68] [operator()] Thread in element UserBufQEl_post_infer0best/yolov8_nms_postprocess is not running anymore, exiting..
[2026-08-28 16:19:44.567] [4623] [HailoRT] [info] [queue_elements.cpp:46] [~BaseQueueElement] Queue element UserBufQEl_post_infer0best/yolov8_nms_postprocess has 0 frames in his Queue on destruction
[2026-08-28 16:19:44.567] [6597] [HailoRT] [info] [queue_elements.cpp:68] [operator()] Thread in element PullQEl_nms6best/conv63_97 is not running anymore, exiting..
[2026-08-28 16:19:44.567] [4623] [HailoRT] [info] [queue_elements.cpp:46] [~BaseQueueElement] Queue element PullQEl_nms6best/conv63_97 has 0 frames in his Queue on destruction
[2026-08-28 16:19:44.567] [6596] [HailoRT] [info] [queue_elements.cpp:68] [operator()] Thread in element PullQEl_nms7best/conv62_97 is not running anymore, exiting..
[2026-08-28 16:19:44.567] [4623] [HailoRT] [info] [queue_elements.cpp:46] [~BaseQueueElement] Queue element PullQEl_nms7best/conv62_97 has 0 frames in his Queue on destruction
[2026-08-28 16:19:44.567] [6595] [HailoRT] [info] [queue_elements.cpp:68] [operator()] Thread in element PullQEl_nms2best/conv53_97 is not running anymore, exiting..
[2026-08-28 16:19:44.567] [4623] [HailoRT] [info] [queue_elements.cpp:46] [~BaseQueueElement] Queue element PullQEl_nms2best/conv53_97 has 0 frames in his Queue on destruction
[2026-08-28 16:19:44.567] [6594] [HailoRT] [info] [queue_elements.cpp:68] [operator()] Thread in element PullQEl_nms4best/conv52_97 is not running anymore, exiting..
[2026-08-28 16:19:44.567] [4623] [HailoRT] [info] [queue_elements.cpp:46] [~BaseQueueElement] Queue element PullQEl_nms4best/conv52_97 has 0 frames in his Queue on destruction
[2026-08-28 16:19:44.567] [6593] [HailoRT] [info] [queue_elements.cpp:68] [operator()] Thread in element PullQEl_nms0best/conv42_97 is not running anymore, exiting..
[2026-08-28 16:19:44.567] [4623] [HailoRT] [info] [queue_elements.cpp:46] [~BaseQueueElement] Queue element PullQEl_nms0best/conv42_97 has 0 frames in his Queue on destruction
[2026-08-28 16:19:44.567] [6592] [HailoRT] [info] [queue_elements.cpp:68] [operator()] Thread in element PullQEl_nms1best/conv41_97 is not running anymore, exiting..
[2026-08-28 16:19:44.567] [4623] [HailoRT] [info] [queue_elements.cpp:46] [~BaseQueueElement] Queue element PullQEl_nms1best/conv41_97 has 0 frames in his Queue on destruction
[2026-08-28 16:19:44.567] [6591] [HailoRT] [info] [queue_elements.cpp:68] [operator()] Thread in element PushQEl3best/input_layer1 is not running anymore, exiting..
[2026-08-28 16:19:44.567] [4623] [HailoRT] [info] [queue_elements.cpp:46] [~BaseQueueElement] Queue element PushQEl3best/input_layer1 has 0 frames in his Queue on destruction
[2026-08-28 16:19:44.568] [4623] [HailoRT] [info] [core_op.cpp:186] [deactivate] Deactivating took 0.405818 ms
[2026-08-28 16:19:44.568] [4623] [HailoRT] [info] [core_op.cpp:186] [deactivate] Deactivating took 0.414281 ms
[2026-08-28 16:19:44.589] [4623] [HailoRT] [info] [core_op.cpp:156] [activate] Activating best took 0.449336 milliseconds. Note that the function is asynchronous and thus the network is not fully activated yet.
[2026-08-28 16:19:44.589] [4623] [HailoRT] [info] [core_op.cpp:156] [activate] Activating best took 0.469168 milliseconds. Note that the function is asynchronous and thus the network is not fully activated yet.
[2026-08-28 16:19:44.589] [4623] [HailoRT] [info] [edge_elements.cpp:52] [create] Created (HwWriteEl3best/input_layer1 | hw_frame_size: 1228800)
[2026-08-28 16:19:44.589] [4623] [HailoRT] [info] [queue_elements.cpp:284] [create] Created (PushQEl3best/input_layer1 | timeout: 10s)
[2026-08-28 16:19:44.589] [4623] [HailoRT] [info] [filter_elements.cpp:101] [create] Created (PreInferEl3best/input_layer1 | Reorder - src_order: NHWC, src_shape: (640, 640, 3), dst_order: NHCW, dst_shape: (640, 640, 3))
[2026-08-28 16:19:44.589] [4623] [HailoRT] [info] [vstream.cpp:754] [InputVStreamImpl] Creating best/input_layer1...
[2026-08-28 16:19:44.589] [4623] [HailoRT] [info] [vstream_builder.cpp:102] [create_inputs] Input pipeline 'best/input_layer1': (PreInferEl3best/input_layer1 | Reorder - src_order: NHWC, src_shape: (640, 640, 3), dst_order: NHCW, dst_shape: (640, 640, 3)) >> (PushQEl3best/input_layer1 | timeout: 10s) >> (HwWriteEl3best/input_layer1 | hw_frame_size: 1228800) >> HW
[2026-08-28 16:19:44.589] [4623] [HailoRT] [info] [multi_io_elements.cpp:135] [create] Created (NmsPPMuxEl0YOLOV8-Post-Process | Op YOLOV8, Name: YOLOV8-Post-Process, Score threshold: 0.250, IoU threshold: 0.70, Classes: 1, Cross classes: false, NMS results order: BY_CLASS, Max bboxes per class: 100, Image height: 640, Image width: 640)
[2026-08-28 16:19:44.589] [4623] [HailoRT] [info] [edge_elements.cpp:287] [create] Created (HwReadEl1best/conv41_97 | hw_frame_size: 409600)
[2026-08-28 16:19:44.589] [4623] [HailoRT] [info] [queue_elements.cpp:657] [create] Created (PullQEl_nms1best/conv41_97 | timeout: 10s)
[2026-08-28 16:19:44.589] [4623] [HailoRT] [info] [edge_elements.cpp:287] [create] Created (HwReadEl0best/conv42_97 | hw_frame_size: 6400)
[2026-08-28 16:19:44.589] [4623] [HailoRT] [info] [queue_elements.cpp:657] [create] Created (PullQEl_nms0best/conv42_97 | timeout: 10s)
[2026-08-28 16:19:44.589] [4623] [HailoRT] [info] [edge_elements.cpp:287] [create] Created (HwReadEl4best/conv52_97 | hw_frame_size: 102400)
[2026-08-28 16:19:44.589] [4623] [HailoRT] [info] [queue_elements.cpp:657] [create] Created (PullQEl_nms4best/conv52_97 | timeout: 10s)
[2026-08-28 16:19:44.589] [4623] [HailoRT] [info] [edge_elements.cpp:287] [create] Created (HwReadEl2best/conv53_97 | hw_frame_size: 1600)
[2026-08-28 16:19:44.589] [4623] [HailoRT] [info] [queue_elements.cpp:657] [create] Created (PullQEl_nms2best/conv53_97 | timeout: 10s)
[2026-08-28 16:19:44.589] [4623] [HailoRT] [info] [edge_elements.cpp:287] [create] Created (HwReadEl7best/conv62_97 | hw_frame_size: 30720)
[2026-08-28 16:19:44.589] [4623] [HailoRT] [info] [queue_elements.cpp:657] [create] Created (PullQEl_nms7best/conv62_97 | timeout: 10s)
[2026-08-28 16:19:44.589] [4623] [HailoRT] [info] [edge_elements.cpp:287] [create] Created (HwReadEl6best/conv63_97 | hw_frame_size: 480)
[2026-08-28 16:19:44.589] [4623] [HailoRT] [info] [queue_elements.cpp:657] [create] Created (PullQEl_nms6best/conv63_97 | timeout: 10s)
[2026-08-28 16:19:44.589] [4623] [HailoRT] [info] [queue_elements.cpp:800] [create] Created (UserBufQEl_post_infer0best/yolov8_nms_postprocess | timeout: 10s)
[2026-08-28 16:19:44.590] [4623] [HailoRT] [info] [vstream.cpp:1114] [OutputVStreamImpl] Creating best/yolov8_nms_postprocess...
[2026-08-28 16:19:44.590] [4623] [HailoRT] [info] [vstream_builder.cpp:622] [create_output_post_process_nms] Output pipeline 'best/yolov8_nms_postprocess': HW >> (HwReadEl1best/conv41_97 | hw_frame_size: 409600) >> (PullQEl_nms1best/conv41_97) >> (HwReadEl0best/conv42_97 | hw_frame_size: 6400) >> (PullQEl_nms0best/conv42_97) >> (HwReadEl4best/conv52_97 | hw_frame_size: 102400) >> (PullQEl_nms4best/conv52_97) >> (HwReadEl2best/conv53_97 | hw_frame_size: 1600) >> (PullQEl_nms2best/conv53_97) >> (HwReadEl7best/conv62_97 | hw_frame_size: 30720) >> (PullQEl_nms7best/conv62_97) >> (HwReadEl6best/conv63_97 | hw_frame_size: 480) >> (PullQEl_nms6best/conv63_97) >> (NmsPPMuxEl0YOLOV8-Post-Process | Op YOLOV8, Name: YOLOV8-Post-Process, Score threshold: 0.250, IoU threshold: 0.70, Classes: 1, Cross classes: false, NMS results order: BY_CLASS, Max bboxes per class: 100, Image height: 640, Image width: 640) >> (UserBufQEl_post_infer0best/yolov8_nms_postprocess | timeout: 10s)
[2026-08-28 16:19:44.600] [6602] [HailoRT] [info] [vdevice_native_stream.cpp:331] [read_impl] Failed read from stream HAILO_STREAM_ABORT(63) (device: 0001:01:00.0)
[2026-08-28 16:19:44.600] [6603] [HailoRT] [info] [vdevice_native_stream.cpp:331] [read_impl] Failed read from stream HAILO_STREAM_ABORT(63) (device: 0001:01:00.0)
[2026-08-28 16:19:44.600] [6606] [HailoRT] [info] [vdevice_native_stream.cpp:331] [read_impl] Failed read from stream HAILO_STREAM_ABORT(63) (device: 0001:01:00.0)
[2026-08-28 16:19:44.600] [6606] [HailoRT] [info] [edge_elements.cpp:396] [run_pull] Reading from stream was aborted!
[2026-08-28 16:19:44.600] [6602] [HailoRT] [info] [edge_elements.cpp:396] [run_pull] Reading from stream was aborted!
[2026-08-28 16:19:44.600] [6605] [HailoRT] [info] [vdevice_native_stream.cpp:331] [read_impl] Failed read from stream HAILO_STREAM_ABORT(63) (device: 0001:01:00.0)
[2026-08-28 16:19:44.600] [6603] [HailoRT] [info] [edge_elements.cpp:396] [run_pull] Reading from stream was aborted!
[2026-08-28 16:19:44.600] [6607] [HailoRT] [info] [vdevice_native_stream.cpp:331] [read_impl] Failed read from stream HAILO_STREAM_ABORT(63) (device: 0001:01:00.0)
[2026-08-28 16:19:44.600] [6604] [HailoRT] [info] [vdevice_native_stream.cpp:331] [read_impl] Failed read from stream HAILO_STREAM_ABORT(63) (device: 0001:01:00.0)
[2026-08-28 16:19:44.600] [6607] [HailoRT] [info] [edge_elements.cpp:396] [run_pull] Reading from stream was aborted!
[2026-08-28 16:19:44.600] [6604] [HailoRT] [info] [edge_elements.cpp:396] [run_pull] Reading from stream was aborted!
[2026-08-28 16:19:44.600] [6603] [HailoRT] [info] [queue_elements.cpp:738] [run_in_thread] run_pull of queue element PullQEl_nms0best/conv42_97 was aborted!
[2026-08-28 16:19:44.600] [6607] [HailoRT] [info] [queue_elements.cpp:738] [run_in_thread] run_pull of queue element PullQEl_nms6best/conv63_97 was aborted!
[2026-08-28 16:19:44.600] [6605] [HailoRT] [info] [edge_elements.cpp:396] [run_pull] Reading from stream was aborted!
[2026-08-28 16:19:44.600] [6604] [HailoRT] [info] [queue_elements.cpp:738] [run_in_thread] run_pull of queue element PullQEl_nms4best/conv52_97 was aborted!
[2026-08-28 16:19:44.600] [6605] [HailoRT] [info] [queue_elements.cpp:738] [run_in_thread] run_pull of queue element PullQEl_nms2best/conv53_97 was aborted!
[2026-08-28 16:19:44.600] [6606] [HailoRT] [info] [queue_elements.cpp:738] [run_in_thread] run_pull of queue element PullQEl_nms7best/conv62_97 was aborted!
[2026-08-28 16:19:44.600] [6602] [HailoRT] [info] [queue_elements.cpp:738] [run_in_thread] run_pull of queue element PullQEl_nms1best/conv41_97 was aborted!
[2026-08-28 16:19:44.600] [6608] [HailoRT] [info] [queue_elements.cpp:68] [operator()] Thread in element UserBufQEl_post_infer0best/yolov8_nms_postprocess is not running anymore, exiting..
[2026-08-28 16:19:44.600] [4623] [HailoRT] [info] [queue_elements.cpp:46] [~BaseQueueElement] Queue element UserBufQEl_post_infer0best/yolov8_nms_postprocess has 0 frames in his Queue on destruction
[2026-08-28 16:19:44.600] [6607] [HailoRT] [info] [queue_elements.cpp:68] [operator()] Thread in element PullQEl_nms6best/conv63_97 is not running anymore, exiting..
[2026-08-28 16:19:44.600] [4623] [HailoRT] [info] [queue_elements.cpp:46] [~BaseQueueElement] Queue element PullQEl_nms6best/conv63_97 has 0 frames in his Queue on destruction
[2026-08-28 16:19:44.600] [6606] [HailoRT] [info] [queue_elements.cpp:68] [operator()] Thread in element PullQEl_nms7best/conv62_97 is not running anymore, exiting..
[2026-08-28 16:19:44.600] [4623] [HailoRT] [info] [queue_elements.cpp:46] [~BaseQueueElement] Queue element PullQEl_nms7best/conv62_97 has 0 frames in his Queue on destruction
[2026-08-28 16:19:44.600] [6605] [HailoRT] [info] [queue_elements.cpp:68] [operator()] Thread in element PullQEl_nms2best/conv53_97 is not running anymore, exiting..
[2026-08-28 16:19:44.600] [4623] [HailoRT] [info] [queue_elements.cpp:46] [~BaseQueueElement] Queue element PullQEl_nms2best/conv53_97 has 0 frames in his Queue on destruction
[2026-08-28 16:19:44.600] [6604] [HailoRT] [info] [queue_elements.cpp:68] [operator()] Thread in element PullQEl_nms4best/conv52_97 is not running anymore, exiting..
[2026-08-28 16:19:44.600] [4623] [HailoRT] [info] [queue_elements.cpp:46] [~BaseQueueElement] Queue element PullQEl_nms4best/conv52_97 has 0 frames in his Queue on destruction
[2026-08-28 16:19:44.600] [6603] [HailoRT] [info] [queue_elements.cpp:68] [operator()] Thread in element PullQEl_nms0best/conv42_97 is not running anymore, exiting..
[2026-08-28 16:19:44.600] [4623] [HailoRT] [info] [queue_elements.cpp:46] [~BaseQueueElement] Queue element PullQEl_nms0best/conv42_97 has 0 frames in his Queue on destruction
[2026-08-28 16:19:44.600] [6602] [HailoRT] [info] [queue_elements.cpp:68] [operator()] Thread in element PullQEl_nms1best/conv41_97 is not running anymore, exiting..
[2026-08-28 16:19:44.600] [4623] [HailoRT] [info] [queue_elements.cpp:46] [~BaseQueueElement] Queue element PullQEl_nms1best/conv41_97 has 0 frames in his Queue on destruction
[2026-08-28 16:19:44.600] [6601] [HailoRT] [info] [queue_elements.cpp:68] [operator()] Thread in element PushQEl3best/input_layer1 is not running anymore, exiting..
[2026-08-28 16:19:44.600] [4623] [HailoRT] [info] [queue_elements.cpp:46] [~BaseQueueElement] Queue element PushQEl3best/input_layer1 has 0 frames in his Queue on destruction
[2026-08-28 16:19:44.601] [4623] [HailoRT] [info] [core_op.cpp:186] [deactivate] Deactivating took 0.404078 ms
[2026-08-28 16:19:44.601] [4623] [HailoRT] [info] [core_op.cpp:186] [deactivate] Deactivating took 0.416077 ms
[2026-08-28 16:19:44.622] [4623] [HailoRT] [info] [core_op.cpp:156] [activate] Activating best took 0.437503 milliseconds. Note that the function is asynchronous and thus the network is not fully activated yet.
[2026-08-28 16:19:44.622] [4623] [HailoRT] [info] [core_op.cpp:156] [activate] Activating best took 0.457465 milliseconds. Note that the function is asynchronous and thus the network is not fully activated yet.
[2026-08-28 16:19:44.622] [4623] [HailoRT] [info] [edge_elements.cpp:52] [create] Created (HwWriteEl3best/input_layer1 | hw_frame_size: 1228800)
[2026-08-28 16:19:44.622] [4623] [HailoRT] [info] [queue_elements.cpp:284] [create] Created (PushQEl3best/input_layer1 | timeout: 10s)
[2026-08-28 16:19:44.622] [4623] [HailoRT] [info] [filter_elements.cpp:101] [create] Created (PreInferEl3best/input_layer1 | Reorder - src_order: NHWC, src_shape: (640, 640, 3), dst_order: NHCW, dst_shape: (640, 640, 3))
[2026-08-28 16:19:44.622] [4623] [HailoRT] [info] [vstream.cpp:754] [InputVStreamImpl] Creating best/input_layer1...
[2026-08-28 16:19:44.622] [4623] [HailoRT] [info] [vstream_builder.cpp:102] [create_inputs] Input pipeline 'best/input_layer1': (PreInferEl3best/input_layer1 | Reorder - src_order: NHWC, src_shape: (640, 640, 3), dst_order: NHCW, dst_shape: (640, 640, 3)) >> (PushQEl3best/input_layer1 | timeout: 10s) >> (HwWriteEl3best/input_layer1 | hw_frame_size: 1228800) >> HW
[2026-08-28 16:19:44.622] [4623] [HailoRT] [info] [multi_io_elements.cpp:135] [create] Created (NmsPPMuxEl0YOLOV8-Post-Process | Op YOLOV8, Name: YOLOV8-Post-Process, Score threshold: 0.250, IoU threshold: 0.70, Classes: 1, Cross classes: false, NMS results order: BY_CLASS, Max bboxes per class: 100, Image height: 640, Image width: 640)
[2026-08-28 16:19:44.622] [4623] [HailoRT] [info] [edge_elements.cpp:287] [create] Created (HwReadEl1best/conv41_97 | hw_frame_size: 409600)
[2026-08-28 16:19:44.622] [4623] [HailoRT] [info] [queue_elements.cpp:657] [create] Created (PullQEl_nms1best/conv41_97 | timeout: 10s)
[2026-08-28 16:19:44.622] [4623] [HailoRT] [info] [edge_elements.cpp:287] [create] Created (HwReadEl0best/conv42_97 | hw_frame_size: 6400)
[2026-08-28 16:19:44.622] [4623] [HailoRT] [info] [queue_elements.cpp:657] [create] Created (PullQEl_nms0best/conv42_97 | timeout: 10s)
[2026-08-28 16:19:44.622] [4623] [HailoRT] [info] [edge_elements.cpp:287] [create] Created (HwReadEl4best/conv52_97 | hw_frame_size: 102400)
[2026-08-28 16:19:44.622] [4623] [HailoRT] [info] [queue_elements.cpp:657] [create] Created (PullQEl_nms4best/conv52_97 | timeout: 10s)
[2026-08-28 16:19:44.622] [4623] [HailoRT] [info] [edge_elements.cpp:287] [create] Created (HwReadEl2best/conv53_97 | hw_frame_size: 1600)
[2026-08-28 16:19:44.622] [4623] [HailoRT] [info] [queue_elements.cpp:657] [create] Created (PullQEl_nms2best/conv53_97 | timeout: 10s)
[2026-08-28 16:19:44.622] [4623] [HailoRT] [info] [edge_elements.cpp:287] [create] Created (HwReadEl7best/conv62_97 | hw_frame_size: 30720)
[2026-08-28 16:19:44.623] [4623] [HailoRT] [info] [queue_elements.cpp:657] [create] Created (PullQEl_nms7best/conv62_97 | timeout: 10s)
[2026-08-28 16:19:44.623] [4623] [HailoRT] [info] [edge_elements.cpp:287] [create] Created (HwReadEl6best/conv63_97 | hw_frame_size: 480)
[2026-08-28 16:19:44.623] [4623] [HailoRT] [info] [queue_elements.cpp:657] [create] Created (PullQEl_nms6best/conv63_97 | timeout: 10s)
[2026-08-28 16:19:44.623] [4623] [HailoRT] [info] [queue_elements.cpp:800] [create] Created (UserBufQEl_post_infer0best/yolov8_nms_postprocess | timeout: 10s)
[2026-08-28 16:19:44.623] [4623] [HailoRT] [info] [vstream.cpp:1114] [OutputVStreamImpl] Creating best/yolov8_nms_postprocess...
[2026-08-28 16:19:44.623] [4623] [HailoRT] [info] [vstream_builder.cpp:622] [create_output_post_process_nms] Output pipeline 'best/yolov8_nms_postprocess': HW >> (HwReadEl1best/conv41_97 | hw_frame_size: 409600) >> (PullQEl_nms1best/conv41_97) >> (HwReadEl0best/conv42_97 | hw_frame_size: 6400) >> (PullQEl_nms0best/conv42_97) >> (HwReadEl4best/conv52_97 | hw_frame_size: 102400) >> (PullQEl_nms4best/conv52_97) >> (HwReadEl2best/conv53_97 | hw_frame_size: 1600) >> (PullQEl_nms2best/conv53_97) >> (HwReadEl7best/conv62_97 | hw_frame_size: 30720) >> (PullQEl_nms7best/conv62_97) >> (HwReadEl6best/conv63_97 | hw_frame_size: 480) >> (PullQEl_nms6best/conv63_97) >> (NmsPPMuxEl0YOLOV8-Post-Process | Op YOLOV8, Name: YOLOV8-Post-Process, Score threshold: 0.250, IoU threshold: 0.70, Classes: 1, Cross classes: false, NMS results order: BY_CLASS, Max bboxes per class: 100, Image height: 640, Image width: 640) >> (UserBufQEl_post_infer0best/yolov8_nms_postprocess | timeout: 10s)
[2026-08-28 16:19:44.633] [6612] [HailoRT] [info] [vdevice_native_stream.cpp:331] [read_impl] Failed read from stream HAILO_STREAM_ABORT(63) (device: 0001:01:00.0)
[2026-08-28 16:19:44.633] [6613] [HailoRT] [info] [vdevice_native_stream.cpp:331] [read_impl] Failed read from stream HAILO_STREAM_ABORT(63) (device: 0001:01:00.0)
[2026-08-28 16:19:44.633] [6613] [HailoRT] [info] [edge_elements.cpp:396] [run_pull] Reading from stream was aborted!
[2026-08-28 16:19:44.633] [6614] [HailoRT] [info] [vdevice_native_stream.cpp:331] [read_impl] Failed read from stream HAILO_STREAM_ABORT(63) (device: 0001:01:00.0)
[2026-08-28 16:19:44.633] [6614] [HailoRT] [info] [edge_elements.cpp:396] [run_pull] Reading from stream was aborted!
[2026-08-28 16:19:44.633] [6616] [HailoRT] [info] [vdevice_native_stream.cpp:331] [read_impl] Failed read from stream HAILO_STREAM_ABORT(63) (device: 0001:01:00.0)
[2026-08-28 16:19:44.633] [6616] [HailoRT] [info] [edge_elements.cpp:396] [run_pull] Reading from stream was aborted!
[2026-08-28 16:19:44.633] [6612] [HailoRT] [info] [edge_elements.cpp:396] [run_pull] Reading from stream was aborted!
[2026-08-28 16:19:44.633] [6614] [HailoRT] [info] [queue_elements.cpp:738] [run_in_thread] run_pull of queue element PullQEl_nms4best/conv52_97 was aborted!
[2026-08-28 16:19:44.633] [6616] [HailoRT] [info] [queue_elements.cpp:738] [run_in_thread] run_pull of queue element PullQEl_nms7best/conv62_97 was aborted!
[2026-08-28 16:19:44.633] [6615] [HailoRT] [info] [vdevice_native_stream.cpp:331] [read_impl] Failed read from stream HAILO_STREAM_ABORT(63) (device: 0001:01:00.0)
[2026-08-28 16:19:44.633] [6615] [HailoRT] [info] [edge_elements.cpp:396] [run_pull] Reading from stream was aborted!
[2026-08-28 16:19:44.633] [6613] [HailoRT] [info] [queue_elements.cpp:738] [run_in_thread] run_pull of queue element PullQEl_nms0best/conv42_97 was aborted!
[2026-08-28 16:19:44.633] [6615] [HailoRT] [info] [queue_elements.cpp:738] [run_in_thread] run_pull of queue element PullQEl_nms2best/conv53_97 was aborted!
[2026-08-28 16:19:44.633] [6617] [HailoRT] [info] [vdevice_native_stream.cpp:331] [read_impl] Failed read from stream HAILO_STREAM_ABORT(63) (device: 0001:01:00.0)
[2026-08-28 16:19:44.633] [6612] [HailoRT] [info] [queue_elements.cpp:738] [run_in_thread] run_pull of queue element PullQEl_nms1best/conv41_97 was aborted!
[2026-08-28 16:19:44.633] [6617] [HailoRT] [info] [edge_elements.cpp:396] [run_pull] Reading from stream was aborted!
[2026-08-28 16:19:44.633] [6617] [HailoRT] [info] [queue_elements.cpp:738] [run_in_thread] run_pull of queue element PullQEl_nms6best/conv63_97 was aborted!
[2026-08-28 16:19:44.633] [6618] [HailoRT] [info] [queue_elements.cpp:68] [operator()] Thread in element UserBufQEl_post_infer0best/yolov8_nms_postprocess is not running anymore, exiting..
[2026-08-28 16:19:44.633] [4623] [HailoRT] [info] [queue_elements.cpp:46] [~BaseQueueElement] Queue element UserBufQEl_post_infer0best/yolov8_nms_postprocess has 0 frames in his Queue on destruction
[2026-08-28 16:19:44.633] [6617] [HailoRT] [info] [queue_elements.cpp:68] [operator()] Thread in element PullQEl_nms6best/conv63_97 is not running anymore, exiting..
[2026-08-28 16:19:44.633] [4623] [HailoRT] [info] [queue_elements.cpp:46] [~BaseQueueElement] Queue element PullQEl_nms6best/conv63_97 has 0 frames in his Queue on destruction
[2026-08-28 16:19:44.633] [6616] [HailoRT] [info] [queue_elements.cpp:68] [operator()] Thread in element PullQEl_nms7best/conv62_97 is not running anymore, exiting..
[2026-08-28 16:19:44.634] [4623] [HailoRT] [info] [queue_elements.cpp:46] [~BaseQueueElement] Queue element PullQEl_nms7best/conv62_97 has 0 frames in his Queue on destruction
[2026-08-28 16:19:44.634] [6615] [HailoRT] [info] [queue_elements.cpp:68] [operator()] Thread in element PullQEl_nms2best/conv53_97 is not running anymore, exiting..
[2026-08-28 16:19:44.634] [4623] [HailoRT] [info] [queue_elements.cpp:46] [~BaseQueueElement] Queue element PullQEl_nms2best/conv53_97 has 0 frames in his Queue on destruction
[2026-08-28 16:19:44.634] [6614] [HailoRT] [info] [queue_elements.cpp:68] [operator()] Thread in element PullQEl_nms4best/conv52_97 is not running anymore, exiting..
[2026-08-28 16:19:44.634] [4623] [HailoRT] [info] [queue_elements.cpp:46] [~BaseQueueElement] Queue element PullQEl_nms4best/conv52_97 has 0 frames in his Queue on destruction
[2026-08-28 16:19:44.634] [6613] [HailoRT] [info] [queue_elements.cpp:68] [operator()] Thread in element PullQEl_nms0best/conv42_97 is not running anymore, exiting..
[2026-08-28 16:19:44.634] [4623] [HailoRT] [info] [queue_elements.cpp:46] [~BaseQueueElement] Queue element PullQEl_nms0best/conv42_97 has 0 frames in his Queue on destruction
[2026-08-28 16:19:44.634] [6612] [HailoRT] [info] [queue_elements.cpp:68] [operator()] Thread in element PullQEl_nms1best/conv41_97 is not running anymore, exiting..
[2026-08-28 16:19:44.634] [4623] [HailoRT] [info] [queue_elements.cpp:46] [~BaseQueueElement] Queue element PullQEl_nms1best/conv41_97 has 0 frames in his Queue on destruction
[2026-08-28 16:19:44.634] [6611] [HailoRT] [info] [queue_elements.cpp:68] [operator()] Thread in element PushQEl3best/input_layer1 is not running anymore, exiting..
[2026-08-28 16:19:44.634] [4623] [HailoRT] [info] [queue_elements.cpp:46] [~BaseQueueElement] Queue element PushQEl3best/input_layer1 has 0 frames in his Queue on destruction
[2026-08-28 16:19:44.634] [4623] [HailoRT] [info] [core_op.cpp:186] [deactivate] Deactivating took 0.408596 ms
[2026-08-28 16:19:44.634] [4623] [HailoRT] [info] [core_op.cpp:186] [deactivate] Deactivating took 0.423966 ms
[2026-08-28 16:19:44.654] [4623] [HailoRT] [info] [core_op.cpp:156] [activate] Activating best took 0.457724 milliseconds. Note that the function is asynchronous and thus the network is not fully activated yet.
[2026-08-28 16:19:44.654] [4623] [HailoRT] [info] [core_op.cpp:156] [activate] Activating best took 0.47826 milliseconds. Note that the function is asynchronous and thus the network is not fully activated yet.
[2026-08-28 16:19:44.654] [4623] [HailoRT] [info] [edge_elements.cpp:52] [create] Created (HwWriteEl3best/input_layer1 | hw_frame_size: 1228800)
[2026-08-28 16:19:44.654] [4623] [HailoRT] [info] [queue_elements.cpp:284] [create] Created (PushQEl3best/input_layer1 | timeout: 10s)
[2026-08-28 16:19:44.654] [4623] [HailoRT] [info] [filter_elements.cpp:101] [create] Created (PreInferEl3best/input_layer1 | Reorder - src_order: NHWC, src_shape: (640, 640, 3), dst_order: NHCW, dst_shape: (640, 640, 3))
[2026-08-28 16:19:44.654] [4623] [HailoRT] [info] [vstream.cpp:754] [InputVStreamImpl] Creating best/input_layer1...
[2026-08-28 16:19:44.654] [4623] [HailoRT] [info] [vstream_builder.cpp:102] [create_inputs] Input pipeline 'best/input_layer1': (PreInferEl3best/input_layer1 | Reorder - src_order: NHWC, src_shape: (640, 640, 3), dst_order: NHCW, dst_shape: (640, 640, 3)) >> (PushQEl3best/input_layer1 | timeout: 10s) >> (HwWriteEl3best/input_layer1 | hw_frame_size: 1228800) >> HW
[2026-08-28 16:19:44.654] [4623] [HailoRT] [info] [multi_io_elements.cpp:135] [create] Created (NmsPPMuxEl0YOLOV8-Post-Process | Op YOLOV8, Name: YOLOV8-Post-Process, Score threshold: 0.250, IoU threshold: 0.70, Classes: 1, Cross classes: false, NMS results order: BY_CLASS, Max bboxes per class: 100, Image height: 640, Image width: 640)
[2026-08-28 16:19:44.654] [4623] [HailoRT] [info] [edge_elements.cpp:287] [create] Created (HwReadEl1best/conv41_97 | hw_frame_size: 409600)
[2026-08-28 16:19:44.654] [4623] [HailoRT] [info] [queue_elements.cpp:657] [create] Created (PullQEl_nms1best/conv41_97 | timeout: 10s)
[2026-08-28 16:19:44.654] [4623] [HailoRT] [info] [edge_elements.cpp:287] [create] Created (HwReadEl0best/conv42_97 | hw_frame_size: 6400)
[2026-08-28 16:19:44.654] [4623] [HailoRT] [info] [queue_elements.cpp:657] [create] Created (PullQEl_nms0best/conv42_97 | timeout: 10s)
[2026-08-28 16:19:44.654] [4623] [HailoRT] [info] [edge_elements.cpp:287] [create] Created (HwReadEl4best/conv52_97 | hw_frame_size: 102400)
[2026-08-28 16:19:44.655] [4623] [HailoRT] [info] [queue_elements.cpp:657] [create] Created (PullQEl_nms4best/conv52_97 | timeout: 10s)
[2026-08-28 16:19:44.655] [4623] [HailoRT] [info] [edge_elements.cpp:287] [create] Created (HwReadEl2best/conv53_97 | hw_frame_size: 1600)
[2026-08-28 16:19:44.655] [4623] [HailoRT] [info] [queue_elements.cpp:657] [create] Created (PullQEl_nms2best/conv53_97 | timeout: 10s)
[2026-08-28 16:19:44.655] [4623] [HailoRT] [info] [edge_elements.cpp:287] [create] Created (HwReadEl7best/conv62_97 | hw_frame_size: 30720)
[2026-08-28 16:19:44.655] [4623] [HailoRT] [info] [queue_elements.cpp:657] [create] Created (PullQEl_nms7best/conv62_97 | timeout: 10s)
[2026-08-28 16:19:44.655] [4623] [HailoRT] [info] [edge_elements.cpp:287] [create] Created (HwReadEl6best/conv63_97 | hw_frame_size: 480)
[2026-08-28 16:19:44.655] [4623] [HailoRT] [info] [queue_elements.cpp:657] [create] Created (PullQEl_nms6best/conv63_97 | timeout: 10s)
[2026-08-28 16:19:44.655] [4623] [HailoRT] [info] [queue_elements.cpp:800] [create] Created (UserBufQEl_post_infer0best/yolov8_nms_postprocess | timeout: 10s)
[2026-08-28 16:19:44.655] [4623] [HailoRT] [info] [vstream.cpp:1114] [OutputVStreamImpl] Creating best/yolov8_nms_postprocess...
[2026-08-28 16:19:44.655] [4623] [HailoRT] [info] [vstream_builder.cpp:622] [create_output_post_process_nms] Output pipeline 'best/yolov8_nms_postprocess': HW >> (HwReadEl1best/conv41_97 | hw_frame_size: 409600) >> (PullQEl_nms1best/conv41_97) >> (HwReadEl0best/conv42_97 | hw_frame_size: 6400) >> (PullQEl_nms0best/conv42_97) >> (HwReadEl4best/conv52_97 | hw_frame_size: 102400) >> (PullQEl_nms4best/conv52_97) >> (HwReadEl2best/conv53_97 | hw_frame_size: 1600) >> (PullQEl_nms2best/conv53_97) >> (HwReadEl7best/conv62_97 | hw_frame_size: 30720) >> (PullQEl_nms7best/conv62_97) >> (HwReadEl6best/conv63_97 | hw_frame_size: 480) >> (PullQEl_nms6best/conv63_97) >> (NmsPPMuxEl0YOLOV8-Post-Process | Op YOLOV8, Name: YOLOV8-Post-Process, Score threshold: 0.250, IoU threshold: 0.70, Classes: 1, Cross classes: false, NMS results order: BY_CLASS, Max bboxes per class: 100, Image height: 640, Image width: 640) >> (UserBufQEl_post_infer0best/yolov8_nms_postprocess | timeout: 10s)
[2026-08-28 16:19:44.665] [6623] [HailoRT] [info] [vdevice_native_stream.cpp:331] [read_impl] Failed read from stream HAILO_STREAM_ABORT(63) (device: 0001:01:00.0)
[2026-08-28 16:19:44.665] [6627] [HailoRT] [info] [vdevice_native_stream.cpp:331] [read_impl] Failed read from stream HAILO_STREAM_ABORT(63) (device: 0001:01:00.0)
[2026-08-28 16:19:44.665] [6627] [HailoRT] [info] [edge_elements.cpp:396] [run_pull] Reading from stream was aborted!
[2026-08-28 16:19:44.665] [6625] [HailoRT] [info] [vdevice_native_stream.cpp:331] [read_impl] Failed read from stream HAILO_STREAM_ABORT(63) (device: 0001:01:00.0)
[2026-08-28 16:19:44.665] [6625] [HailoRT] [info] [edge_elements.cpp:396] [run_pull] Reading from stream was aborted!
[2026-08-28 16:19:44.665] [6627] [HailoRT] [info] [queue_elements.cpp:738] [run_in_thread] run_pull of queue element PullQEl_nms7best/conv62_97 was aborted!
[2026-08-28 16:19:44.665] [6625] [HailoRT] [info] [queue_elements.cpp:738] [run_in_thread] run_pull of queue element PullQEl_nms4best/conv52_97 was aborted!
[2026-08-28 16:19:44.665] [6624] [HailoRT] [info] [vdevice_native_stream.cpp:331] [read_impl] Failed read from stream HAILO_STREAM_ABORT(63) (device: 0001:01:00.0)
[2026-08-28 16:19:44.665] [6624] [HailoRT] [info] [edge_elements.cpp:396] [run_pull] Reading from stream was aborted!
[2026-08-28 16:19:44.665] [6626] [HailoRT] [info] [vdevice_native_stream.cpp:331] [read_impl] Failed read from stream HAILO_STREAM_ABORT(63) (device: 0001:01:00.0)
[2026-08-28 16:19:44.665] [6626] [HailoRT] [info] [edge_elements.cpp:396] [run_pull] Reading from stream was aborted!
[2026-08-28 16:19:44.665] [6624] [HailoRT] [info] [queue_elements.cpp:738] [run_in_thread] run_pull of queue element PullQEl_nms0best/conv42_97 was aborted!
[2026-08-28 16:19:44.665] [6626] [HailoRT] [info] [queue_elements.cpp:738] [run_in_thread] run_pull of queue element PullQEl_nms2best/conv53_97 was aborted!
[2026-08-28 16:19:44.665] [6628] [HailoRT] [info] [vdevice_native_stream.cpp:331] [read_impl] Failed read from stream HAILO_STREAM_ABORT(63) (device: 0001:01:00.0)
[2026-08-28 16:19:44.665] [6628] [HailoRT] [info] [edge_elements.cpp:396] [run_pull] Reading from stream was aborted!
[2026-08-28 16:19:44.665] [6628] [HailoRT] [info] [queue_elements.cpp:738] [run_in_thread] run_pull of queue element PullQEl_nms6best/conv63_97 was aborted!
[2026-08-28 16:19:44.665] [6623] [HailoRT] [info] [edge_elements.cpp:396] [run_pull] Reading from stream was aborted!
[2026-08-28 16:19:44.665] [6623] [HailoRT] [info] [queue_elements.cpp:738] [run_in_thread] run_pull of queue element PullQEl_nms1best/conv41_97 was aborted!
[2026-08-28 16:19:44.665] [6629] [HailoRT] [info] [queue_elements.cpp:68] [operator()] Thread in element UserBufQEl_post_infer0best/yolov8_nms_postprocess is not running anymore, exiting..
[2026-08-28 16:19:44.665] [4623] [HailoRT] [info] [queue_elements.cpp:46] [~BaseQueueElement] Queue element UserBufQEl_post_infer0best/yolov8_nms_postprocess has 0 frames in his Queue on destruction
[2026-08-28 16:19:44.665] [6628] [HailoRT] [info] [queue_elements.cpp:68] [operator()] Thread in element PullQEl_nms6best/conv63_97 is not running anymore, exiting..
[2026-08-28 16:19:44.665] [4623] [HailoRT] [info] [queue_elements.cpp:46] [~BaseQueueElement] Queue element PullQEl_nms6best/conv63_97 has 0 frames in his Queue on destruction
[2026-08-28 16:19:44.666] [6627] [HailoRT] [info] [queue_elements.cpp:68] [operator()] Thread in element PullQEl_nms7best/conv62_97 is not running anymore, exiting..
[2026-08-28 16:19:44.666] [4623] [HailoRT] [info] [queue_elements.cpp:46] [~BaseQueueElement] Queue element PullQEl_nms7best/conv62_97 has 0 frames in his Queue on destruction
[2026-08-28 16:19:44.666] [6626] [HailoRT] [info] [queue_elements.cpp:68] [operator()] Thread in element PullQEl_nms2best/conv53_97 is not running anymore, exiting..
[2026-08-28 16:19:44.666] [4623] [HailoRT] [info] [queue_elements.cpp:46] [~BaseQueueElement] Queue element PullQEl_nms2best/conv53_97 has 0 frames in his Queue on destruction
[2026-08-28 16:19:44.666] [6625] [HailoRT] [info] [queue_elements.cpp:68] [operator()] Thread in element PullQEl_nms4best/conv52_97 is not running anymore, exiting..
[2026-08-28 16:19:44.666] [4623] [HailoRT] [info] [queue_elements.cpp:46] [~BaseQueueElement] Queue element PullQEl_nms4best/conv52_97 has 0 frames in his Queue on destruction
[2026-08-28 16:19:44.666] [6624] [HailoRT] [info] [queue_elements.cpp:68] [operator()] Thread in element PullQEl_nms0best/conv42_97 is not running anymore, exiting..
[2026-08-28 16:19:44.666] [4623] [HailoRT] [info] [queue_elements.cpp:46] [~BaseQueueElement] Queue element PullQEl_nms0best/conv42_97 has 0 frames in his Queue on destruction
[2026-08-28 16:19:44.666] [6623] [HailoRT] [info] [queue_elements.cpp:68] [operator()] Thread in element PullQEl_nms1best/conv41_97 is not running anymore, exiting..
[2026-08-28 16:19:44.666] [4623] [HailoRT] [info] [queue_elements.cpp:46] [~BaseQueueElement] Queue element PullQEl_nms1best/conv41_97 has 0 frames in his Queue on destruction
[2026-08-28 16:19:44.666] [6622] [HailoRT] [info] [queue_elements.cpp:68] [operator()] Thread in element PushQEl3best/input_layer1 is not running anymore, exiting..
[2026-08-28 16:19:44.666] [4623] [HailoRT] [info] [queue_elements.cpp:46] [~BaseQueueElement] Queue element PushQEl3best/input_layer1 has 0 frames in his Queue on destruction
[2026-08-28 16:19:44.667] [4623] [HailoRT] [info] [core_op.cpp:186] [deactivate] Deactivating took 0.416466 ms
[2026-08-28 16:19:44.667] [4623] [HailoRT] [info] [core_op.cpp:186] [deactivate] Deactivating took 0.425874 ms
[2026-08-28 16:19:44.688] [4623] [HailoRT] [info] [core_op.cpp:156] [activate] Activating best took 0.446502 milliseconds. Note that the function is asynchronous and thus the network is not fully activated yet.
[2026-08-28 16:19:44.688] [4623] [HailoRT] [info] [core_op.cpp:156] [activate] Activating best took 0.490538 milliseconds. Note that the function is asynchronous and thus the network is not fully activated yet.
[2026-08-28 16:19:44.688] [4623] [HailoRT] [info] [edge_elements.cpp:52] [create] Created (HwWriteEl3best/input_layer1 | hw_frame_size: 1228800)
[2026-08-28 16:19:44.688] [4623] [HailoRT] [info] [queue_elements.cpp:284] [create] Created (PushQEl3best/input_layer1 | timeout: 10s)
[2026-08-28 16:19:44.688] [4623] [HailoRT] [info] [filter_elements.cpp:101] [create] Created (PreInferEl3best/input_layer1 | Reorder - src_order: NHWC, src_shape: (640, 640, 3), dst_order: NHCW, dst_shape: (640, 640, 3))
[2026-08-28 16:19:44.688] [4623] [HailoRT] [info] [vstream.cpp:754] [InputVStreamImpl] Creating best/input_layer1...
[2026-08-28 16:19:44.688] [4623] [HailoRT] [info] [vstream_builder.cpp:102] [create_inputs] Input pipeline 'best/input_layer1': (PreInferEl3best/input_layer1 | Reorder - src_order: NHWC, src_shape: (640, 640, 3), dst_order: NHCW, dst_shape: (640, 640, 3)) >> (PushQEl3best/input_layer1 | timeout: 10s) >> (HwWriteEl3best/input_layer1 | hw_frame_size: 1228800) >> HW
[2026-08-28 16:19:44.688] [4623] [HailoRT] [info] [multi_io_elements.cpp:135] [create] Created (NmsPPMuxEl0YOLOV8-Post-Process | Op YOLOV8, Name: YOLOV8-Post-Process, Score threshold: 0.250, IoU threshold: 0.70, Classes: 1, Cross classes: false, NMS results order: BY_CLASS, Max bboxes per class: 100, Image height: 640, Image width: 640)
[2026-08-28 16:19:44.688] [4623] [HailoRT] [info] [edge_elements.cpp:287] [create] Created (HwReadEl1best/conv41_97 | hw_frame_size: 409600)
[2026-08-28 16:19:44.688] [4623] [HailoRT] [info] [queue_elements.cpp:657] [create] Created (PullQEl_nms1best/conv41_97 | timeout: 10s)
[2026-08-28 16:19:44.688] [4623] [HailoRT] [info] [edge_elements.cpp:287] [create] Created (HwReadEl0best/conv42_97 | hw_frame_size: 6400)
[2026-08-28 16:19:44.688] [4623] [HailoRT] [info] [queue_elements.cpp:657] [create] Created (PullQEl_nms0best/conv42_97 | timeout: 10s)
[2026-08-28 16:19:44.688] [4623] [HailoRT] [info] [edge_elements.cpp:287] [create] Created (HwReadEl4best/conv52_97 | hw_frame_size: 102400)
[2026-08-28 16:19:44.688] [4623] [HailoRT] [info] [queue_elements.cpp:657] [create] Created (PullQEl_nms4best/conv52_97 | timeout: 10s)
[2026-08-28 16:19:44.688] [4623] [HailoRT] [info] [edge_elements.cpp:287] [create] Created (HwReadEl2best/conv53_97 | hw_frame_size: 1600)
[2026-08-28 16:19:44.688] [4623] [HailoRT] [info] [queue_elements.cpp:657] [create] Created (PullQEl_nms2best/conv53_97 | timeout: 10s)
[2026-08-28 16:19:44.688] [4623] [HailoRT] [info] [edge_elements.cpp:287] [create] Created (HwReadEl7best/conv62_97 | hw_frame_size: 30720)
[2026-08-28 16:19:44.688] [4623] [HailoRT] [info] [queue_elements.cpp:657] [create] Created (PullQEl_nms7best/conv62_97 | timeout: 10s)
[2026-08-28 16:19:44.688] [4623] [HailoRT] [info] [edge_elements.cpp:287] [create] Created (HwReadEl6best/conv63_97 | hw_frame_size: 480)
[2026-08-28 16:19:44.688] [4623] [HailoRT] [info] [queue_elements.cpp:657] [create] Created (PullQEl_nms6best/conv63_97 | timeout: 10s)
[2026-08-28 16:19:44.688] [4623] [HailoRT] [info] [queue_elements.cpp:800] [create] Created (UserBufQEl_post_infer0best/yolov8_nms_postprocess | timeout: 10s)
[2026-08-28 16:19:44.688] [4623] [HailoRT] [info] [vstream.cpp:1114] [OutputVStreamImpl] Creating best/yolov8_nms_postprocess...
[2026-08-28 16:19:44.688] [4623] [HailoRT] [info] [vstream_builder.cpp:622] [create_output_post_process_nms] Output pipeline 'best/yolov8_nms_postprocess': HW >> (HwReadEl1best/conv41_97 | hw_frame_size: 409600) >> (PullQEl_nms1best/conv41_97) >> (HwReadEl0best/conv42_97 | hw_frame_size: 6400) >> (PullQEl_nms0best/conv42_97) >> (HwReadEl4best/conv52_97 | hw_frame_size: 102400) >> (PullQEl_nms4best/conv52_97) >> (HwReadEl2best/conv53_97 | hw_frame_size: 1600) >> (PullQEl_nms2best/conv53_97) >> (HwReadEl7best/conv62_97 | hw_frame_size: 30720) >> (PullQEl_nms7best/conv62_97) >> (HwReadEl6best/conv63_97 | hw_frame_size: 480) >> (PullQEl_nms6best/conv63_97) >> (NmsPPMuxEl0YOLOV8-Post-Process | Op YOLOV8, Name: YOLOV8-Post-Process, Score threshold: 0.250, IoU threshold: 0.70, Classes: 1, Cross classes: false, NMS results order: BY_CLASS, Max bboxes per class: 100, Image height: 640, Image width: 640) >> (UserBufQEl_post_infer0best/yolov8_nms_postprocess | timeout: 10s)
[2026-08-28 16:19:44.700] [6634] [HailoRT] [info] [vdevice_native_stream.cpp:331] [read_impl] Failed read from stream HAILO_STREAM_ABORT(63) (device: 0001:01:00.0)
[2026-08-28 16:19:44.700] [6636] [HailoRT] [info] [vdevice_native_stream.cpp:331] [read_impl] Failed read from stream HAILO_STREAM_ABORT(63) (device: 0001:01:00.0)
[2026-08-28 16:19:44.700] [6634] [HailoRT] [info] [edge_elements.cpp:396] [run_pull] Reading from stream was aborted!
[2026-08-28 16:19:44.700] [6636] [HailoRT] [info] [edge_elements.cpp:396] [run_pull] Reading from stream was aborted!
[2026-08-28 16:19:44.700] [6635] [HailoRT] [info] [vdevice_native_stream.cpp:331] [read_impl] Failed read from stream HAILO_STREAM_ABORT(63) (device: 0001:01:00.0)
[2026-08-28 16:19:44.700] [6634] [HailoRT] [info] [queue_elements.cpp:738] [run_in_thread] run_pull of queue element PullQEl_nms0best/conv42_97 was aborted!
[2026-08-28 16:19:44.700] [6636] [HailoRT] [info] [queue_elements.cpp:738] [run_in_thread] run_pull of queue element PullQEl_nms2best/conv53_97 was aborted!
[2026-08-28 16:19:44.700] [6635] [HailoRT] [info] [edge_elements.cpp:396] [run_pull] Reading from stream was aborted!
[2026-08-28 16:19:44.700] [6633] [HailoRT] [info] [vdevice_native_stream.cpp:331] [read_impl] Failed read from stream HAILO_STREAM_ABORT(63) (device: 0001:01:00.0)
[2026-08-28 16:19:44.700] [6633] [HailoRT] [info] [edge_elements.cpp:396] [run_pull] Reading from stream was aborted!
[2026-08-28 16:19:44.700] [6635] [HailoRT] [info] [queue_elements.cpp:738] [run_in_thread] run_pull of queue element PullQEl_nms4best/conv52_97 was aborted!
[2026-08-28 16:19:44.700] [6637] [HailoRT] [info] [vdevice_native_stream.cpp:331] [read_impl] Failed read from stream HAILO_STREAM_ABORT(63) (device: 0001:01:00.0)
[2026-08-28 16:19:44.700] [6638] [HailoRT] [info] [vdevice_native_stream.cpp:331] [read_impl] Failed read from stream HAILO_STREAM_ABORT(63) (device: 0001:01:00.0)
[2026-08-28 16:19:44.700] [6633] [HailoRT] [info] [queue_elements.cpp:738] [run_in_thread] run_pull of queue element PullQEl_nms1best/conv41_97 was aborted!
[2026-08-28 16:19:44.700] [6638] [HailoRT] [info] [edge_elements.cpp:396] [run_pull] Reading from stream was aborted!
[2026-08-28 16:19:44.700] [6638] [HailoRT] [info] [queue_elements.cpp:738] [run_in_thread] run_pull of queue element PullQEl_nms6best/conv63_97 was aborted!
[2026-08-28 16:19:44.700] [6637] [HailoRT] [info] [edge_elements.cpp:396] [run_pull] Reading from stream was aborted!
[2026-08-28 16:19:44.700] [6637] [HailoRT] [info] [queue_elements.cpp:738] [run_in_thread] run_pull of queue element PullQEl_nms7best/conv62_97 was aborted!
[2026-08-28 16:19:44.700] [6639] [HailoRT] [info] [queue_elements.cpp:68] [operator()] Thread in element UserBufQEl_post_infer0best/yolov8_nms_postprocess is not running anymore, exiting..
[2026-08-28 16:19:44.700] [4623] [HailoRT] [info] [queue_elements.cpp:46] [~BaseQueueElement] Queue element UserBufQEl_post_infer0best/yolov8_nms_postprocess has 0 frames in his Queue on destruction
[2026-08-28 16:19:44.700] [6638] [HailoRT] [info] [queue_elements.cpp:68] [operator()] Thread in element PullQEl_nms6best/conv63_97 is not running anymore, exiting..
[2026-08-28 16:19:44.700] [4623] [HailoRT] [info] [queue_elements.cpp:46] [~BaseQueueElement] Queue element PullQEl_nms6best/conv63_97 has 0 frames in his Queue on destruction
[2026-08-28 16:19:44.700] [6637] [HailoRT] [info] [queue_elements.cpp:68] [operator()] Thread in element PullQEl_nms7best/conv62_97 is not running anymore, exiting..
[2026-08-28 16:19:44.700] [4623] [HailoRT] [info] [queue_elements.cpp:46] [~BaseQueueElement] Queue element PullQEl_nms7best/conv62_97 has 0 frames in his Queue on destruction
[2026-08-28 16:19:44.700] [6636] [HailoRT] [info] [queue_elements.cpp:68] [operator()] Thread in element PullQEl_nms2best/conv53_97 is not running anymore, exiting..
[2026-08-28 16:19:44.700] [4623] [HailoRT] [info] [queue_elements.cpp:46] [~BaseQueueElement] Queue element PullQEl_nms2best/conv53_97 has 0 frames in his Queue on destruction
[2026-08-28 16:19:44.700] [6635] [HailoRT] [info] [queue_elements.cpp:68] [operator()] Thread in element PullQEl_nms4best/conv52_97 is not running anymore, exiting..
[2026-08-28 16:19:44.700] [4623] [HailoRT] [info] [queue_elements.cpp:46] [~BaseQueueElement] Queue element PullQEl_nms4best/conv52_97 has 0 frames in his Queue on destruction
[2026-08-28 16:19:44.700] [6634] [HailoRT] [info] [queue_elements.cpp:68] [operator()] Thread in element PullQEl_nms0best/conv42_97 is not running anymore, exiting..
[2026-08-28 16:19:44.700] [4623] [HailoRT] [info] [queue_elements.cpp:46] [~BaseQueueElement] Queue element PullQEl_nms0best/conv42_97 has 0 frames in his Queue on destruction
[2026-08-28 16:19:44.700] [6633] [HailoRT] [info] [queue_elements.cpp:68] [operator()] Thread in element PullQEl_nms1best/conv41_97 is not running anymore, exiting..
[2026-08-28 16:19:44.700] [4623] [HailoRT] [info] [queue_elements.cpp:46] [~BaseQueueElement] Queue element PullQEl_nms1best/conv41_97 has 0 frames in his Queue on destruction
[2026-08-28 16:19:44.700] [6632] [HailoRT] [info] [queue_elements.cpp:68] [operator()] Thread in element PushQEl3best/input_layer1 is not running anymore, exiting..
[2026-08-28 16:19:44.700] [4623] [HailoRT] [info] [queue_elements.cpp:46] [~BaseQueueElement] Queue element PushQEl3best/input_layer1 has 0 frames in his Queue on destruction
[2026-08-28 16:19:44.701] [4623] [HailoRT] [info] [core_op.cpp:186] [deactivate] Deactivating took 0.409152 ms
[2026-08-28 16:19:44.701] [4623] [HailoRT] [info] [core_op.cpp:186] [deactivate] Deactivating took 0.418318 ms
[2026-08-28 16:19:44.722] [4623] [HailoRT] [info] [core_op.cpp:156] [activate] Activating best took 0.450002 milliseconds. Note that the function is asynchronous and thus the network is not fully activated yet.
[2026-08-28 16:19:44.722] [4623] [HailoRT] [info] [core_op.cpp:156] [activate] Activating best took 0.469724 milliseconds. Note that the function is asynchronous and thus the network is not fully activated yet.
[2026-08-28 16:19:44.722] [4623] [HailoRT] [info] [edge_elements.cpp:52] [create] Created (HwWriteEl3best/input_layer1 | hw_frame_size: 1228800)
[2026-08-28 16:19:44.722] [4623] [HailoRT] [info] [queue_elements.cpp:284] [create] Created (PushQEl3best/input_layer1 | timeout: 10s)
[2026-08-28 16:19:44.722] [4623] [HailoRT] [info] [filter_elements.cpp:101] [create] Created (PreInferEl3best/input_layer1 | Reorder - src_order: NHWC, src_shape: (640, 640, 3), dst_order: NHCW, dst_shape: (640, 640, 3))
[2026-08-28 16:19:44.722] [4623] [HailoRT] [info] [vstream.cpp:754] [InputVStreamImpl] Creating best/input_layer1...
[2026-08-28 16:19:44.722] [4623] [HailoRT] [info] [vstream_builder.cpp:102] [create_inputs] Input pipeline 'best/input_layer1': (PreInferEl3best/input_layer1 | Reorder - src_order: NHWC, src_shape: (640, 640, 3), dst_order: NHCW, dst_shape: (640, 640, 3)) >> (PushQEl3best/input_layer1 | timeout: 10s) >> (HwWriteEl3best/input_layer1 | hw_frame_size: 1228800) >> HW
[2026-08-28 16:19:44.722] [4623] [HailoRT] [info] [multi_io_elements.cpp:135] [create] Created (NmsPPMuxEl0YOLOV8-Post-Process | Op YOLOV8, Name: YOLOV8-Post-Process, Score threshold: 0.250, IoU threshold: 0.70, Classes: 1, Cross classes: false, NMS results order: BY_CLASS, Max bboxes per class: 100, Image height: 640, Image width: 640)
[2026-08-28 16:19:44.722] [4623] [HailoRT] [info] [edge_elements.cpp:287] [create] Created (HwReadEl1best/conv41_97 | hw_frame_size: 409600)
[2026-08-28 16:19:44.722] [4623] [HailoRT] [info] [queue_elements.cpp:657] [create] Created (PullQEl_nms1best/conv41_97 | timeout: 10s)
[2026-08-28 16:19:44.722] [4623] [HailoRT] [info] [edge_elements.cpp:287] [create] Created (HwReadEl0best/conv42_97 | hw_frame_size: 6400)
[2026-08-28 16:19:44.722] [4623] [HailoRT] [info] [queue_elements.cpp:657] [create] Created (PullQEl_nms0best/conv42_97 | timeout: 10s)
[2026-08-28 16:19:44.722] [4623] [HailoRT] [info] [edge_elements.cpp:287] [create] Created (HwReadEl4best/conv52_97 | hw_frame_size: 102400)
[2026-08-28 16:19:44.722] [4623] [HailoRT] [info] [queue_elements.cpp:657] [create] Created (PullQEl_nms4best/conv52_97 | timeout: 10s)
[2026-08-28 16:19:44.722] [4623] [HailoRT] [info] [edge_elements.cpp:287] [create] Created (HwReadEl2best/conv53_97 | hw_frame_size: 1600)
[2026-08-28 16:19:44.722] [4623] [HailoRT] [info] [queue_elements.cpp:657] [create] Created (PullQEl_nms2best/conv53_97 | timeout: 10s)
[2026-08-28 16:19:44.722] [4623] [HailoRT] [info] [edge_elements.cpp:287] [create] Created (HwReadEl7best/conv62_97 | hw_frame_size: 30720)
[2026-08-28 16:19:44.722] [4623] [HailoRT] [info] [queue_elements.cpp:657] [create] Created (PullQEl_nms7best/conv62_97 | timeout: 10s)
[2026-08-28 16:19:44.722] [4623] [HailoRT] [info] [edge_elements.cpp:287] [create] Created (HwReadEl6best/conv63_97 | hw_frame_size: 480)
[2026-08-28 16:19:44.722] [4623] [HailoRT] [info] [queue_elements.cpp:657] [create] Created (PullQEl_nms6best/conv63_97 | timeout: 10s)
[2026-08-28 16:19:44.722] [4623] [HailoRT] [info] [queue_elements.cpp:800] [create] Created (UserBufQEl_post_infer0best/yolov8_nms_postprocess | timeout: 10s)
[2026-08-28 16:19:44.722] [4623] [HailoRT] [info] [vstream.cpp:1114] [OutputVStreamImpl] Creating best/yolov8_nms_postprocess...
[2026-08-28 16:19:44.722] [4623] [HailoRT] [info] [vstream_builder.cpp:622] [create_output_post_process_nms] Output pipeline 'best/yolov8_nms_postprocess': HW >> (HwReadEl1best/conv41_97 | hw_frame_size: 409600) >> (PullQEl_nms1best/conv41_97) >> (HwReadEl0best/conv42_97 | hw_frame_size: 6400) >> (PullQEl_nms0best/conv42_97) >> (HwReadEl4best/conv52_97 | hw_frame_size: 102400) >> (PullQEl_nms4best/conv52_97) >> (HwReadEl2best/conv53_97 | hw_frame_size: 1600) >> (PullQEl_nms2best/conv53_97) >> (HwReadEl7best/conv62_97 | hw_frame_size: 30720) >> (PullQEl_nms7best/conv62_97) >> (HwReadEl6best/conv63_97 | hw_frame_size: 480) >> (PullQEl_nms6best/conv63_97) >> (NmsPPMuxEl0YOLOV8-Post-Process | Op YOLOV8, Name: YOLOV8-Post-Process, Score threshold: 0.250, IoU threshold: 0.70, Classes: 1, Cross classes: false, NMS results order: BY_CLASS, Max bboxes per class: 100, Image height: 640, Image width: 640) >> (UserBufQEl_post_infer0best/yolov8_nms_postprocess | timeout: 10s)
[2026-08-28 16:19:44.733] [6643] [HailoRT] [info] [vdevice_native_stream.cpp:331] [read_impl] Failed read from stream HAILO_STREAM_ABORT(63) (device: 0001:01:00.0)
[2026-08-28 16:19:44.733] [6644] [HailoRT] [info] [vdevice_native_stream.cpp:331] [read_impl] Failed read from stream HAILO_STREAM_ABORT(63) (device: 0001:01:00.0)
[2026-08-28 16:19:44.733] [6643] [HailoRT] [info] [edge_elements.cpp:396] [run_pull] Reading from stream was aborted!
[2026-08-28 16:19:44.733] [6648] [HailoRT] [info] [vdevice_native_stream.cpp:331] [read_impl] Failed read from stream HAILO_STREAM_ABORT(63) (device: 0001:01:00.0)
[2026-08-28 16:19:44.733] [6647] [HailoRT] [info] [vdevice_native_stream.cpp:331] [read_impl] Failed read from stream HAILO_STREAM_ABORT(63) (device: 0001:01:00.0)
[2026-08-28 16:19:44.733] [6645] [HailoRT] [info] [vdevice_native_stream.cpp:331] [read_impl] Failed read from stream HAILO_STREAM_ABORT(63) (device: 0001:01:00.0)
[2026-08-28 16:19:44.733] [6647] [HailoRT] [info] [edge_elements.cpp:396] [run_pull] Reading from stream was aborted!
[2026-08-28 16:19:44.733] [6643] [HailoRT] [info] [queue_elements.cpp:738] [run_in_thread] run_pull of queue element PullQEl_nms1best/conv41_97 was aborted!
[2026-08-28 16:19:44.733] [6647] [HailoRT] [info] [queue_elements.cpp:738] [run_in_thread] run_pull of queue element PullQEl_nms7best/conv62_97 was aborted!
[2026-08-28 16:19:44.733] [6648] [HailoRT] [info] [edge_elements.cpp:396] [run_pull] Reading from stream was aborted!
[2026-08-28 16:19:44.733] [6646] [HailoRT] [info] [vdevice_native_stream.cpp:331] [read_impl] Failed read from stream HAILO_STREAM_ABORT(63) (device: 0001:01:00.0)
[2026-08-28 16:19:44.733] [6648] [HailoRT] [info] [queue_elements.cpp:738] [run_in_thread] run_pull of queue element PullQEl_nms6best/conv63_97 was aborted!
[2026-08-28 16:19:44.733] [6644] [HailoRT] [info] [edge_elements.cpp:396] [run_pull] Reading from stream was aborted!
[2026-08-28 16:19:44.733] [6646] [HailoRT] [info] [edge_elements.cpp:396] [run_pull] Reading from stream was aborted!
[2026-08-28 16:19:44.733] [6644] [HailoRT] [info] [queue_elements.cpp:738] [run_in_thread] run_pull of queue element PullQEl_nms0best/conv42_97 was aborted!
[2026-08-28 16:19:44.733] [6646] [HailoRT] [info] [queue_elements.cpp:738] [run_in_thread] run_pull of queue element PullQEl_nms2best/conv53_97 was aborted!
[2026-08-28 16:19:44.733] [6645] [HailoRT] [info] [edge_elements.cpp:396] [run_pull] Reading from stream was aborted!
[2026-08-28 16:19:44.733] [6645] [HailoRT] [info] [queue_elements.cpp:738] [run_in_thread] run_pull of queue element PullQEl_nms4best/conv52_97 was aborted!
[2026-08-28 16:19:44.733] [6649] [HailoRT] [info] [queue_elements.cpp:68] [operator()] Thread in element UserBufQEl_post_infer0best/yolov8_nms_postprocess is not running anymore, exiting..
[2026-08-28 16:19:44.733] [4623] [HailoRT] [info] [queue_elements.cpp:46] [~BaseQueueElement] Queue element UserBufQEl_post_infer0best/yolov8_nms_postprocess has 0 frames in his Queue on destruction
[2026-08-28 16:19:44.733] [6648] [HailoRT] [info] [queue_elements.cpp:68] [operator()] Thread in element PullQEl_nms6best/conv63_97 is not running anymore, exiting..
[2026-08-28 16:19:44.733] [4623] [HailoRT] [info] [queue_elements.cpp:46] [~BaseQueueElement] Queue element PullQEl_nms6best/conv63_97 has 0 frames in his Queue on destruction
[2026-08-28 16:19:44.733] [6647] [HailoRT] [info] [queue_elements.cpp:68] [operator()] Thread in element PullQEl_nms7best/conv62_97 is not running anymore, exiting..
[2026-08-28 16:19:44.733] [4623] [HailoRT] [info] [queue_elements.cpp:46] [~BaseQueueElement] Queue element PullQEl_nms7best/conv62_97 has 0 frames in his Queue on destruction
[2026-08-28 16:19:44.733] [6646] [HailoRT] [info] [queue_elements.cpp:68] [operator()] Thread in element PullQEl_nms2best/conv53_97 is not running anymore, exiting..
[2026-08-28 16:19:44.733] [4623] [HailoRT] [info] [queue_elements.cpp:46] [~BaseQueueElement] Queue element PullQEl_nms2best/conv53_97 has 0 frames in his Queue on destruction
[2026-08-28 16:19:44.733] [6645] [HailoRT] [info] [queue_elements.cpp:68] [operator()] Thread in element PullQEl_nms4best/conv52_97 is not running anymore, exiting..
[2026-08-28 16:19:44.733] [4623] [HailoRT] [info] [queue_elements.cpp:46] [~BaseQueueElement] Queue element PullQEl_nms4best/conv52_97 has 0 frames in his Queue on destruction
[2026-08-28 16:19:44.733] [6644] [HailoRT] [info] [queue_elements.cpp:68] [operator()] Thread in element PullQEl_nms0best/conv42_97 is not running anymore, exiting..
[2026-08-28 16:19:44.733] [4623] [HailoRT] [info] [queue_elements.cpp:46] [~BaseQueueElement] Queue element PullQEl_nms0best/conv42_97 has 0 frames in his Queue on destruction
[2026-08-28 16:19:44.734] [6643] [HailoRT] [info] [queue_elements.cpp:68] [operator()] Thread in element PullQEl_nms1best/conv41_97 is not running anymore, exiting..
[2026-08-28 16:19:44.734] [4623] [HailoRT] [info] [queue_elements.cpp:46] [~BaseQueueElement] Queue element PullQEl_nms1best/conv41_97 has 0 frames in his Queue on destruction
[2026-08-28 16:19:44.734] [6642] [HailoRT] [info] [queue_elements.cpp:68] [operator()] Thread in element PushQEl3best/input_layer1 is not running anymore, exiting..
[2026-08-28 16:19:44.734] [4623] [HailoRT] [info] [queue_elements.cpp:46] [~BaseQueueElement] Queue element PushQEl3best/input_layer1 has 0 frames in his Queue on destruction
[2026-08-28 16:19:44.734] [4623] [HailoRT] [info] [core_op.cpp:186] [deactivate] Deactivating took 0.409504 ms
[2026-08-28 16:19:44.734] [4623] [HailoRT] [info] [core_op.cpp:186] [deactivate] Deactivating took 0.418929 ms
[2026-08-28 16:21:10.382] [4623] [HailoRT] [info] [core_op.cpp:156] [activate] Activating best took 0.490203 milliseconds. Note that the function is asynchronous and thus the network is not fully activated yet.
[2026-08-28 16:21:10.382] [4623] [HailoRT] [info] [core_op.cpp:156] [activate] Activating best took 0.523332 milliseconds. Note that the function is asynchronous and thus the network is not fully activated yet.
[2026-08-28 16:21:10.382] [4623] [HailoRT] [info] [edge_elements.cpp:52] [create] Created (HwWriteEl3best/input_layer1 | hw_frame_size: 1228800)
[2026-08-28 16:21:10.382] [4623] [HailoRT] [info] [queue_elements.cpp:284] [create] Created (PushQEl3best/input_layer1 | timeout: 10s)
[2026-08-28 16:21:10.382] [4623] [HailoRT] [info] [filter_elements.cpp:101] [create] Created (PreInferEl3best/input_layer1 | Reorder - src_order: NHWC, src_shape: (640, 640, 3), dst_order: NHCW, dst_shape: (640, 640, 3))
[2026-08-28 16:21:10.382] [4623] [HailoRT] [info] [vstream.cpp:754] [InputVStreamImpl] Creating best/input_layer1...
[2026-08-28 16:21:10.382] [4623] [HailoRT] [info] [vstream_builder.cpp:102] [create_inputs] Input pipeline 'best/input_layer1': (PreInferEl3best/input_layer1 | Reorder - src_order: NHWC, src_shape: (640, 640, 3), dst_order: NHCW, dst_shape: (640, 640, 3)) >> (PushQEl3best/input_layer1 | timeout: 10s) >> (HwWriteEl3best/input_layer1 | hw_frame_size: 1228800) >> HW
[2026-08-28 16:21:10.382] [4623] [HailoRT] [info] [multi_io_elements.cpp:135] [create] Created (NmsPPMuxEl0YOLOV8-Post-Process | Op YOLOV8, Name: YOLOV8-Post-Process, Score threshold: 0.250, IoU threshold: 0.70, Classes: 1, Cross classes: false, NMS results order: BY_CLASS, Max bboxes per class: 100, Image height: 640, Image width: 640)
[2026-08-28 16:21:10.382] [4623] [HailoRT] [info] [edge_elements.cpp:287] [create] Created (HwReadEl1best/conv41_97 | hw_frame_size: 409600)
[2026-08-28 16:21:10.383] [4623] [HailoRT] [info] [queue_elements.cpp:657] [create] Created (PullQEl_nms1best/conv41_97 | timeout: 10s)
[2026-08-28 16:21:10.383] [4623] [HailoRT] [info] [edge_elements.cpp:287] [create] Created (HwReadEl0best/conv42_97 | hw_frame_size: 6400)
[2026-08-28 16:21:10.383] [4623] [HailoRT] [info] [queue_elements.cpp:657] [create] Created (PullQEl_nms0best/conv42_97 | timeout: 10s)
[2026-08-28 16:21:10.383] [4623] [HailoRT] [info] [edge_elements.cpp:287] [create] Created (HwReadEl4best/conv52_97 | hw_frame_size: 102400)
[2026-08-28 16:21:10.383] [4623] [HailoRT] [info] [queue_elements.cpp:657] [create] Created (PullQEl_nms4best/conv52_97 | timeout: 10s)
[2026-08-28 16:21:10.383] [4623] [HailoRT] [info] [edge_elements.cpp:287] [create] Created (HwReadEl2best/conv53_97 | hw_frame_size: 1600)
[2026-08-28 16:21:10.383] [4623] [HailoRT] [info] [queue_elements.cpp:657] [create] Created (PullQEl_nms2best/conv53_97 | timeout: 10s)
[2026-08-28 16:21:10.383] [4623] [HailoRT] [info] [edge_elements.cpp:287] [create] Created (HwReadEl7best/conv62_97 | hw_frame_size: 30720)
[2026-08-28 16:21:10.383] [4623] [HailoRT] [info] [queue_elements.cpp:657] [create] Created (PullQEl_nms7best/conv62_97 | timeout: 10s)
[2026-08-28 16:21:10.383] [4623] [HailoRT] [info] [edge_elements.cpp:287] [create] Created (HwReadEl6best/conv63_97 | hw_frame_size: 480)
[2026-08-28 16:21:10.383] [4623] [HailoRT] [info] [queue_elements.cpp:657] [create] Created (PullQEl_nms6best/conv63_97 | timeout: 10s)
[2026-08-28 16:21:10.383] [4623] [HailoRT] [info] [queue_elements.cpp:800] [create] Created (UserBufQEl_post_infer0best/yolov8_nms_postprocess | timeout: 10s)
[2026-08-28 16:21:10.383] [4623] [HailoRT] [info] [vstream.cpp:1114] [OutputVStreamImpl] Creating best/yolov8_nms_postprocess...
[2026-08-28 16:21:10.383] [4623] [HailoRT] [info] [vstream_builder.cpp:622] [create_output_post_process_nms] Output pipeline 'best/yolov8_nms_postprocess': HW >> (HwReadEl1best/conv41_97 | hw_frame_size: 409600) >> (PullQEl_nms1best/conv41_97) >> (HwReadEl0best/conv42_97 | hw_frame_size: 6400) >> (PullQEl_nms0best/conv42_97) >> (HwReadEl4best/conv52_97 | hw_frame_size: 102400) >> (PullQEl_nms4best/conv52_97) >> (HwReadEl2best/conv53_97 | hw_frame_size: 1600) >> (PullQEl_nms2best/conv53_97) >> (HwReadEl7best/conv62_97 | hw_frame_size: 30720) >> (PullQEl_nms7best/conv62_97) >> (HwReadEl6best/conv63_97 | hw_frame_size: 480) >> (PullQEl_nms6best/conv63_97) >> (NmsPPMuxEl0YOLOV8-Post-Process | Op YOLOV8, Name: YOLOV8-Post-Process, Score threshold: 0.250, IoU threshold: 0.70, Classes: 1, Cross classes: false, NMS results order: BY_CLASS, Max bboxes per class: 100, Image height: 640, Image width: 640) >> (UserBufQEl_post_infer0best/yolov8_nms_postprocess | timeout: 10s)
[2026-08-28 16:21:10.393] [6658] [HailoRT] [info] [vdevice_native_stream.cpp:331] [read_impl] Failed read from stream HAILO_STREAM_ABORT(63) (device: 0001:01:00.0)
[2026-08-28 16:21:10.393] [6661] [HailoRT] [info] [vdevice_native_stream.cpp:331] [read_impl] Failed read from stream HAILO_STREAM_ABORT(63) (device: 0001:01:00.0)
[2026-08-28 16:21:10.393] [6661] [HailoRT] [info] [edge_elements.cpp:396] [run_pull] Reading from stream was aborted!
[2026-08-28 16:21:10.393] [6662] [HailoRT] [info] [vdevice_native_stream.cpp:331] [read_impl] Failed read from stream HAILO_STREAM_ABORT(63) (device: 0001:01:00.0)
[2026-08-28 16:21:10.393] [6662] [HailoRT] [info] [edge_elements.cpp:396] [run_pull] Reading from stream was aborted!
[2026-08-28 16:21:10.393] [6661] [HailoRT] [info] [queue_elements.cpp:738] [run_in_thread] run_pull of queue element PullQEl_nms2best/conv53_97 was aborted!
[2026-08-28 16:21:10.393] [6662] [HailoRT] [info] [queue_elements.cpp:738] [run_in_thread] run_pull of queue element PullQEl_nms7best/conv62_97 was aborted!
[2026-08-28 16:21:10.393] [6660] [HailoRT] [info] [vdevice_native_stream.cpp:331] [read_impl] Failed read from stream HAILO_STREAM_ABORT(63) (device: 0001:01:00.0)
[2026-08-28 16:21:10.393] [6658] [HailoRT] [info] [edge_elements.cpp:396] [run_pull] Reading from stream was aborted!
[2026-08-28 16:21:10.393] [6660] [HailoRT] [info] [edge_elements.cpp:396] [run_pull] Reading from stream was aborted!
[2026-08-28 16:21:10.393] [6663] [HailoRT] [info] [vdevice_native_stream.cpp:331] [read_impl] Failed read from stream HAILO_STREAM_ABORT(63) (device: 0001:01:00.0)
[2026-08-28 16:21:10.393] [6660] [HailoRT] [info] [queue_elements.cpp:738] [run_in_thread] run_pull of queue element PullQEl_nms4best/conv52_97 was aborted!
[2026-08-28 16:21:10.393] [6659] [HailoRT] [info] [vdevice_native_stream.cpp:331] [read_impl] Failed read from stream HAILO_STREAM_ABORT(63) (device: 0001:01:00.0)
[2026-08-28 16:21:10.393] [6659] [HailoRT] [info] [edge_elements.cpp:396] [run_pull] Reading from stream was aborted!
[2026-08-28 16:21:10.393] [6658] [HailoRT] [info] [queue_elements.cpp:738] [run_in_thread] run_pull of queue element PullQEl_nms1best/conv41_97 was aborted!
[2026-08-28 16:21:10.393] [6659] [HailoRT] [info] [queue_elements.cpp:738] [run_in_thread] run_pull of queue element PullQEl_nms0best/conv42_97 was aborted!
[2026-08-28 16:21:10.393] [6663] [HailoRT] [info] [edge_elements.cpp:396] [run_pull] Reading from stream was aborted!
[2026-08-28 16:21:10.393] [6663] [HailoRT] [info] [queue_elements.cpp:738] [run_in_thread] run_pull of queue element PullQEl_nms6best/conv63_97 was aborted!
[2026-08-28 16:21:10.393] [6664] [HailoRT] [info] [queue_elements.cpp:68] [operator()] Thread in element UserBufQEl_post_infer0best/yolov8_nms_postprocess is not running anymore, exiting..
[2026-08-28 16:21:10.393] [4623] [HailoRT] [info] [queue_elements.cpp:46] [~BaseQueueElement] Queue element UserBufQEl_post_infer0best/yolov8_nms_postprocess has 0 frames in his Queue on destruction
[2026-08-28 16:21:10.394] [6663] [HailoRT] [info] [queue_elements.cpp:68] [operator()] Thread in element PullQEl_nms6best/conv63_97 is not running anymore, exiting..
[2026-08-28 16:21:10.394] [4623] [HailoRT] [info] [queue_elements.cpp:46] [~BaseQueueElement] Queue element PullQEl_nms6best/conv63_97 has 0 frames in his Queue on destruction
[2026-08-28 16:21:10.394] [6662] [HailoRT] [info] [queue_elements.cpp:68] [operator()] Thread in element PullQEl_nms7best/conv62_97 is not running anymore, exiting..
[2026-08-28 16:21:10.394] [4623] [HailoRT] [info] [queue_elements.cpp:46] [~BaseQueueElement] Queue element PullQEl_nms7best/conv62_97 has 0 frames in his Queue on destruction
[2026-08-28 16:21:10.394] [6661] [HailoRT] [info] [queue_elements.cpp:68] [operator()] Thread in element PullQEl_nms2best/conv53_97 is not running anymore, exiting..
[2026-08-28 16:21:10.394] [4623] [HailoRT] [info] [queue_elements.cpp:46] [~BaseQueueElement] Queue element PullQEl_nms2best/conv53_97 has 0 frames in his Queue on destruction
[2026-08-28 16:21:10.394] [6660] [HailoRT] [info] [queue_elements.cpp:68] [operator()] Thread in element PullQEl_nms4best/conv52_97 is not running anymore, exiting..
[2026-08-28 16:21:10.394] [4623] [HailoRT] [info] [queue_elements.cpp:46] [~BaseQueueElement] Queue element PullQEl_nms4best/conv52_97 has 0 frames in his Queue on destruction
[2026-08-28 16:21:10.394] [6659] [HailoRT] [info] [queue_elements.cpp:68] [operator()] Thread in element PullQEl_nms0best/conv42_97 is not running anymore, exiting..
[2026-08-28 16:21:10.394] [4623] [HailoRT] [info] [queue_elements.cpp:46] [~BaseQueueElement] Queue element PullQEl_nms0best/conv42_97 has 0 frames in his Queue on destruction
[2026-08-28 16:21:10.394] [6658] [HailoRT] [info] [queue_elements.cpp:68] [operator()] Thread in element PullQEl_nms1best/conv41_97 is not running anymore, exiting..
[2026-08-28 16:21:10.394] [4623] [HailoRT] [info] [queue_elements.cpp:46] [~BaseQueueElement] Queue element PullQEl_nms1best/conv41_97 has 0 frames in his Queue on destruction
[2026-08-28 16:21:10.394] [6657] [HailoRT] [info] [queue_elements.cpp:68] [operator()] Thread in element PushQEl3best/input_layer1 is not running anymore, exiting..
[2026-08-28 16:21:10.394] [4623] [HailoRT] [info] [queue_elements.cpp:46] [~BaseQueueElement] Queue element PushQEl3best/input_layer1 has 0 frames in his Queue on destruction
[2026-08-28 16:21:10.394] [4623] [HailoRT] [info] [core_op.cpp:186] [deactivate] Deactivating took 0.419206 ms
[2026-08-28 16:21:10.394] [4623] [HailoRT] [info] [core_op.cpp:186] [deactivate] Deactivating took 0.430131 ms
[2026-08-28 16:21:10.421] [4623] [HailoRT] [info] [core_op.cpp:156] [activate] Activating best took 0.640568 milliseconds. Note that the function is asynchronous and thus the network is not fully activated yet.
[2026-08-28 16:21:10.421] [4623] [HailoRT] [info] [core_op.cpp:156] [activate] Activating best took 0.672307 milliseconds. Note that the function is asynchronous and thus the network is not fully activated yet.
[2026-08-28 16:21:10.421] [4623] [HailoRT] [info] [edge_elements.cpp:52] [create] Created (HwWriteEl3best/input_layer1 | hw_frame_size: 1228800)
[2026-08-28 16:21:10.421] [4623] [HailoRT] [info] [queue_elements.cpp:284] [create] Created (PushQEl3best/input_layer1 | timeout: 10s)
[2026-08-28 16:21:10.421] [4623] [HailoRT] [info] [filter_elements.cpp:101] [create] Created (PreInferEl3best/input_layer1 | Reorder - src_order: NHWC, src_shape: (640, 640, 3), dst_order: NHCW, dst_shape: (640, 640, 3))
[2026-08-28 16:21:10.421] [4623] [HailoRT] [info] [vstream.cpp:754] [InputVStreamImpl] Creating best/input_layer1...
[2026-08-28 16:21:10.421] [4623] [HailoRT] [info] [vstream_builder.cpp:102] [create_inputs] Input pipeline 'best/input_layer1': (PreInferEl3best/input_layer1 | Reorder - src_order: NHWC, src_shape: (640, 640, 3), dst_order: NHCW, dst_shape: (640, 640, 3)) >> (PushQEl3best/input_layer1 | timeout: 10s) >> (HwWriteEl3best/input_layer1 | hw_frame_size: 1228800) >> HW
[2026-08-28 16:21:10.421] [4623] [HailoRT] [info] [multi_io_elements.cpp:135] [create] Created (NmsPPMuxEl0YOLOV8-Post-Process | Op YOLOV8, Name: YOLOV8-Post-Process, Score threshold: 0.250, IoU threshold: 0.70, Classes: 1, Cross classes: false, NMS results order: BY_CLASS, Max bboxes per class: 100, Image height: 640, Image width: 640)
[2026-08-28 16:21:10.421] [4623] [HailoRT] [info] [edge_elements.cpp:287] [create] Created (HwReadEl1best/conv41_97 | hw_frame_size: 409600)
[2026-08-28 16:21:10.421] [4623] [HailoRT] [info] [queue_elements.cpp:657] [create] Created (PullQEl_nms1best/conv41_97 | timeout: 10s)
[2026-08-28 16:21:10.421] [4623] [HailoRT] [info] [edge_elements.cpp:287] [create] Created (HwReadEl0best/conv42_97 | hw_frame_size: 6400)
[2026-08-28 16:21:10.422] [4623] [HailoRT] [info] [queue_elements.cpp:657] [create] Created (PullQEl_nms0best/conv42_97 | timeout: 10s)
[2026-08-28 16:21:10.422] [4623] [HailoRT] [info] [edge_elements.cpp:287] [create] Created (HwReadEl4best/conv52_97 | hw_frame_size: 102400)
[2026-08-28 16:21:10.422] [4623] [HailoRT] [info] [queue_elements.cpp:657] [create] Created (PullQEl_nms4best/conv52_97 | timeout: 10s)
[2026-08-28 16:21:10.422] [4623] [HailoRT] [info] [edge_elements.cpp:287] [create] Created (HwReadEl2best/conv53_97 | hw_frame_size: 1600)
[2026-08-28 16:21:10.422] [4623] [HailoRT] [info] [queue_elements.cpp:657] [create] Created (PullQEl_nms2best/conv53_97 | timeout: 10s)
[2026-08-28 16:21:10.422] [4623] [HailoRT] [info] [edge_elements.cpp:287] [create] Created (HwReadEl7best/conv62_97 | hw_frame_size: 30720)
[2026-08-28 16:21:10.422] [4623] [HailoRT] [info] [queue_elements.cpp:657] [create] Created (PullQEl_nms7best/conv62_97 | timeout: 10s)
[2026-08-28 16:21:10.422] [4623] [HailoRT] [info] [edge_elements.cpp:287] [create] Created (HwReadEl6best/conv63_97 | hw_frame_size: 480)
[2026-08-28 16:21:10.422] [4623] [HailoRT] [info] [queue_elements.cpp:657] [create] Created (PullQEl_nms6best/conv63_97 | timeout: 10s)
[2026-08-28 16:21:10.422] [4623] [HailoRT] [info] [queue_elements.cpp:800] [create] Created (UserBufQEl_post_infer0best/yolov8_nms_postprocess | timeout: 10s)
[2026-08-28 16:21:10.422] [4623] [HailoRT] [info] [vstream.cpp:1114] [OutputVStreamImpl] Creating best/yolov8_nms_postprocess...
[2026-08-28 16:21:10.422] [4623] [HailoRT] [info] [vstream_builder.cpp:622] [create_output_post_process_nms] Output pipeline 'best/yolov8_nms_postprocess': HW >> (HwReadEl1best/conv41_97 | hw_frame_size: 409600) >> (PullQEl_nms1best/conv41_97) >> (HwReadEl0best/conv42_97 | hw_frame_size: 6400) >> (PullQEl_nms0best/conv42_97) >> (HwReadEl4best/conv52_97 | hw_frame_size: 102400) >> (PullQEl_nms4best/conv52_97) >> (HwReadEl2best/conv53_97 | hw_frame_size: 1600) >> (PullQEl_nms2best/conv53_97) >> (HwReadEl7best/conv62_97 | hw_frame_size: 30720) >> (PullQEl_nms7best/conv62_97) >> (HwReadEl6best/conv63_97 | hw_frame_size: 480) >> (PullQEl_nms6best/conv63_97) >> (NmsPPMuxEl0YOLOV8-Post-Process | Op YOLOV8, Name: YOLOV8-Post-Process, Score threshold: 0.250, IoU threshold: 0.70, Classes: 1, Cross classes: false, NMS results order: BY_CLASS, Max bboxes per class: 100, Image height: 640, Image width: 640) >> (UserBufQEl_post_infer0best/yolov8_nms_postprocess | timeout: 10s)
[2026-08-28 16:21:10.432] [6669] [HailoRT] [info] [vdevice_native_stream.cpp:331] [read_impl] Failed read from stream HAILO_STREAM_ABORT(63) (device: 0001:01:00.0)
[2026-08-28 16:21:10.432] [6670] [HailoRT] [info] [vdevice_native_stream.cpp:331] [read_impl] Failed read from stream HAILO_STREAM_ABORT(63) (device: 0001:01:00.0)
[2026-08-28 16:21:10.432] [6669] [HailoRT] [info] [edge_elements.cpp:396] [run_pull] Reading from stream was aborted!
[2026-08-28 16:21:10.432] [6670] [HailoRT] [info] [edge_elements.cpp:396] [run_pull] Reading from stream was aborted!
[2026-08-28 16:21:10.432] [6669] [HailoRT] [info] [queue_elements.cpp:738] [run_in_thread] run_pull of queue element PullQEl_nms0best/conv42_97 was aborted!
[2026-08-28 16:21:10.432] [6670] [HailoRT] [info] [queue_elements.cpp:738] [run_in_thread] run_pull of queue element PullQEl_nms4best/conv52_97 was aborted!
[2026-08-28 16:21:10.432] [6668] [HailoRT] [info] [vdevice_native_stream.cpp:331] [read_impl] Failed read from stream HAILO_STREAM_ABORT(63) (device: 0001:01:00.0)
[2026-08-28 16:21:10.432] [6673] [HailoRT] [info] [vdevice_native_stream.cpp:331] [read_impl] Failed read from stream HAILO_STREAM_ABORT(63) (device: 0001:01:00.0)
[2026-08-28 16:21:10.432] [6668] [HailoRT] [info] [edge_elements.cpp:396] [run_pull] Reading from stream was aborted!
[2026-08-28 16:21:10.432] [6673] [HailoRT] [info] [edge_elements.cpp:396] [run_pull] Reading from stream was aborted!
[2026-08-28 16:21:10.432] [6668] [HailoRT] [info] [queue_elements.cpp:738] [run_in_thread] run_pull of queue element PullQEl_nms1best/conv41_97 was aborted!
[2026-08-28 16:21:10.432] [6673] [HailoRT] [info] [queue_elements.cpp:738] [run_in_thread] run_pull of queue element PullQEl_nms6best/conv63_97 was aborted!
[2026-08-28 16:21:10.432] [6672] [HailoRT] [info] [vdevice_native_stream.cpp:331] [read_impl] Failed read from stream HAILO_STREAM_ABORT(63) (device: 0001:01:00.0)
[2026-08-28 16:21:10.432] [6672] [HailoRT] [info] [edge_elements.cpp:396] [run_pull] Reading from stream was aborted!
[2026-08-28 16:21:10.432] [6672] [HailoRT] [info] [queue_elements.cpp:738] [run_in_thread] run_pull of queue element PullQEl_nms7best/conv62_97 was aborted!
[2026-08-28 16:21:10.432] [6671] [HailoRT] [info] [vdevice_native_stream.cpp:331] [read_impl] Failed read from stream HAILO_STREAM_ABORT(63) (device: 0001:01:00.0)
[2026-08-28 16:21:10.432] [6671] [HailoRT] [info] [edge_elements.cpp:396] [run_pull] Reading from stream was aborted!
[2026-08-28 16:21:10.432] [6671] [HailoRT] [info] [queue_elements.cpp:738] [run_in_thread] run_pull of queue element PullQEl_nms2best/conv53_97 was aborted!
[2026-08-28 16:21:10.432] [6674] [HailoRT] [info] [queue_elements.cpp:68] [operator()] Thread in element UserBufQEl_post_infer0best/yolov8_nms_postprocess is not running anymore, exiting..
[2026-08-28 16:21:10.432] [4623] [HailoRT] [info] [queue_elements.cpp:46] [~BaseQueueElement] Queue element UserBufQEl_post_infer0best/yolov8_nms_postprocess has 0 frames in his Queue on destruction
[2026-08-28 16:21:10.432] [6673] [HailoRT] [info] [queue_elements.cpp:68] [operator()] Thread in element PullQEl_nms6best/conv63_97 is not running anymore, exiting..
[2026-08-28 16:21:10.432] [4623] [HailoRT] [info] [queue_elements.cpp:46] [~BaseQueueElement] Queue element PullQEl_nms6best/conv63_97 has 0 frames in his Queue on destruction
[2026-08-28 16:21:10.432] [6672] [HailoRT] [info] [queue_elements.cpp:68] [operator()] Thread in element PullQEl_nms7best/conv62_97 is not running anymore, exiting..
[2026-08-28 16:21:10.432] [4623] [HailoRT] [info] [queue_elements.cpp:46] [~BaseQueueElement] Queue element PullQEl_nms7best/conv62_97 has 0 frames in his Queue on destruction
[2026-08-28 16:21:10.432] [6671] [HailoRT] [info] [queue_elements.cpp:68] [operator()] Thread in element PullQEl_nms2best/conv53_97 is not running anymore, exiting..
[2026-08-28 16:21:10.432] [4623] [HailoRT] [info] [queue_elements.cpp:46] [~BaseQueueElement] Queue element PullQEl_nms2best/conv53_97 has 0 frames in his Queue on destruction
[2026-08-28 16:21:10.433] [6670] [HailoRT] [info] [queue_elements.cpp:68] [operator()] Thread in element PullQEl_nms4best/conv52_97 is not running anymore, exiting..
[2026-08-28 16:21:10.433] [4623] [HailoRT] [info] [queue_elements.cpp:46] [~BaseQueueElement] Queue element PullQEl_nms4best/conv52_97 has 0 frames in his Queue on destruction
[2026-08-28 16:21:10.433] [6669] [HailoRT] [info] [queue_elements.cpp:68] [operator()] Thread in element PullQEl_nms0best/conv42_97 is not running anymore, exiting..
[2026-08-28 16:21:10.433] [4623] [HailoRT] [info] [queue_elements.cpp:46] [~BaseQueueElement] Queue element PullQEl_nms0best/conv42_97 has 0 frames in his Queue on destruction
[2026-08-28 16:21:10.433] [6668] [HailoRT] [info] [queue_elements.cpp:68] [operator()] Thread in element PullQEl_nms1best/conv41_97 is not running anymore, exiting..
[2026-08-28 16:21:10.433] [4623] [HailoRT] [info] [queue_elements.cpp:46] [~BaseQueueElement] Queue element PullQEl_nms1best/conv41_97 has 0 frames in his Queue on destruction
[2026-08-28 16:21:10.433] [6667] [HailoRT] [info] [queue_elements.cpp:68] [operator()] Thread in element PushQEl3best/input_layer1 is not running anymore, exiting..
[2026-08-28 16:21:10.433] [4623] [HailoRT] [info] [queue_elements.cpp:46] [~BaseQueueElement] Queue element PushQEl3best/input_layer1 has 0 frames in his Queue on destruction
[2026-08-28 16:21:10.433] [4623] [HailoRT] [info] [core_op.cpp:186] [deactivate] Deactivating took 0.416188 ms
[2026-08-28 16:21:10.433] [4623] [HailoRT] [info] [core_op.cpp:186] [deactivate] Deactivating took 0.439187 ms
[2026-08-28 16:21:10.461] [4623] [HailoRT] [info] [core_op.cpp:156] [activate] Activating best took 0.51985 milliseconds. Note that the function is asynchronous and thus the network is not fully activated yet.
[2026-08-28 16:21:10.461] [4623] [HailoRT] [info] [core_op.cpp:156] [activate] Activating best took 0.542534 milliseconds. Note that the function is asynchronous and thus the network is not fully activated yet.
[2026-08-28 16:21:10.461] [4623] [HailoRT] [info] [edge_elements.cpp:52] [create] Created (HwWriteEl3best/input_layer1 | hw_frame_size: 1228800)
[2026-08-28 16:21:10.462] [4623] [HailoRT] [info] [queue_elements.cpp:284] [create] Created (PushQEl3best/input_layer1 | timeout: 10s)
[2026-08-28 16:21:10.462] [4623] [HailoRT] [info] [filter_elements.cpp:101] [create] Created (PreInferEl3best/input_layer1 | Reorder - src_order: NHWC, src_shape: (640, 640, 3), dst_order: NHCW, dst_shape: (640, 640, 3))
[2026-08-28 16:21:10.462] [4623] [HailoRT] [info] [vstream.cpp:754] [InputVStreamImpl] Creating best/input_layer1...
[2026-08-28 16:21:10.462] [4623] [HailoRT] [info] [vstream_builder.cpp:102] [create_inputs] Input pipeline 'best/input_layer1': (PreInferEl3best/input_layer1 | Reorder - src_order: NHWC, src_shape: (640, 640, 3), dst_order: NHCW, dst_shape: (640, 640, 3)) >> (PushQEl3best/input_layer1 | timeout: 10s) >> (HwWriteEl3best/input_layer1 | hw_frame_size: 1228800) >> HW
[2026-08-28 16:21:10.462] [4623] [HailoRT] [info] [multi_io_elements.cpp:135] [create] Created (NmsPPMuxEl0YOLOV8-Post-Process | Op YOLOV8, Name: YOLOV8-Post-Process, Score threshold: 0.250, IoU threshold: 0.70, Classes: 1, Cross classes: false, NMS results order: BY_CLASS, Max bboxes per class: 100, Image height: 640, Image width: 640)
[2026-08-28 16:21:10.462] [4623] [HailoRT] [info] [edge_elements.cpp:287] [create] Created (HwReadEl1best/conv41_97 | hw_frame_size: 409600)
[2026-08-28 16:21:10.462] [4623] [HailoRT] [info] [queue_elements.cpp:657] [create] Created (PullQEl_nms1best/conv41_97 | timeout: 10s)
[2026-08-28 16:21:10.462] [4623] [HailoRT] [info] [edge_elements.cpp:287] [create] Created (HwReadEl0best/conv42_97 | hw_frame_size: 6400)
[2026-08-28 16:21:10.462] [4623] [HailoRT] [info] [queue_elements.cpp:657] [create] Created (PullQEl_nms0best/conv42_97 | timeout: 10s)
[2026-08-28 16:21:10.462] [4623] [HailoRT] [info] [edge_elements.cpp:287] [create] Created (HwReadEl4best/conv52_97 | hw_frame_size: 102400)
[2026-08-28 16:21:10.462] [4623] [HailoRT] [info] [queue_elements.cpp:657] [create] Created (PullQEl_nms4best/conv52_97 | timeout: 10s)
[2026-08-28 16:21:10.462] [4623] [HailoRT] [info] [edge_elements.cpp:287] [create] Created (HwReadEl2best/conv53_97 | hw_frame_size: 1600)
[2026-08-28 16:21:10.462] [4623] [HailoRT] [info] [queue_elements.cpp:657] [create] Created (PullQEl_nms2best/conv53_97 | timeout: 10s)
[2026-08-28 16:21:10.462] [4623] [HailoRT] [info] [edge_elements.cpp:287] [create] Created (HwReadEl7best/conv62_97 | hw_frame_size: 30720)
[2026-08-28 16:21:10.462] [4623] [HailoRT] [info] [queue_elements.cpp:657] [create] Created (PullQEl_nms7best/conv62_97 | timeout: 10s)
[2026-08-28 16:21:10.462] [4623] [HailoRT] [info] [edge_elements.cpp:287] [create] Created (HwReadEl6best/conv63_97 | hw_frame_size: 480)
[2026-08-28 16:21:10.462] [4623] [HailoRT] [info] [queue_elements.cpp:657] [create] Created (PullQEl_nms6best/conv63_97 | timeout: 10s)
[2026-08-28 16:21:10.463] [4623] [HailoRT] [info] [queue_elements.cpp:800] [create] Created (UserBufQEl_post_infer0best/yolov8_nms_postprocess | timeout: 10s)
[2026-08-28 16:21:10.463] [4623] [HailoRT] [info] [vstream.cpp:1114] [OutputVStreamImpl] Creating best/yolov8_nms_postprocess...
[2026-08-28 16:21:10.463] [4623] [HailoRT] [info] [vstream_builder.cpp:622] [create_output_post_process_nms] Output pipeline 'best/yolov8_nms_postprocess': HW >> (HwReadEl1best/conv41_97 | hw_frame_size: 409600) >> (PullQEl_nms1best/conv41_97) >> (HwReadEl0best/conv42_97 | hw_frame_size: 6400) >> (PullQEl_nms0best/conv42_97) >> (HwReadEl4best/conv52_97 | hw_frame_size: 102400) >> (PullQEl_nms4best/conv52_97) >> (HwReadEl2best/conv53_97 | hw_frame_size: 1600) >> (PullQEl_nms2best/conv53_97) >> (HwReadEl7best/conv62_97 | hw_frame_size: 30720) >> (PullQEl_nms7best/conv62_97) >> (HwReadEl6best/conv63_97 | hw_frame_size: 480) >> (PullQEl_nms6best/conv63_97) >> (NmsPPMuxEl0YOLOV8-Post-Process | Op YOLOV8, Name: YOLOV8-Post-Process, Score threshold: 0.250, IoU threshold: 0.70, Classes: 1, Cross classes: false, NMS results order: BY_CLASS, Max bboxes per class: 100, Image height: 640, Image width: 640) >> (UserBufQEl_post_infer0best/yolov8_nms_postprocess | timeout: 10s)
[2026-08-28 16:21:10.473] [6678] [HailoRT] [info] [vdevice_native_stream.cpp:331] [read_impl] Failed read from stream HAILO_STREAM_ABORT(63) (device: 0001:01:00.0)
[2026-08-28 16:21:10.473] [6681] [HailoRT] [info] [vdevice_native_stream.cpp:331] [read_impl] Failed read from stream HAILO_STREAM_ABORT(63) (device: 0001:01:00.0)
[2026-08-28 16:21:10.473] [6682] [HailoRT] [info] [vdevice_native_stream.cpp:331] [read_impl] Failed read from stream HAILO_STREAM_ABORT(63) (device: 0001:01:00.0)
[2026-08-28 16:21:10.473] [6682] [HailoRT] [info] [edge_elements.cpp:396] [run_pull] Reading from stream was aborted!
[2026-08-28 16:21:10.473] [6680] [HailoRT] [info] [vdevice_native_stream.cpp:331] [read_impl] Failed read from stream HAILO_STREAM_ABORT(63) (device: 0001:01:00.0)
[2026-08-28 16:21:10.473] [6680] [HailoRT] [info] [edge_elements.cpp:396] [run_pull] Reading from stream was aborted!
[2026-08-28 16:21:10.473] [6682] [HailoRT] [info] [queue_elements.cpp:738] [run_in_thread] run_pull of queue element PullQEl_nms7best/conv62_97 was aborted!
[2026-08-28 16:21:10.473] [6680] [HailoRT] [info] [queue_elements.cpp:738] [run_in_thread] run_pull of queue element PullQEl_nms4best/conv52_97 was aborted!
[2026-08-28 16:21:10.473] [6678] [HailoRT] [info] [edge_elements.cpp:396] [run_pull] Reading from stream was aborted!
[2026-08-28 16:21:10.473] [6681] [HailoRT] [info] [edge_elements.cpp:396] [run_pull] Reading from stream was aborted!
[2026-08-28 16:21:10.473] [6683] [HailoRT] [info] [vdevice_native_stream.cpp:331] [read_impl] Failed read from stream HAILO_STREAM_ABORT(63) (device: 0001:01:00.0)
[2026-08-28 16:21:10.473] [6683] [HailoRT] [info] [edge_elements.cpp:396] [run_pull] Reading from stream was aborted!
[2026-08-28 16:21:10.473] [6681] [HailoRT] [info] [queue_elements.cpp:738] [run_in_thread] run_pull of queue element PullQEl_nms2best/conv53_97 was aborted!
[2026-08-28 16:21:10.473] [6683] [HailoRT] [info] [queue_elements.cpp:738] [run_in_thread] run_pull of queue element PullQEl_nms6best/conv63_97 was aborted!
[2026-08-28 16:21:10.473] [6678] [HailoRT] [info] [queue_elements.cpp:738] [run_in_thread] run_pull of queue element PullQEl_nms1best/conv41_97 was aborted!
[2026-08-28 16:21:10.473] [6679] [HailoRT] [info] [vdevice_native_stream.cpp:331] [read_impl] Failed read from stream HAILO_STREAM_ABORT(63) (device: 0001:01:00.0)
[2026-08-28 16:21:10.473] [6679] [HailoRT] [info] [edge_elements.cpp:396] [run_pull] Reading from stream was aborted!
[2026-08-28 16:21:10.473] [6679] [HailoRT] [info] [queue_elements.cpp:738] [run_in_thread] run_pull of queue element PullQEl_nms0best/conv42_97 was aborted!
[2026-08-28 16:21:10.473] [6684] [HailoRT] [info] [queue_elements.cpp:68] [operator()] Thread in element UserBufQEl_post_infer0best/yolov8_nms_postprocess is not running anymore, exiting..
[2026-08-28 16:21:10.473] [4623] [HailoRT] [info] [queue_elements.cpp:46] [~BaseQueueElement] Queue element UserBufQEl_post_infer0best/yolov8_nms_postprocess has 0 frames in his Queue on destruction
[2026-08-28 16:21:10.473] [6683] [HailoRT] [info] [queue_elements.cpp:68] [operator()] Thread in element PullQEl_nms6best/conv63_97 is not running anymore, exiting..
[2026-08-28 16:21:10.473] [4623] [HailoRT] [info] [queue_elements.cpp:46] [~BaseQueueElement] Queue element PullQEl_nms6best/conv63_97 has 0 frames in his Queue on destruction
[2026-08-28 16:21:10.473] [6682] [HailoRT] [info] [queue_elements.cpp:68] [operator()] Thread in element PullQEl_nms7best/conv62_97 is not running anymore, exiting..
[2026-08-28 16:21:10.473] [4623] [HailoRT] [info] [queue_elements.cpp:46] [~BaseQueueElement] Queue element PullQEl_nms7best/conv62_97 has 0 frames in his Queue on destruction
[2026-08-28 16:21:10.473] [6681] [HailoRT] [info] [queue_elements.cpp:68] [operator()] Thread in element PullQEl_nms2best/conv53_97 is not running anymore, exiting..
[2026-08-28 16:21:10.473] [4623] [HailoRT] [info] [queue_elements.cpp:46] [~BaseQueueElement] Queue element PullQEl_nms2best/conv53_97 has 0 frames in his Queue on destruction
[2026-08-28 16:21:10.473] [6680] [HailoRT] [info] [queue_elements.cpp:68] [operator()] Thread in element PullQEl_nms4best/conv52_97 is not running anymore, exiting..
[2026-08-28 16:21:10.473] [4623] [HailoRT] [info] [queue_elements.cpp:46] [~BaseQueueElement] Queue element PullQEl_nms4best/conv52_97 has 0 frames in his Queue on destruction
[2026-08-28 16:21:10.473] [6679] [HailoRT] [info] [queue_elements.cpp:68] [operator()] Thread in element PullQEl_nms0best/conv42_97 is not running anymore, exiting..
[2026-08-28 16:21:10.473] [4623] [HailoRT] [info] [queue_elements.cpp:46] [~BaseQueueElement] Queue element PullQEl_nms0best/conv42_97 has 0 frames in his Queue on destruction
[2026-08-28 16:21:10.473] [6678] [HailoRT] [info] [queue_elements.cpp:68] [operator()] Thread in element PullQEl_nms1best/conv41_97 is not running anymore, exiting..
[2026-08-28 16:21:10.473] [4623] [HailoRT] [info] [queue_elements.cpp:46] [~BaseQueueElement] Queue element PullQEl_nms1best/conv41_97 has 0 frames in his Queue on destruction
[2026-08-28 16:21:10.473] [6677] [HailoRT] [info] [queue_elements.cpp:68] [operator()] Thread in element PushQEl3best/input_layer1 is not running anymore, exiting..
[2026-08-28 16:21:10.473] [4623] [HailoRT] [info] [queue_elements.cpp:46] [~BaseQueueElement] Queue element PushQEl3best/input_layer1 has 0 frames in his Queue on destruction
[2026-08-28 16:21:10.474] [4623] [HailoRT] [info] [core_op.cpp:186] [deactivate] Deactivating took 0.419391 ms
[2026-08-28 16:21:10.474] [4623] [HailoRT] [info] [core_op.cpp:186] [deactivate] Deactivating took 0.429854 ms
[2026-08-28 16:21:10.495] [4623] [HailoRT] [info] [core_op.cpp:156] [activate] Activating best took 0.440705 milliseconds. Note that the function is asynchronous and thus the network is not fully activated yet.
[2026-08-28 16:21:10.495] [4623] [HailoRT] [info] [core_op.cpp:156] [activate] Activating best took 0.460779 milliseconds. Note that the function is asynchronous and thus the network is not fully activated yet.
[2026-08-28 16:21:10.495] [4623] [HailoRT] [info] [edge_elements.cpp:52] [create] Created (HwWriteEl3best/input_layer1 | hw_frame_size: 1228800)
[2026-08-28 16:21:10.495] [4623] [HailoRT] [info] [queue_elements.cpp:284] [create] Created (PushQEl3best/input_layer1 | timeout: 10s)
[2026-08-28 16:21:10.495] [4623] [HailoRT] [info] [filter_elements.cpp:101] [create] Created (PreInferEl3best/input_layer1 | Reorder - src_order: NHWC, src_shape: (640, 640, 3), dst_order: NHCW, dst_shape: (640, 640, 3))
[2026-08-28 16:21:10.495] [4623] [HailoRT] [info] [vstream.cpp:754] [InputVStreamImpl] Creating best/input_layer1...
[2026-08-28 16:21:10.495] [4623] [HailoRT] [info] [vstream_builder.cpp:102] [create_inputs] Input pipeline 'best/input_layer1': (PreInferEl3best/input_layer1 | Reorder - src_order: NHWC, src_shape: (640, 640, 3), dst_order: NHCW, dst_shape: (640, 640, 3)) >> (PushQEl3best/input_layer1 | timeout: 10s) >> (HwWriteEl3best/input_layer1 | hw_frame_size: 1228800) >> HW
[2026-08-28 16:21:10.495] [4623] [HailoRT] [info] [multi_io_elements.cpp:135] [create] Created (NmsPPMuxEl0YOLOV8-Post-Process | Op YOLOV8, Name: YOLOV8-Post-Process, Score threshold: 0.250, IoU threshold: 0.70, Classes: 1, Cross classes: false, NMS results order: BY_CLASS, Max bboxes per class: 100, Image height: 640, Image width: 640)
[2026-08-28 16:21:10.495] [4623] [HailoRT] [info] [edge_elements.cpp:287] [create] Created (HwReadEl1best/conv41_97 | hw_frame_size: 409600)
[2026-08-28 16:21:10.495] [4623] [HailoRT] [info] [queue_elements.cpp:657] [create] Created (PullQEl_nms1best/conv41_97 | timeout: 10s)
[2026-08-28 16:21:10.495] [4623] [HailoRT] [info] [edge_elements.cpp:287] [create] Created (HwReadEl0best/conv42_97 | hw_frame_size: 6400)
[2026-08-28 16:21:10.495] [4623] [HailoRT] [info] [queue_elements.cpp:657] [create] Created (PullQEl_nms0best/conv42_97 | timeout: 10s)
[2026-08-28 16:21:10.495] [4623] [HailoRT] [info] [edge_elements.cpp:287] [create] Created (HwReadEl4best/conv52_97 | hw_frame_size: 102400)
[2026-08-28 16:21:10.495] [4623] [HailoRT] [info] [queue_elements.cpp:657] [create] Created (PullQEl_nms4best/conv52_97 | timeout: 10s)
[2026-08-28 16:21:10.495] [4623] [HailoRT] [info] [edge_elements.cpp:287] [create] Created (HwReadEl2best/conv53_97 | hw_frame_size: 1600)
[2026-08-28 16:21:10.495] [4623] [HailoRT] [info] [queue_elements.cpp:657] [create] Created (PullQEl_nms2best/conv53_97 | timeout: 10s)
[2026-08-28 16:21:10.495] [4623] [HailoRT] [info] [edge_elements.cpp:287] [create] Created (HwReadEl7best/conv62_97 | hw_frame_size: 30720)
[2026-08-28 16:21:10.495] [4623] [HailoRT] [info] [queue_elements.cpp:657] [create] Created (PullQEl_nms7best/conv62_97 | timeout: 10s)
[2026-08-28 16:21:10.495] [4623] [HailoRT] [info] [edge_elements.cpp:287] [create] Created (HwReadEl6best/conv63_97 | hw_frame_size: 480)
[2026-08-28 16:21:10.496] [4623] [HailoRT] [info] [queue_elements.cpp:657] [create] Created (PullQEl_nms6best/conv63_97 | timeout: 10s)
[2026-08-28 16:21:10.496] [4623] [HailoRT] [info] [queue_elements.cpp:800] [create] Created (UserBufQEl_post_infer0best/yolov8_nms_postprocess | timeout: 10s)
[2026-08-28 16:21:10.496] [4623] [HailoRT] [info] [vstream.cpp:1114] [OutputVStreamImpl] Creating best/yolov8_nms_postprocess...
[2026-08-28 16:21:10.496] [4623] [HailoRT] [info] [vstream_builder.cpp:622] [create_output_post_process_nms] Output pipeline 'best/yolov8_nms_postprocess': HW >> (HwReadEl1best/conv41_97 | hw_frame_size: 409600) >> (PullQEl_nms1best/conv41_97) >> (HwReadEl0best/conv42_97 | hw_frame_size: 6400) >> (PullQEl_nms0best/conv42_97) >> (HwReadEl4best/conv52_97 | hw_frame_size: 102400) >> (PullQEl_nms4best/conv52_97) >> (HwReadEl2best/conv53_97 | hw_frame_size: 1600) >> (PullQEl_nms2best/conv53_97) >> (HwReadEl7best/conv62_97 | hw_frame_size: 30720) >> (PullQEl_nms7best/conv62_97) >> (HwReadEl6best/conv63_97 | hw_frame_size: 480) >> (PullQEl_nms6best/conv63_97) >> (NmsPPMuxEl0YOLOV8-Post-Process | Op YOLOV8, Name: YOLOV8-Post-Process, Score threshold: 0.250, IoU threshold: 0.70, Classes: 1, Cross classes: false, NMS results order: BY_CLASS, Max bboxes per class: 100, Image height: 640, Image width: 640) >> (UserBufQEl_post_infer0best/yolov8_nms_postprocess | timeout: 10s)
[2026-08-28 16:21:10.506] [6688] [HailoRT] [info] [vdevice_native_stream.cpp:331] [read_impl] Failed read from stream HAILO_STREAM_ABORT(63) (device: 0001:01:00.0)
[2026-08-28 16:21:10.506] [6693] [HailoRT] [info] [vdevice_native_stream.cpp:331] [read_impl] Failed read from stream HAILO_STREAM_ABORT(63) (device: 0001:01:00.0)
[2026-08-28 16:21:10.506] [6693] [HailoRT] [info] [edge_elements.cpp:396] [run_pull] Reading from stream was aborted!
[2026-08-28 16:21:10.506] [6691] [HailoRT] [info] [vdevice_native_stream.cpp:331] [read_impl] Failed read from stream HAILO_STREAM_ABORT(63) (device: 0001:01:00.0)
[2026-08-28 16:21:10.506] [6692] [HailoRT] [info] [vdevice_native_stream.cpp:331] [read_impl] Failed read from stream HAILO_STREAM_ABORT(63) (device: 0001:01:00.0)
[2026-08-28 16:21:10.506] [6693] [HailoRT] [info] [queue_elements.cpp:738] [run_in_thread] run_pull of queue element PullQEl_nms6best/conv63_97 was aborted!
[2026-08-28 16:21:10.506] [6688] [HailoRT] [info] [edge_elements.cpp:396] [run_pull] Reading from stream was aborted!
[2026-08-28 16:21:10.506] [6690] [HailoRT] [info] [vdevice_native_stream.cpp:331] [read_impl] Failed read from stream HAILO_STREAM_ABORT(63) (device: 0001:01:00.0)
[2026-08-28 16:21:10.506] [6689] [HailoRT] [info] [vdevice_native_stream.cpp:331] [read_impl] Failed read from stream HAILO_STREAM_ABORT(63) (device: 0001:01:00.0)
[2026-08-28 16:21:10.506] [6689] [HailoRT] [info] [edge_elements.cpp:396] [run_pull] Reading from stream was aborted!
[2026-08-28 16:21:10.506] [6691] [HailoRT] [info] [edge_elements.cpp:396] [run_pull] Reading from stream was aborted!
[2026-08-28 16:21:10.506] [6689] [HailoRT] [info] [queue_elements.cpp:738] [run_in_thread] run_pull of queue element PullQEl_nms0best/conv42_97 was aborted!
[2026-08-28 16:21:10.506] [6690] [HailoRT] [info] [edge_elements.cpp:396] [run_pull] Reading from stream was aborted!
[2026-08-28 16:21:10.506] [6691] [HailoRT] [info] [queue_elements.cpp:738] [run_in_thread] run_pull of queue element PullQEl_nms2best/conv53_97 was aborted!
[2026-08-28 16:21:10.506] [6690] [HailoRT] [info] [queue_elements.cpp:738] [run_in_thread] run_pull of queue element PullQEl_nms4best/conv52_97 was aborted!
[2026-08-28 16:21:10.506] [6688] [HailoRT] [info] [queue_elements.cpp:738] [run_in_thread] run_pull of queue element PullQEl_nms1best/conv41_97 was aborted!
[2026-08-28 16:21:10.506] [6692] [HailoRT] [info] [edge_elements.cpp:396] [run_pull] Reading from stream was aborted!
[2026-08-28 16:21:10.506] [6692] [HailoRT] [info] [queue_elements.cpp:738] [run_in_thread] run_pull of queue element PullQEl_nms7best/conv62_97 was aborted!
[2026-08-28 16:21:10.506] [6694] [HailoRT] [info] [queue_elements.cpp:68] [operator()] Thread in element UserBufQEl_post_infer0best/yolov8_nms_postprocess is not running anymore, exiting..
[2026-08-28 16:21:10.506] [4623] [HailoRT] [info] [queue_elements.cpp:46] [~BaseQueueElement] Queue element UserBufQEl_post_infer0best/yolov8_nms_postprocess has 0 frames in his Queue on destruction
[2026-08-28 16:21:10.506] [6693] [HailoRT] [info] [queue_elements.cpp:68] [operator()] Thread in element PullQEl_nms6best/conv63_97 is not running anymore, exiting..
[2026-08-28 16:21:10.506] [4623] [HailoRT] [info] [queue_elements.cpp:46] [~BaseQueueElement] Queue element PullQEl_nms6best/conv63_97 has 0 frames in his Queue on destruction
[2026-08-28 16:21:10.506] [6692] [HailoRT] [info] [queue_elements.cpp:68] [operator()] Thread in element PullQEl_nms7best/conv62_97 is not running anymore, exiting..
[2026-08-28 16:21:10.506] [4623] [HailoRT] [info] [queue_elements.cpp:46] [~BaseQueueElement] Queue element PullQEl_nms7best/conv62_97 has 0 frames in his Queue on destruction
[2026-08-28 16:21:10.506] [6691] [HailoRT] [info] [queue_elements.cpp:68] [operator()] Thread in element PullQEl_nms2best/conv53_97 is not running anymore, exiting..
[2026-08-28 16:21:10.506] [4623] [HailoRT] [info] [queue_elements.cpp:46] [~BaseQueueElement] Queue element PullQEl_nms2best/conv53_97 has 0 frames in his Queue on destruction
[2026-08-28 16:21:10.506] [6690] [HailoRT] [info] [queue_elements.cpp:68] [operator()] Thread in element PullQEl_nms4best/conv52_97 is not running anymore, exiting..
[2026-08-28 16:21:10.506] [4623] [HailoRT] [info] [queue_elements.cpp:46] [~BaseQueueElement] Queue element PullQEl_nms4best/conv52_97 has 0 frames in his Queue on destruction
[2026-08-28 16:21:10.506] [6689] [HailoRT] [info] [queue_elements.cpp:68] [operator()] Thread in element PullQEl_nms0best/conv42_97 is not running anymore, exiting..
[2026-08-28 16:21:10.506] [4623] [HailoRT] [info] [queue_elements.cpp:46] [~BaseQueueElement] Queue element PullQEl_nms0best/conv42_97 has 0 frames in his Queue on destruction
[2026-08-28 16:21:10.506] [6688] [HailoRT] [info] [queue_elements.cpp:68] [operator()] Thread in element PullQEl_nms1best/conv41_97 is not running anymore, exiting..
[2026-08-28 16:21:10.506] [4623] [HailoRT] [info] [queue_elements.cpp:46] [~BaseQueueElement] Queue element PullQEl_nms1best/conv41_97 has 0 frames in his Queue on destruction
[2026-08-28 16:21:10.506] [6687] [HailoRT] [info] [queue_elements.cpp:68] [operator()] Thread in element PushQEl3best/input_layer1 is not running anymore, exiting..
[2026-08-28 16:21:10.506] [4623] [HailoRT] [info] [queue_elements.cpp:46] [~BaseQueueElement] Queue element PushQEl3best/input_layer1 has 0 frames in his Queue on destruction
[2026-08-28 16:21:10.507] [4623] [HailoRT] [info] [core_op.cpp:186] [deactivate] Deactivating took 0.398633 ms
[2026-08-28 16:21:10.507] [4623] [HailoRT] [info] [core_op.cpp:186] [deactivate] Deactivating took 0.406706 ms
[2026-08-28 16:21:10.527] [4623] [HailoRT] [info] [core_op.cpp:156] [activate] Activating best took 0.447001 milliseconds. Note that the function is asynchronous and thus the network is not fully activated yet.
[2026-08-28 16:21:10.527] [4623] [HailoRT] [info] [core_op.cpp:156] [activate] Activating best took 0.466648 milliseconds. Note that the function is asynchronous and thus the network is not fully activated yet.
[2026-08-28 16:21:10.528] [4623] [HailoRT] [info] [edge_elements.cpp:52] [create] Created (HwWriteEl3best/input_layer1 | hw_frame_size: 1228800)
[2026-08-28 16:21:10.528] [4623] [HailoRT] [info] [queue_elements.cpp:284] [create] Created (PushQEl3best/input_layer1 | timeout: 10s)
[2026-08-28 16:21:10.528] [4623] [HailoRT] [info] [filter_elements.cpp:101] [create] Created (PreInferEl3best/input_layer1 | Reorder - src_order: NHWC, src_shape: (640, 640, 3), dst_order: NHCW, dst_shape: (640, 640, 3))
[2026-08-28 16:21:10.528] [4623] [HailoRT] [info] [vstream.cpp:754] [InputVStreamImpl] Creating best/input_layer1...
[2026-08-28 16:21:10.528] [4623] [HailoRT] [info] [vstream_builder.cpp:102] [create_inputs] Input pipeline 'best/input_layer1': (PreInferEl3best/input_layer1 | Reorder - src_order: NHWC, src_shape: (640, 640, 3), dst_order: NHCW, dst_shape: (640, 640, 3)) >> (PushQEl3best/input_layer1 | timeout: 10s) >> (HwWriteEl3best/input_layer1 | hw_frame_size: 1228800) >> HW
[2026-08-28 16:21:10.528] [4623] [HailoRT] [info] [multi_io_elements.cpp:135] [create] Created (NmsPPMuxEl0YOLOV8-Post-Process | Op YOLOV8, Name: YOLOV8-Post-Process, Score threshold: 0.250, IoU threshold: 0.70, Classes: 1, Cross classes: false, NMS results order: BY_CLASS, Max bboxes per class: 100, Image height: 640, Image width: 640)
[2026-08-28 16:21:10.528] [4623] [HailoRT] [info] [edge_elements.cpp:287] [create] Created (HwReadEl1best/conv41_97 | hw_frame_size: 409600)
[2026-08-28 16:21:10.528] [4623] [HailoRT] [info] [queue_elements.cpp:657] [create] Created (PullQEl_nms1best/conv41_97 | timeout: 10s)
[2026-08-28 16:21:10.528] [4623] [HailoRT] [info] [edge_elements.cpp:287] [create] Created (HwReadEl0best/conv42_97 | hw_frame_size: 6400)
[2026-08-28 16:21:10.528] [4623] [HailoRT] [info] [queue_elements.cpp:657] [create] Created (PullQEl_nms0best/conv42_97 | timeout: 10s)
[2026-08-28 16:21:10.528] [4623] [HailoRT] [info] [edge_elements.cpp:287] [create] Created (HwReadEl4best/conv52_97 | hw_frame_size: 102400)
[2026-08-28 16:21:10.528] [4623] [HailoRT] [info] [queue_elements.cpp:657] [create] Created (PullQEl_nms4best/conv52_97 | timeout: 10s)
[2026-08-28 16:21:10.528] [4623] [HailoRT] [info] [edge_elements.cpp:287] [create] Created (HwReadEl2best/conv53_97 | hw_frame_size: 1600)
[2026-08-28 16:21:10.528] [4623] [HailoRT] [info] [queue_elements.cpp:657] [create] Created (PullQEl_nms2best/conv53_97 | timeout: 10s)
[2026-08-28 16:21:10.528] [4623] [HailoRT] [info] [edge_elements.cpp:287] [create] Created (HwReadEl7best/conv62_97 | hw_frame_size: 30720)
[2026-08-28 16:21:10.528] [4623] [HailoRT] [info] [queue_elements.cpp:657] [create] Created (PullQEl_nms7best/conv62_97 | timeout: 10s)
[2026-08-28 16:21:10.528] [4623] [HailoRT] [info] [edge_elements.cpp:287] [create] Created (HwReadEl6best/conv63_97 | hw_frame_size: 480)
[2026-08-28 16:21:10.528] [4623] [HailoRT] [info] [queue_elements.cpp:657] [create] Created (PullQEl_nms6best/conv63_97 | timeout: 10s)
[2026-08-28 16:21:10.528] [4623] [HailoRT] [info] [queue_elements.cpp:800] [create] Created (UserBufQEl_post_infer0best/yolov8_nms_postprocess | timeout: 10s)
[2026-08-28 16:21:10.528] [4623] [HailoRT] [info] [vstream.cpp:1114] [OutputVStreamImpl] Creating best/yolov8_nms_postprocess...
[2026-08-28 16:21:10.528] [4623] [HailoRT] [info] [vstream_builder.cpp:622] [create_output_post_process_nms] Output pipeline 'best/yolov8_nms_postprocess': HW >> (HwReadEl1best/conv41_97 | hw_frame_size: 409600) >> (PullQEl_nms1best/conv41_97) >> (HwReadEl0best/conv42_97 | hw_frame_size: 6400) >> (PullQEl_nms0best/conv42_97) >> (HwReadEl4best/conv52_97 | hw_frame_size: 102400) >> (PullQEl_nms4best/conv52_97) >> (HwReadEl2best/conv53_97 | hw_frame_size: 1600) >> (PullQEl_nms2best/conv53_97) >> (HwReadEl7best/conv62_97 | hw_frame_size: 30720) >> (PullQEl_nms7best/conv62_97) >> (HwReadEl6best/conv63_97 | hw_frame_size: 480) >> (PullQEl_nms6best/conv63_97) >> (NmsPPMuxEl0YOLOV8-Post-Process | Op YOLOV8, Name: YOLOV8-Post-Process, Score threshold: 0.250, IoU threshold: 0.70, Classes: 1, Cross classes: false, NMS results order: BY_CLASS, Max bboxes per class: 100, Image height: 640, Image width: 640) >> (UserBufQEl_post_infer0best/yolov8_nms_postprocess | timeout: 10s)
[2026-08-28 16:21:10.539] [6698] [HailoRT] [info] [vdevice_native_stream.cpp:331] [read_impl] Failed read from stream HAILO_STREAM_ABORT(63) (device: 0001:01:00.0)
[2026-08-28 16:21:10.539] [6703] [HailoRT] [info] [vdevice_native_stream.cpp:331] [read_impl] Failed read from stream HAILO_STREAM_ABORT(63) (device: 0001:01:00.0)
[2026-08-28 16:21:10.539] [6703] [HailoRT] [info] [edge_elements.cpp:396] [run_pull] Reading from stream was aborted!
[2026-08-28 16:21:10.539] [6701] [HailoRT] [info] [vdevice_native_stream.cpp:331] [read_impl] Failed read from stream HAILO_STREAM_ABORT(63) (device: 0001:01:00.0)
[2026-08-28 16:21:10.539] [6702] [HailoRT] [info] [vdevice_native_stream.cpp:331] [read_impl] Failed read from stream HAILO_STREAM_ABORT(63) (device: 0001:01:00.0)
[2026-08-28 16:21:10.539] [6703] [HailoRT] [info] [queue_elements.cpp:738] [run_in_thread] run_pull of queue element PullQEl_nms6best/conv63_97 was aborted!
[2026-08-28 16:21:10.539] [6702] [HailoRT] [info] [edge_elements.cpp:396] [run_pull] Reading from stream was aborted!
[2026-08-28 16:21:10.539] [6700] [HailoRT] [info] [vdevice_native_stream.cpp:331] [read_impl] Failed read from stream HAILO_STREAM_ABORT(63) (device: 0001:01:00.0)
[2026-08-28 16:21:10.539] [6702] [HailoRT] [info] [queue_elements.cpp:738] [run_in_thread] run_pull of queue element PullQEl_nms7best/conv62_97 was aborted!
[2026-08-28 16:21:10.539] [6700] [HailoRT] [info] [edge_elements.cpp:396] [run_pull] Reading from stream was aborted!
[2026-08-28 16:21:10.539] [6698] [HailoRT] [info] [edge_elements.cpp:396] [run_pull] Reading from stream was aborted!
[2026-08-28 16:21:10.539] [6700] [HailoRT] [info] [queue_elements.cpp:738] [run_in_thread] run_pull of queue element PullQEl_nms4best/conv52_97 was aborted!
[2026-08-28 16:21:10.539] [6698] [HailoRT] [info] [queue_elements.cpp:738] [run_in_thread] run_pull of queue element PullQEl_nms1best/conv41_97 was aborted!
[2026-08-28 16:21:10.539] [6701] [HailoRT] [info] [edge_elements.cpp:396] [run_pull] Reading from stream was aborted!
[2026-08-28 16:21:10.539] [6699] [HailoRT] [info] [vdevice_native_stream.cpp:331] [read_impl] Failed read from stream HAILO_STREAM_ABORT(63) (device: 0001:01:00.0)
[2026-08-28 16:21:10.539] [6701] [HailoRT] [info] [queue_elements.cpp:738] [run_in_thread] run_pull of queue element PullQEl_nms2best/conv53_97 was aborted!
[2026-08-28 16:21:10.539] [6699] [HailoRT] [info] [edge_elements.cpp:396] [run_pull] Reading from stream was aborted!
[2026-08-28 16:21:10.539] [6699] [HailoRT] [info] [queue_elements.cpp:738] [run_in_thread] run_pull of queue element PullQEl_nms0best/conv42_97 was aborted!
[2026-08-28 16:21:10.539] [6704] [HailoRT] [info] [queue_elements.cpp:68] [operator()] Thread in element UserBufQEl_post_infer0best/yolov8_nms_postprocess is not running anymore, exiting..
[2026-08-28 16:21:10.539] [4623] [HailoRT] [info] [queue_elements.cpp:46] [~BaseQueueElement] Queue element UserBufQEl_post_infer0best/yolov8_nms_postprocess has 0 frames in his Queue on destruction
[2026-08-28 16:21:10.539] [6703] [HailoRT] [info] [queue_elements.cpp:68] [operator()] Thread in element PullQEl_nms6best/conv63_97 is not running anymore, exiting..
[2026-08-28 16:21:10.539] [4623] [HailoRT] [info] [queue_elements.cpp:46] [~BaseQueueElement] Queue element PullQEl_nms6best/conv63_97 has 0 frames in his Queue on destruction
[2026-08-28 16:21:10.539] [6702] [HailoRT] [info] [queue_elements.cpp:68] [operator()] Thread in element PullQEl_nms7best/conv62_97 is not running anymore, exiting..
[2026-08-28 16:21:10.539] [4623] [HailoRT] [info] [queue_elements.cpp:46] [~BaseQueueElement] Queue element PullQEl_nms7best/conv62_97 has 0 frames in his Queue on destruction
[2026-08-28 16:21:10.539] [6701] [HailoRT] [info] [queue_elements.cpp:68] [operator()] Thread in element PullQEl_nms2best/conv53_97 is not running anymore, exiting..
[2026-08-28 16:21:10.539] [4623] [HailoRT] [info] [queue_elements.cpp:46] [~BaseQueueElement] Queue element PullQEl_nms2best/conv53_97 has 0 frames in his Queue on destruction
[2026-08-28 16:21:10.539] [6700] [HailoRT] [info] [queue_elements.cpp:68] [operator()] Thread in element PullQEl_nms4best/conv52_97 is not running anymore, exiting..
[2026-08-28 16:21:10.539] [4623] [HailoRT] [info] [queue_elements.cpp:46] [~BaseQueueElement] Queue element PullQEl_nms4best/conv52_97 has 0 frames in his Queue on destruction
[2026-08-28 16:21:10.539] [6699] [HailoRT] [info] [queue_elements.cpp:68] [operator()] Thread in element PullQEl_nms0best/conv42_97 is not running anymore, exiting..
[2026-08-28 16:21:10.539] [4623] [HailoRT] [info] [queue_elements.cpp:46] [~BaseQueueElement] Queue element PullQEl_nms0best/conv42_97 has 0 frames in his Queue on destruction
[2026-08-28 16:21:10.539] [6698] [HailoRT] [info] [queue_elements.cpp:68] [operator()] Thread in element PullQEl_nms1best/conv41_97 is not running anymore, exiting..
[2026-08-28 16:21:10.539] [4623] [HailoRT] [info] [queue_elements.cpp:46] [~BaseQueueElement] Queue element PullQEl_nms1best/conv41_97 has 0 frames in his Queue on destruction
[2026-08-28 16:21:10.539] [6697] [HailoRT] [info] [queue_elements.cpp:68] [operator()] Thread in element PushQEl3best/input_layer1 is not running anymore, exiting..
[2026-08-28 16:21:10.539] [4623] [HailoRT] [info] [queue_elements.cpp:46] [~BaseQueueElement] Queue element PushQEl3best/input_layer1 has 0 frames in his Queue on destruction
[2026-08-28 16:21:10.539] [4623] [HailoRT] [info] [core_op.cpp:186] [deactivate] Deactivating took 0.399485 ms
[2026-08-28 16:21:10.539] [4623] [HailoRT] [info] [core_op.cpp:186] [deactivate] Deactivating took 0.407873 ms
[2026-08-28 16:21:10.559] [4623] [HailoRT] [info] [core_op.cpp:156] [activate] Activating best took 0.446187 milliseconds. Note that the function is asynchronous and thus the network is not fully activated yet.
[2026-08-28 16:21:10.559] [4623] [HailoRT] [info] [core_op.cpp:156] [activate] Activating best took 0.465834 milliseconds. Note that the function is asynchronous and thus the network is not fully activated yet.
[2026-08-28 16:21:10.559] [4623] [HailoRT] [info] [edge_elements.cpp:52] [create] Created (HwWriteEl3best/input_layer1 | hw_frame_size: 1228800)
[2026-08-28 16:21:10.559] [4623] [HailoRT] [info] [queue_elements.cpp:284] [create] Created (PushQEl3best/input_layer1 | timeout: 10s)
[2026-08-28 16:21:10.559] [4623] [HailoRT] [info] [filter_elements.cpp:101] [create] Created (PreInferEl3best/input_layer1 | Reorder - src_order: NHWC, src_shape: (640, 640, 3), dst_order: NHCW, dst_shape: (640, 640, 3))
[2026-08-28 16:21:10.559] [4623] [HailoRT] [info] [vstream.cpp:754] [InputVStreamImpl] Creating best/input_layer1...
[2026-08-28 16:21:10.559] [4623] [HailoRT] [info] [vstream_builder.cpp:102] [create_inputs] Input pipeline 'best/input_layer1': (PreInferEl3best/input_layer1 | Reorder - src_order: NHWC, src_shape: (640, 640, 3), dst_order: NHCW, dst_shape: (640, 640, 3)) >> (PushQEl3best/input_layer1 | timeout: 10s) >> (HwWriteEl3best/input_layer1 | hw_frame_size: 1228800) >> HW
[2026-08-28 16:21:10.559] [4623] [HailoRT] [info] [multi_io_elements.cpp:135] [create] Created (NmsPPMuxEl0YOLOV8-Post-Process | Op YOLOV8, Name: YOLOV8-Post-Process, Score threshold: 0.250, IoU threshold: 0.70, Classes: 1, Cross classes: false, NMS results order: BY_CLASS, Max bboxes per class: 100, Image height: 640, Image width: 640)
[2026-08-28 16:21:10.559] [4623] [HailoRT] [info] [edge_elements.cpp:287] [create] Created (HwReadEl1best/conv41_97 | hw_frame_size: 409600)
[2026-08-28 16:21:10.559] [4623] [HailoRT] [info] [queue_elements.cpp:657] [create] Created (PullQEl_nms1best/conv41_97 | timeout: 10s)
[2026-08-28 16:21:10.559] [4623] [HailoRT] [info] [edge_elements.cpp:287] [create] Created (HwReadEl0best/conv42_97 | hw_frame_size: 6400)
[2026-08-28 16:21:10.559] [4623] [HailoRT] [info] [queue_elements.cpp:657] [create] Created (PullQEl_nms0best/conv42_97 | timeout: 10s)
[2026-08-28 16:21:10.559] [4623] [HailoRT] [info] [edge_elements.cpp:287] [create] Created (HwReadEl4best/conv52_97 | hw_frame_size: 102400)
[2026-08-28 16:21:10.559] [4623] [HailoRT] [info] [queue_elements.cpp:657] [create] Created (PullQEl_nms4best/conv52_97 | timeout: 10s)
[2026-08-28 16:21:10.559] [4623] [HailoRT] [info] [edge_elements.cpp:287] [create] Created (HwReadEl2best/conv53_97 | hw_frame_size: 1600)
[2026-08-28 16:21:10.559] [4623] [HailoRT] [info] [queue_elements.cpp:657] [create] Created (PullQEl_nms2best/conv53_97 | timeout: 10s)
[2026-08-28 16:21:10.559] [4623] [HailoRT] [info] [edge_elements.cpp:287] [create] Created (HwReadEl7best/conv62_97 | hw_frame_size: 30720)
[2026-08-28 16:21:10.559] [4623] [HailoRT] [info] [queue_elements.cpp:657] [create] Created (PullQEl_nms7best/conv62_97 | timeout: 10s)
[2026-08-28 16:21:10.559] [4623] [HailoRT] [info] [edge_elements.cpp:287] [create] Created (HwReadEl6best/conv63_97 | hw_frame_size: 480)
[2026-08-28 16:21:10.559] [4623] [HailoRT] [info] [queue_elements.cpp:657] [create] Created (PullQEl_nms6best/conv63_97 | timeout: 10s)
[2026-08-28 16:21:10.559] [4623] [HailoRT] [info] [queue_elements.cpp:800] [create] Created (UserBufQEl_post_infer0best/yolov8_nms_postprocess | timeout: 10s)
[2026-08-28 16:21:10.559] [4623] [HailoRT] [info] [vstream.cpp:1114] [OutputVStreamImpl] Creating best/yolov8_nms_postprocess...
[2026-08-28 16:21:10.560] [4623] [HailoRT] [info] [vstream_builder.cpp:622] [create_output_post_process_nms] Output pipeline 'best/yolov8_nms_postprocess': HW >> (HwReadEl1best/conv41_97 | hw_frame_size: 409600) >> (PullQEl_nms1best/conv41_97) >> (HwReadEl0best/conv42_97 | hw_frame_size: 6400) >> (PullQEl_nms0best/conv42_97) >> (HwReadEl4best/conv52_97 | hw_frame_size: 102400) >> (PullQEl_nms4best/conv52_97) >> (HwReadEl2best/conv53_97 | hw_frame_size: 1600) >> (PullQEl_nms2best/conv53_97) >> (HwReadEl7best/conv62_97 | hw_frame_size: 30720) >> (PullQEl_nms7best/conv62_97) >> (HwReadEl6best/conv63_97 | hw_frame_size: 480) >> (PullQEl_nms6best/conv63_97) >> (NmsPPMuxEl0YOLOV8-Post-Process | Op YOLOV8, Name: YOLOV8-Post-Process, Score threshold: 0.250, IoU threshold: 0.70, Classes: 1, Cross classes: false, NMS results order: BY_CLASS, Max bboxes per class: 100, Image height: 640, Image width: 640) >> (UserBufQEl_post_infer0best/yolov8_nms_postprocess | timeout: 10s)
[2026-08-28 16:21:10.570] [6709] [HailoRT] [info] [vdevice_native_stream.cpp:331] [read_impl] Failed read from stream HAILO_STREAM_ABORT(63) (device: 0001:01:00.0)
[2026-08-28 16:21:10.570] [6711] [HailoRT] [info] [vdevice_native_stream.cpp:331] [read_impl] Failed read from stream HAILO_STREAM_ABORT(63) (device: 0001:01:00.0)
[2026-08-28 16:21:10.570] [6709] [HailoRT] [info] [edge_elements.cpp:396] [run_pull] Reading from stream was aborted!
[2026-08-28 16:21:10.570] [6711] [HailoRT] [info] [edge_elements.cpp:396] [run_pull] Reading from stream was aborted!
[2026-08-28 16:21:10.570] [6713] [HailoRT] [info] [vdevice_native_stream.cpp:331] [read_impl] Failed read from stream HAILO_STREAM_ABORT(63) (device: 0001:01:00.0)
[2026-08-28 16:21:10.570] [6711] [HailoRT] [info] [queue_elements.cpp:738] [run_in_thread] run_pull of queue element PullQEl_nms2best/conv53_97 was aborted!
[2026-08-28 16:21:10.570] [6713] [HailoRT] [info] [edge_elements.cpp:396] [run_pull] Reading from stream was aborted!
[2026-08-28 16:21:10.570] [6712] [HailoRT] [info] [vdevice_native_stream.cpp:331] [read_impl] Failed read from stream HAILO_STREAM_ABORT(63) (device: 0001:01:00.0)
[2026-08-28 16:21:10.570] [6713] [HailoRT] [info] [queue_elements.cpp:738] [run_in_thread] run_pull of queue element PullQEl_nms6best/conv63_97 was aborted!
[2026-08-28 16:21:10.570] [6708] [HailoRT] [info] [vdevice_native_stream.cpp:331] [read_impl] Failed read from stream HAILO_STREAM_ABORT(63) (device: 0001:01:00.0)
[2026-08-28 16:21:10.570] [6708] [HailoRT] [info] [edge_elements.cpp:396] [run_pull] Reading from stream was aborted!
[2026-08-28 16:21:10.570] [6712] [HailoRT] [info] [edge_elements.cpp:396] [run_pull] Reading from stream was aborted!
[2026-08-28 16:21:10.570] [6710] [HailoRT] [info] [vdevice_native_stream.cpp:331] [read_impl] Failed read from stream HAILO_STREAM_ABORT(63) (device: 0001:01:00.0)
[2026-08-28 16:21:10.570] [6710] [HailoRT] [info] [edge_elements.cpp:396] [run_pull] Reading from stream was aborted!
[2026-08-28 16:21:10.570] [6708] [HailoRT] [info] [queue_elements.cpp:738] [run_in_thread] run_pull of queue element PullQEl_nms1best/conv41_97 was aborted!
[2026-08-28 16:21:10.570] [6712] [HailoRT] [info] [queue_elements.cpp:738] [run_in_thread] run_pull of queue element PullQEl_nms7best/conv62_97 was aborted!
[2026-08-28 16:21:10.570] [6710] [HailoRT] [info] [queue_elements.cpp:738] [run_in_thread] run_pull of queue element PullQEl_nms4best/conv52_97 was aborted!
[2026-08-28 16:21:10.570] [6709] [HailoRT] [info] [queue_elements.cpp:738] [run_in_thread] run_pull of queue element PullQEl_nms0best/conv42_97 was aborted!
[2026-08-28 16:21:10.570] [6714] [HailoRT] [info] [queue_elements.cpp:68] [operator()] Thread in element UserBufQEl_post_infer0best/yolov8_nms_postprocess is not running anymore, exiting..
[2026-08-28 16:21:10.570] [4623] [HailoRT] [info] [queue_elements.cpp:46] [~BaseQueueElement] Queue element UserBufQEl_post_infer0best/yolov8_nms_postprocess has 0 frames in his Queue on destruction
[2026-08-28 16:21:10.570] [6713] [HailoRT] [info] [queue_elements.cpp:68] [operator()] Thread in element PullQEl_nms6best/conv63_97 is not running anymore, exiting..
[2026-08-28 16:21:10.570] [4623] [HailoRT] [info] [queue_elements.cpp:46] [~BaseQueueElement] Queue element PullQEl_nms6best/conv63_97 has 0 frames in his Queue on destruction
[2026-08-28 16:21:10.570] [6712] [HailoRT] [info] [queue_elements.cpp:68] [operator()] Thread in element PullQEl_nms7best/conv62_97 is not running anymore, exiting..
[2026-08-28 16:21:10.570] [4623] [HailoRT] [info] [queue_elements.cpp:46] [~BaseQueueElement] Queue element PullQEl_nms7best/conv62_97 has 0 frames in his Queue on destruction
[2026-08-28 16:21:10.570] [6711] [HailoRT] [info] [queue_elements.cpp:68] [operator()] Thread in element PullQEl_nms2best/conv53_97 is not running anymore, exiting..
[2026-08-28 16:21:10.570] [4623] [HailoRT] [info] [queue_elements.cpp:46] [~BaseQueueElement] Queue element PullQEl_nms2best/conv53_97 has 0 frames in his Queue on destruction
[2026-08-28 16:21:10.570] [6710] [HailoRT] [info] [queue_elements.cpp:68] [operator()] Thread in element PullQEl_nms4best/conv52_97 is not running anymore, exiting..
[2026-08-28 16:21:10.570] [4623] [HailoRT] [info] [queue_elements.cpp:46] [~BaseQueueElement] Queue element PullQEl_nms4best/conv52_97 has 0 frames in his Queue on destruction
[2026-08-28 16:21:10.570] [6709] [HailoRT] [info] [queue_elements.cpp:68] [operator()] Thread in element PullQEl_nms0best/conv42_97 is not running anymore, exiting..
[2026-08-28 16:21:10.570] [4623] [HailoRT] [info] [queue_elements.cpp:46] [~BaseQueueElement] Queue element PullQEl_nms0best/conv42_97 has 0 frames in his Queue on destruction
[2026-08-28 16:21:10.570] [6708] [HailoRT] [info] [queue_elements.cpp:68] [operator()] Thread in element PullQEl_nms1best/conv41_97 is not running anymore, exiting..
[2026-08-28 16:21:10.570] [4623] [HailoRT] [info] [queue_elements.cpp:46] [~BaseQueueElement] Queue element PullQEl_nms1best/conv41_97 has 0 frames in his Queue on destruction
[2026-08-28 16:21:10.570] [6707] [HailoRT] [info] [queue_elements.cpp:68] [operator()] Thread in element PushQEl3best/input_layer1 is not running anymore, exiting..
[2026-08-28 16:21:10.570] [4623] [HailoRT] [info] [queue_elements.cpp:46] [~BaseQueueElement] Queue element PushQEl3best/input_layer1 has 0 frames in his Queue on destruction
[2026-08-28 16:21:10.571] [4623] [HailoRT] [info] [core_op.cpp:186] [deactivate] Deactivating took 0.401484 ms
[2026-08-28 16:21:10.571] [4623] [HailoRT] [info] [core_op.cpp:186] [deactivate] Deactivating took 0.410447 ms
[2026-08-28 16:21:10.590] [4623] [HailoRT] [info] [core_op.cpp:156] [activate] Activating best took 0.443464 milliseconds. Note that the function is asynchronous and thus the network is not fully activated yet.
[2026-08-28 16:21:10.590] [4623] [HailoRT] [info] [core_op.cpp:156] [activate] Activating best took 0.464019 milliseconds. Note that the function is asynchronous and thus the network is not fully activated yet.
[2026-08-28 16:21:10.590] [4623] [HailoRT] [info] [edge_elements.cpp:52] [create] Created (HwWriteEl3best/input_layer1 | hw_frame_size: 1228800)
[2026-08-28 16:21:10.590] [4623] [HailoRT] [info] [queue_elements.cpp:284] [create] Created (PushQEl3best/input_layer1 | timeout: 10s)
[2026-08-28 16:21:10.590] [4623] [HailoRT] [info] [filter_elements.cpp:101] [create] Created (PreInferEl3best/input_layer1 | Reorder - src_order: NHWC, src_shape: (640, 640, 3), dst_order: NHCW, dst_shape: (640, 640, 3))
[2026-08-28 16:21:10.590] [4623] [HailoRT] [info] [vstream.cpp:754] [InputVStreamImpl] Creating best/input_layer1...
[2026-08-28 16:21:10.590] [4623] [HailoRT] [info] [vstream_builder.cpp:102] [create_inputs] Input pipeline 'best/input_layer1': (PreInferEl3best/input_layer1 | Reorder - src_order: NHWC, src_shape: (640, 640, 3), dst_order: NHCW, dst_shape: (640, 640, 3)) >> (PushQEl3best/input_layer1 | timeout: 10s) >> (HwWriteEl3best/input_layer1 | hw_frame_size: 1228800) >> HW
[2026-08-28 16:21:10.590] [4623] [HailoRT] [info] [multi_io_elements.cpp:135] [create] Created (NmsPPMuxEl0YOLOV8-Post-Process | Op YOLOV8, Name: YOLOV8-Post-Process, Score threshold: 0.250, IoU threshold: 0.70, Classes: 1, Cross classes: false, NMS results order: BY_CLASS, Max bboxes per class: 100, Image height: 640, Image width: 640)
[2026-08-28 16:21:10.590] [4623] [HailoRT] [info] [edge_elements.cpp:287] [create] Created (HwReadEl1best/conv41_97 | hw_frame_size: 409600)
[2026-08-28 16:21:10.591] [4623] [HailoRT] [info] [queue_elements.cpp:657] [create] Created (PullQEl_nms1best/conv41_97 | timeout: 10s)
[2026-08-28 16:21:10.591] [4623] [HailoRT] [info] [edge_elements.cpp:287] [create] Created (HwReadEl0best/conv42_97 | hw_frame_size: 6400)
[2026-08-28 16:21:10.591] [4623] [HailoRT] [info] [queue_elements.cpp:657] [create] Created (PullQEl_nms0best/conv42_97 | timeout: 10s)
[2026-08-28 16:21:10.591] [4623] [HailoRT] [info] [edge_elements.cpp:287] [create] Created (HwReadEl4best/conv52_97 | hw_frame_size: 102400)
[2026-08-28 16:21:10.591] [4623] [HailoRT] [info] [queue_elements.cpp:657] [create] Created (PullQEl_nms4best/conv52_97 | timeout: 10s)
[2026-08-28 16:21:10.591] [4623] [HailoRT] [info] [edge_elements.cpp:287] [create] Created (HwReadEl2best/conv53_97 | hw_frame_size: 1600)
[2026-08-28 16:21:10.591] [4623] [HailoRT] [info] [queue_elements.cpp:657] [create] Created (PullQEl_nms2best/conv53_97 | timeout: 10s)
[2026-08-28 16:21:10.591] [4623] [HailoRT] [info] [edge_elements.cpp:287] [create] Created (HwReadEl7best/conv62_97 | hw_frame_size: 30720)
[2026-08-28 16:21:10.591] [4623] [HailoRT] [info] [queue_elements.cpp:657] [create] Created (PullQEl_nms7best/conv62_97 | timeout: 10s)
[2026-08-28 16:21:10.591] [4623] [HailoRT] [info] [edge_elements.cpp:287] [create] Created (HwReadEl6best/conv63_97 | hw_frame_size: 480)
[2026-08-28 16:21:10.591] [4623] [HailoRT] [info] [queue_elements.cpp:657] [create] Created (PullQEl_nms6best/conv63_97 | timeout: 10s)
[2026-08-28 16:21:10.591] [4623] [HailoRT] [info] [queue_elements.cpp:800] [create] Created (UserBufQEl_post_infer0best/yolov8_nms_postprocess | timeout: 10s)
[2026-08-28 16:21:10.591] [4623] [HailoRT] [info] [vstream.cpp:1114] [OutputVStreamImpl] Creating best/yolov8_nms_postprocess...
[2026-08-28 16:21:10.591] [4623] [HailoRT] [info] [vstream_builder.cpp:622] [create_output_post_process_nms] Output pipeline 'best/yolov8_nms_postprocess': HW >> (HwReadEl1best/conv41_97 | hw_frame_size: 409600) >> (PullQEl_nms1best/conv41_97) >> (HwReadEl0best/conv42_97 | hw_frame_size: 6400) >> (PullQEl_nms0best/conv42_97) >> (HwReadEl4best/conv52_97 | hw_frame_size: 102400) >> (PullQEl_nms4best/conv52_97) >> (HwReadEl2best/conv53_97 | hw_frame_size: 1600) >> (PullQEl_nms2best/conv53_97) >> (HwReadEl7best/conv62_97 | hw_frame_size: 30720) >> (PullQEl_nms7best/conv62_97) >> (HwReadEl6best/conv63_97 | hw_frame_size: 480) >> (PullQEl_nms6best/conv63_97) >> (NmsPPMuxEl0YOLOV8-Post-Process | Op YOLOV8, Name: YOLOV8-Post-Process, Score threshold: 0.250, IoU threshold: 0.70, Classes: 1, Cross classes: false, NMS results order: BY_CLASS, Max bboxes per class: 100, Image height: 640, Image width: 640) >> (UserBufQEl_post_infer0best/yolov8_nms_postprocess | timeout: 10s)
[2026-08-28 16:21:10.601] [6718] [HailoRT] [info] [vdevice_native_stream.cpp:331] [read_impl] Failed read from stream HAILO_STREAM_ABORT(63) (device: 0001:01:00.0)
[2026-08-28 16:21:10.601] [6720] [HailoRT] [info] [vdevice_native_stream.cpp:331] [read_impl] Failed read from stream HAILO_STREAM_ABORT(63) (device: 0001:01:00.0)
[2026-08-28 16:21:10.601] [6720] [HailoRT] [info] [edge_elements.cpp:396] [run_pull] Reading from stream was aborted!
[2026-08-28 16:21:10.601] [6720] [HailoRT] [info] [queue_elements.cpp:738] [run_in_thread] run_pull of queue element PullQEl_nms4best/conv52_97 was aborted!
[2026-08-28 16:21:10.601] [6722] [HailoRT] [info] [vdevice_native_stream.cpp:331] [read_impl] Failed read from stream HAILO_STREAM_ABORT(63) (device: 0001:01:00.0)
[2026-08-28 16:21:10.601] [6722] [HailoRT] [info] [edge_elements.cpp:396] [run_pull] Reading from stream was aborted!
[2026-08-28 16:21:10.601] [6723] [HailoRT] [info] [vdevice_native_stream.cpp:331] [read_impl] Failed read from stream HAILO_STREAM_ABORT(63) (device: 0001:01:00.0)
[2026-08-28 16:21:10.601] [6722] [HailoRT] [info] [queue_elements.cpp:738] [run_in_thread] run_pull of queue element PullQEl_nms7best/conv62_97 was aborted!
[2026-08-28 16:21:10.601] [6723] [HailoRT] [info] [edge_elements.cpp:396] [run_pull] Reading from stream was aborted!
[2026-08-28 16:21:10.601] [6719] [HailoRT] [info] [vdevice_native_stream.cpp:331] [read_impl] Failed read from stream HAILO_STREAM_ABORT(63) (device: 0001:01:00.0)
[2026-08-28 16:21:10.601] [6723] [HailoRT] [info] [queue_elements.cpp:738] [run_in_thread] run_pull of queue element PullQEl_nms6best/conv63_97 was aborted!
[2026-08-28 16:21:10.601] [6719] [HailoRT] [info] [edge_elements.cpp:396] [run_pull] Reading from stream was aborted!
[2026-08-28 16:21:10.601] [6719] [HailoRT] [info] [queue_elements.cpp:738] [run_in_thread] run_pull of queue element PullQEl_nms0best/conv42_97 was aborted!
[2026-08-28 16:21:10.601] [6718] [HailoRT] [info] [edge_elements.cpp:396] [run_pull] Reading from stream was aborted!
[2026-08-28 16:21:10.601] [6718] [HailoRT] [info] [queue_elements.cpp:738] [run_in_thread] run_pull of queue element PullQEl_nms1best/conv41_97 was aborted!
[2026-08-28 16:21:10.601] [6721] [HailoRT] [info] [vdevice_native_stream.cpp:331] [read_impl] Failed read from stream HAILO_STREAM_ABORT(63) (device: 0001:01:00.0)
[2026-08-28 16:21:10.601] [6721] [HailoRT] [info] [edge_elements.cpp:396] [run_pull] Reading from stream was aborted!
[2026-08-28 16:21:10.601] [6721] [HailoRT] [info] [queue_elements.cpp:738] [run_in_thread] run_pull of queue element PullQEl_nms2best/conv53_97 was aborted!
[2026-08-28 16:21:10.602] [6724] [HailoRT] [info] [queue_elements.cpp:68] [operator()] Thread in element UserBufQEl_post_infer0best/yolov8_nms_postprocess is not running anymore, exiting..
[2026-08-28 16:21:10.602] [4623] [HailoRT] [info] [queue_elements.cpp:46] [~BaseQueueElement] Queue element UserBufQEl_post_infer0best/yolov8_nms_postprocess has 0 frames in his Queue on destruction
[2026-08-28 16:21:10.602] [6723] [HailoRT] [info] [queue_elements.cpp:68] [operator()] Thread in element PullQEl_nms6best/conv63_97 is not running anymore, exiting..
[2026-08-28 16:21:10.602] [4623] [HailoRT] [info] [queue_elements.cpp:46] [~BaseQueueElement] Queue element PullQEl_nms6best/conv63_97 has 0 frames in his Queue on destruction
[2026-08-28 16:21:10.602] [6722] [HailoRT] [info] [queue_elements.cpp:68] [operator()] Thread in element PullQEl_nms7best/conv62_97 is not running anymore, exiting..
[2026-08-28 16:21:10.602] [4623] [HailoRT] [info] [queue_elements.cpp:46] [~BaseQueueElement] Queue element PullQEl_nms7best/conv62_97 has 0 frames in his Queue on destruction
[2026-08-28 16:21:10.602] [6721] [HailoRT] [info] [queue_elements.cpp:68] [operator()] Thread in element PullQEl_nms2best/conv53_97 is not running anymore, exiting..
[2026-08-28 16:21:10.602] [4623] [HailoRT] [info] [queue_elements.cpp:46] [~BaseQueueElement] Queue element PullQEl_nms2best/conv53_97 has 0 frames in his Queue on destruction
[2026-08-28 16:21:10.602] [6720] [HailoRT] [info] [queue_elements.cpp:68] [operator()] Thread in element PullQEl_nms4best/conv52_97 is not running anymore, exiting..
[2026-08-28 16:21:10.602] [4623] [HailoRT] [info] [queue_elements.cpp:46] [~BaseQueueElement] Queue element PullQEl_nms4best/conv52_97 has 0 frames in his Queue on destruction
[2026-08-28 16:21:10.602] [6719] [HailoRT] [info] [queue_elements.cpp:68] [operator()] Thread in element PullQEl_nms0best/conv42_97 is not running anymore, exiting..
[2026-08-28 16:21:10.602] [4623] [HailoRT] [info] [queue_elements.cpp:46] [~BaseQueueElement] Queue element PullQEl_nms0best/conv42_97 has 0 frames in his Queue on destruction
[2026-08-28 16:21:10.602] [6718] [HailoRT] [info] [queue_elements.cpp:68] [operator()] Thread in element PullQEl_nms1best/conv41_97 is not running anymore, exiting..
[2026-08-28 16:21:10.602] [4623] [HailoRT] [info] [queue_elements.cpp:46] [~BaseQueueElement] Queue element PullQEl_nms1best/conv41_97 has 0 frames in his Queue on destruction
[2026-08-28 16:21:10.602] [6717] [HailoRT] [info] [queue_elements.cpp:68] [operator()] Thread in element PushQEl3best/input_layer1 is not running anymore, exiting..
[2026-08-28 16:21:10.602] [4623] [HailoRT] [info] [queue_elements.cpp:46] [~BaseQueueElement] Queue element PushQEl3best/input_layer1 has 0 frames in his Queue on destruction
[2026-08-28 16:21:10.603] [4623] [HailoRT] [info] [core_op.cpp:186] [deactivate] Deactivating took 0.413558 ms
[2026-08-28 16:21:10.603] [4623] [HailoRT] [info] [core_op.cpp:186] [deactivate] Deactivating took 0.423558 ms
[2026-08-28 16:21:10.622] [4623] [HailoRT] [info] [core_op.cpp:156] [activate] Activating best took 0.436483 milliseconds. Note that the function is asynchronous and thus the network is not fully activated yet.
[2026-08-28 16:21:10.622] [4623] [HailoRT] [info] [core_op.cpp:156] [activate] Activating best took 0.454686 milliseconds. Note that the function is asynchronous and thus the network is not fully activated yet.
[2026-08-28 16:21:10.622] [4623] [HailoRT] [info] [edge_elements.cpp:52] [create] Created (HwWriteEl3best/input_layer1 | hw_frame_size: 1228800)
[2026-08-28 16:21:10.622] [4623] [HailoRT] [info] [queue_elements.cpp:284] [create] Created (PushQEl3best/input_layer1 | timeout: 10s)
[2026-08-28 16:21:10.623] [4623] [HailoRT] [info] [filter_elements.cpp:101] [create] Created (PreInferEl3best/input_layer1 | Reorder - src_order: NHWC, src_shape: (640, 640, 3), dst_order: NHCW, dst_shape: (640, 640, 3))
[2026-08-28 16:21:10.623] [4623] [HailoRT] [info] [vstream.cpp:754] [InputVStreamImpl] Creating best/input_layer1...
[2026-08-28 16:21:10.623] [4623] [HailoRT] [info] [vstream_builder.cpp:102] [create_inputs] Input pipeline 'best/input_layer1': (PreInferEl3best/input_layer1 | Reorder - src_order: NHWC, src_shape: (640, 640, 3), dst_order: NHCW, dst_shape: (640, 640, 3)) >> (PushQEl3best/input_layer1 | timeout: 10s) >> (HwWriteEl3best/input_layer1 | hw_frame_size: 1228800) >> HW
[2026-08-28 16:21:10.623] [4623] [HailoRT] [info] [multi_io_elements.cpp:135] [create] Created (NmsPPMuxEl0YOLOV8-Post-Process | Op YOLOV8, Name: YOLOV8-Post-Process, Score threshold: 0.250, IoU threshold: 0.70, Classes: 1, Cross classes: false, NMS results order: BY_CLASS, Max bboxes per class: 100, Image height: 640, Image width: 640)
[2026-08-28 16:21:10.623] [4623] [HailoRT] [info] [edge_elements.cpp:287] [create] Created (HwReadEl1best/conv41_97 | hw_frame_size: 409600)
[2026-08-28 16:21:10.623] [4623] [HailoRT] [info] [queue_elements.cpp:657] [create] Created (PullQEl_nms1best/conv41_97 | timeout: 10s)
[2026-08-28 16:21:10.623] [4623] [HailoRT] [info] [edge_elements.cpp:287] [create] Created (HwReadEl0best/conv42_97 | hw_frame_size: 6400)
[2026-08-28 16:21:10.623] [4623] [HailoRT] [info] [queue_elements.cpp:657] [create] Created (PullQEl_nms0best/conv42_97 | timeout: 10s)
[2026-08-28 16:21:10.623] [4623] [HailoRT] [info] [edge_elements.cpp:287] [create] Created (HwReadEl4best/conv52_97 | hw_frame_size: 102400)
[2026-08-28 16:21:10.623] [4623] [HailoRT] [info] [queue_elements.cpp:657] [create] Created (PullQEl_nms4best/conv52_97 | timeout: 10s)
[2026-08-28 16:21:10.623] [4623] [HailoRT] [info] [edge_elements.cpp:287] [create] Created (HwReadEl2best/conv53_97 | hw_frame_size: 1600)
[2026-08-28 16:21:10.623] [4623] [HailoRT] [info] [queue_elements.cpp:657] [create] Created (PullQEl_nms2best/conv53_97 | timeout: 10s)
[2026-08-28 16:21:10.623] [4623] [HailoRT] [info] [edge_elements.cpp:287] [create] Created (HwReadEl7best/conv62_97 | hw_frame_size: 30720)
[2026-08-28 16:21:10.623] [4623] [HailoRT] [info] [queue_elements.cpp:657] [create] Created (PullQEl_nms7best/conv62_97 | timeout: 10s)
[2026-08-28 16:21:10.623] [4623] [HailoRT] [info] [edge_elements.cpp:287] [create] Created (HwReadEl6best/conv63_97 | hw_frame_size: 480)
[2026-08-28 16:21:10.623] [4623] [HailoRT] [info] [queue_elements.cpp:657] [create] Created (PullQEl_nms6best/conv63_97 | timeout: 10s)
[2026-08-28 16:21:10.623] [4623] [HailoRT] [info] [queue_elements.cpp:800] [create] Created (UserBufQEl_post_infer0best/yolov8_nms_postprocess | timeout: 10s)
[2026-08-28 16:21:10.623] [4623] [HailoRT] [info] [vstream.cpp:1114] [OutputVStreamImpl] Creating best/yolov8_nms_postprocess...
[2026-08-28 16:21:10.623] [4623] [HailoRT] [info] [vstream_builder.cpp:622] [create_output_post_process_nms] Output pipeline 'best/yolov8_nms_postprocess': HW >> (HwReadEl1best/conv41_97 | hw_frame_size: 409600) >> (PullQEl_nms1best/conv41_97) >> (HwReadEl0best/conv42_97 | hw_frame_size: 6400) >> (PullQEl_nms0best/conv42_97) >> (HwReadEl4best/conv52_97 | hw_frame_size: 102400) >> (PullQEl_nms4best/conv52_97) >> (HwReadEl2best/conv53_97 | hw_frame_size: 1600) >> (PullQEl_nms2best/conv53_97) >> (HwReadEl7best/conv62_97 | hw_frame_size: 30720) >> (PullQEl_nms7best/conv62_97) >> (HwReadEl6best/conv63_97 | hw_frame_size: 480) >> (PullQEl_nms6best/conv63_97) >> (NmsPPMuxEl0YOLOV8-Post-Process | Op YOLOV8, Name: YOLOV8-Post-Process, Score threshold: 0.250, IoU threshold: 0.70, Classes: 1, Cross classes: false, NMS results order: BY_CLASS, Max bboxes per class: 100, Image height: 640, Image width: 640) >> (UserBufQEl_post_infer0best/yolov8_nms_postprocess | timeout: 10s)
[2026-08-28 16:21:10.633] [6729] [HailoRT] [info] [vdevice_native_stream.cpp:331] [read_impl] Failed read from stream HAILO_STREAM_ABORT(63) (device: 0001:01:00.0)
[2026-08-28 16:21:10.633] [6731] [HailoRT] [info] [vdevice_native_stream.cpp:331] [read_impl] Failed read from stream HAILO_STREAM_ABORT(63) (device: 0001:01:00.0)
[2026-08-28 16:21:10.633] [6732] [HailoRT] [info] [vdevice_native_stream.cpp:331] [read_impl] Failed read from stream HAILO_STREAM_ABORT(63) (device: 0001:01:00.0)
[2026-08-28 16:21:10.633] [6728] [HailoRT] [info] [vdevice_native_stream.cpp:331] [read_impl] Failed read from stream HAILO_STREAM_ABORT(63) (device: 0001:01:00.0)
[2026-08-28 16:21:10.633] [6728] [HailoRT] [info] [edge_elements.cpp:396] [run_pull] Reading from stream was aborted!
[2026-08-28 16:21:10.633] [6733] [HailoRT] [info] [vdevice_native_stream.cpp:331] [read_impl] Failed read from stream HAILO_STREAM_ABORT(63) (device: 0001:01:00.0)
[2026-08-28 16:21:10.633] [6733] [HailoRT] [info] [edge_elements.cpp:396] [run_pull] Reading from stream was aborted!
[2026-08-28 16:21:10.633] [6731] [HailoRT] [info] [edge_elements.cpp:396] [run_pull] Reading from stream was aborted!
[2026-08-28 16:21:10.633] [6729] [HailoRT] [info] [edge_elements.cpp:396] [run_pull] Reading from stream was aborted!
[2026-08-28 16:21:10.634] [6733] [HailoRT] [info] [queue_elements.cpp:738] [run_in_thread] run_pull of queue element PullQEl_nms6best/conv63_97 was aborted!
[2026-08-28 16:21:10.634] [6731] [HailoRT] [info] [queue_elements.cpp:738] [run_in_thread] run_pull of queue element PullQEl_nms2best/conv53_97 was aborted!
[2026-08-28 16:21:10.633] [6728] [HailoRT] [info] [queue_elements.cpp:738] [run_in_thread] run_pull of queue element PullQEl_nms1best/conv41_97 was aborted!
[2026-08-28 16:21:10.634] [6729] [HailoRT] [info] [queue_elements.cpp:738] [run_in_thread] run_pull of queue element PullQEl_nms0best/conv42_97 was aborted!
[2026-08-28 16:21:10.633] [6730] [HailoRT] [info] [vdevice_native_stream.cpp:331] [read_impl] Failed read from stream HAILO_STREAM_ABORT(63) (device: 0001:01:00.0)
[2026-08-28 16:21:10.634] [6730] [HailoRT] [info] [edge_elements.cpp:396] [run_pull] Reading from stream was aborted!
[2026-08-28 16:21:10.633] [6732] [HailoRT] [info] [edge_elements.cpp:396] [run_pull] Reading from stream was aborted!
[2026-08-28 16:21:10.634] [6730] [HailoRT] [info] [queue_elements.cpp:738] [run_in_thread] run_pull of queue element PullQEl_nms4best/conv52_97 was aborted!
[2026-08-28 16:21:10.634] [6732] [HailoRT] [info] [queue_elements.cpp:738] [run_in_thread] run_pull of queue element PullQEl_nms7best/conv62_97 was aborted!
[2026-08-28 16:21:10.634] [6734] [HailoRT] [info] [queue_elements.cpp:68] [operator()] Thread in element UserBufQEl_post_infer0best/yolov8_nms_postprocess is not running anymore, exiting..
[2026-08-28 16:21:10.634] [4623] [HailoRT] [info] [queue_elements.cpp:46] [~BaseQueueElement] Queue element UserBufQEl_post_infer0best/yolov8_nms_postprocess has 0 frames in his Queue on destruction
[2026-08-28 16:21:10.634] [6733] [HailoRT] [info] [queue_elements.cpp:68] [operator()] Thread in element PullQEl_nms6best/conv63_97 is not running anymore, exiting..
[2026-08-28 16:21:10.634] [4623] [HailoRT] [info] [queue_elements.cpp:46] [~BaseQueueElement] Queue element PullQEl_nms6best/conv63_97 has 0 frames in his Queue on destruction
[2026-08-28 16:21:10.634] [6732] [HailoRT] [info] [queue_elements.cpp:68] [operator()] Thread in element PullQEl_nms7best/conv62_97 is not running anymore, exiting..
[2026-08-28 16:21:10.634] [4623] [HailoRT] [info] [queue_elements.cpp:46] [~BaseQueueElement] Queue element PullQEl_nms7best/conv62_97 has 0 frames in his Queue on destruction
[2026-08-28 16:21:10.634] [6731] [HailoRT] [info] [queue_elements.cpp:68] [operator()] Thread in element PullQEl_nms2best/conv53_97 is not running anymore, exiting..
[2026-08-28 16:21:10.634] [4623] [HailoRT] [info] [queue_elements.cpp:46] [~BaseQueueElement] Queue element PullQEl_nms2best/conv53_97 has 0 frames in his Queue on destruction
[2026-08-28 16:21:10.634] [6730] [HailoRT] [info] [queue_elements.cpp:68] [operator()] Thread in element PullQEl_nms4best/conv52_97 is not running anymore, exiting..
[2026-08-28 16:21:10.634] [4623] [HailoRT] [info] [queue_elements.cpp:46] [~BaseQueueElement] Queue element PullQEl_nms4best/conv52_97 has 0 frames in his Queue on destruction
[2026-08-28 16:21:10.634] [6729] [HailoRT] [info] [queue_elements.cpp:68] [operator()] Thread in element PullQEl_nms0best/conv42_97 is not running anymore, exiting..
[2026-08-28 16:21:10.634] [4623] [HailoRT] [info] [queue_elements.cpp:46] [~BaseQueueElement] Queue element PullQEl_nms0best/conv42_97 has 0 frames in his Queue on destruction
[2026-08-28 16:21:10.634] [6728] [HailoRT] [info] [queue_elements.cpp:68] [operator()] Thread in element PullQEl_nms1best/conv41_97 is not running anymore, exiting..
[2026-08-28 16:21:10.634] [4623] [HailoRT] [info] [queue_elements.cpp:46] [~BaseQueueElement] Queue element PullQEl_nms1best/conv41_97 has 0 frames in his Queue on destruction
[2026-08-28 16:21:10.634] [6727] [HailoRT] [info] [queue_elements.cpp:68] [operator()] Thread in element PushQEl3best/input_layer1 is not running anymore, exiting..
[2026-08-28 16:21:10.634] [4623] [HailoRT] [info] [queue_elements.cpp:46] [~BaseQueueElement] Queue element PushQEl3best/input_layer1 has 0 frames in his Queue on destruction
[2026-08-28 16:21:10.634] [4623] [HailoRT] [info] [core_op.cpp:186] [deactivate] Deactivating took 0.398892 ms
[2026-08-28 16:21:10.634] [4623] [HailoRT] [info] [core_op.cpp:186] [deactivate] Deactivating took 0.407744 ms
[2026-08-28 16:21:10.654] [4623] [HailoRT] [info] [core_op.cpp:156] [activate] Activating best took 0.439687 milliseconds. Note that the function is asynchronous and thus the network is not fully activated yet.
[2026-08-28 16:21:10.654] [4623] [HailoRT] [info] [core_op.cpp:156] [activate] Activating best took 0.459871 milliseconds. Note that the function is asynchronous and thus the network is not fully activated yet.
[2026-08-28 16:21:10.654] [4623] [HailoRT] [info] [edge_elements.cpp:52] [create] Created (HwWriteEl3best/input_layer1 | hw_frame_size: 1228800)
[2026-08-28 16:21:10.654] [4623] [HailoRT] [info] [queue_elements.cpp:284] [create] Created (PushQEl3best/input_layer1 | timeout: 10s)
[2026-08-28 16:21:10.654] [4623] [HailoRT] [info] [filter_elements.cpp:101] [create] Created (PreInferEl3best/input_layer1 | Reorder - src_order: NHWC, src_shape: (640, 640, 3), dst_order: NHCW, dst_shape: (640, 640, 3))
[2026-08-28 16:21:10.654] [4623] [HailoRT] [info] [vstream.cpp:754] [InputVStreamImpl] Creating best/input_layer1...
[2026-08-28 16:21:10.654] [4623] [HailoRT] [info] [vstream_builder.cpp:102] [create_inputs] Input pipeline 'best/input_layer1': (PreInferEl3best/input_layer1 | Reorder - src_order: NHWC, src_shape: (640, 640, 3), dst_order: NHCW, dst_shape: (640, 640, 3)) >> (PushQEl3best/input_layer1 | timeout: 10s) >> (HwWriteEl3best/input_layer1 | hw_frame_size: 1228800) >> HW
[2026-08-28 16:21:10.654] [4623] [HailoRT] [info] [multi_io_elements.cpp:135] [create] Created (NmsPPMuxEl0YOLOV8-Post-Process | Op YOLOV8, Name: YOLOV8-Post-Process, Score threshold: 0.250, IoU threshold: 0.70, Classes: 1, Cross classes: false, NMS results order: BY_CLASS, Max bboxes per class: 100, Image height: 640, Image width: 640)
[2026-08-28 16:21:10.654] [4623] [HailoRT] [info] [edge_elements.cpp:287] [create] Created (HwReadEl1best/conv41_97 | hw_frame_size: 409600)
[2026-08-28 16:21:10.654] [4623] [HailoRT] [info] [queue_elements.cpp:657] [create] Created (PullQEl_nms1best/conv41_97 | timeout: 10s)
[2026-08-28 16:21:10.654] [4623] [HailoRT] [info] [edge_elements.cpp:287] [create] Created (HwReadEl0best/conv42_97 | hw_frame_size: 6400)
[2026-08-28 16:21:10.654] [4623] [HailoRT] [info] [queue_elements.cpp:657] [create] Created (PullQEl_nms0best/conv42_97 | timeout: 10s)
[2026-08-28 16:21:10.654] [4623] [HailoRT] [info] [edge_elements.cpp:287] [create] Created (HwReadEl4best/conv52_97 | hw_frame_size: 102400)
[2026-08-28 16:21:10.654] [4623] [HailoRT] [info] [queue_elements.cpp:657] [create] Created (PullQEl_nms4best/conv52_97 | timeout: 10s)
[2026-08-28 16:21:10.654] [4623] [HailoRT] [info] [edge_elements.cpp:287] [create] Created (HwReadEl2best/conv53_97 | hw_frame_size: 1600)
[2026-08-28 16:21:10.654] [4623] [HailoRT] [info] [queue_elements.cpp:657] [create] Created (PullQEl_nms2best/conv53_97 | timeout: 10s)
[2026-08-28 16:21:10.654] [4623] [HailoRT] [info] [edge_elements.cpp:287] [create] Created (HwReadEl7best/conv62_97 | hw_frame_size: 30720)
[2026-08-28 16:21:10.654] [4623] [HailoRT] [info] [queue_elements.cpp:657] [create] Created (PullQEl_nms7best/conv62_97 | timeout: 10s)
[2026-08-28 16:21:10.654] [4623] [HailoRT] [info] [edge_elements.cpp:287] [create] Created (HwReadEl6best/conv63_97 | hw_frame_size: 480)
[2026-08-28 16:21:10.654] [4623] [HailoRT] [info] [queue_elements.cpp:657] [create] Created (PullQEl_nms6best/conv63_97 | timeout: 10s)
[2026-08-28 16:21:10.655] [4623] [HailoRT] [info] [queue_elements.cpp:800] [create] Created (UserBufQEl_post_infer0best/yolov8_nms_postprocess | timeout: 10s)
[2026-08-28 16:21:10.655] [4623] [HailoRT] [info] [vstream.cpp:1114] [OutputVStreamImpl] Creating best/yolov8_nms_postprocess...
[2026-08-28 16:21:10.655] [4623] [HailoRT] [info] [vstream_builder.cpp:622] [create_output_post_process_nms] Output pipeline 'best/yolov8_nms_postprocess': HW >> (HwReadEl1best/conv41_97 | hw_frame_size: 409600) >> (PullQEl_nms1best/conv41_97) >> (HwReadEl0best/conv42_97 | hw_frame_size: 6400) >> (PullQEl_nms0best/conv42_97) >> (HwReadEl4best/conv52_97 | hw_frame_size: 102400) >> (PullQEl_nms4best/conv52_97) >> (HwReadEl2best/conv53_97 | hw_frame_size: 1600) >> (PullQEl_nms2best/conv53_97) >> (HwReadEl7best/conv62_97 | hw_frame_size: 30720) >> (PullQEl_nms7best/conv62_97) >> (HwReadEl6best/conv63_97 | hw_frame_size: 480) >> (PullQEl_nms6best/conv63_97) >> (NmsPPMuxEl0YOLOV8-Post-Process | Op YOLOV8, Name: YOLOV8-Post-Process, Score threshold: 0.250, IoU threshold: 0.70, Classes: 1, Cross classes: false, NMS results order: BY_CLASS, Max bboxes per class: 100, Image height: 640, Image width: 640) >> (UserBufQEl_post_infer0best/yolov8_nms_postprocess | timeout: 10s)
[2026-08-28 16:21:10.665] [6738] [HailoRT] [info] [vdevice_native_stream.cpp:331] [read_impl] Failed read from stream HAILO_STREAM_ABORT(63) (device: 0001:01:00.0)
[2026-08-28 16:21:10.665] [6742] [HailoRT] [info] [vdevice_native_stream.cpp:331] [read_impl] Failed read from stream HAILO_STREAM_ABORT(63) (device: 0001:01:00.0)
[2026-08-28 16:21:10.665] [6738] [HailoRT] [info] [edge_elements.cpp:396] [run_pull] Reading from stream was aborted!
[2026-08-28 16:21:10.665] [6742] [HailoRT] [info] [edge_elements.cpp:396] [run_pull] Reading from stream was aborted!
[2026-08-28 16:21:10.665] [6740] [HailoRT] [info] [vdevice_native_stream.cpp:331] [read_impl] Failed read from stream HAILO_STREAM_ABORT(63) (device: 0001:01:00.0)
[2026-08-28 16:21:10.665] [6740] [HailoRT] [info] [edge_elements.cpp:396] [run_pull] Reading from stream was aborted!
[2026-08-28 16:21:10.665] [6742] [HailoRT] [info] [queue_elements.cpp:738] [run_in_thread] run_pull of queue element PullQEl_nms7best/conv62_97 was aborted!
[2026-08-28 16:21:10.665] [6740] [HailoRT] [info] [queue_elements.cpp:738] [run_in_thread] run_pull of queue element PullQEl_nms4best/conv52_97 was aborted!
[2026-08-28 16:21:10.665] [6741] [HailoRT] [info] [vdevice_native_stream.cpp:331] [read_impl] Failed read from stream HAILO_STREAM_ABORT(63) (device: 0001:01:00.0)
[2026-08-28 16:21:10.665] [6743] [HailoRT] [info] [vdevice_native_stream.cpp:331] [read_impl] Failed read from stream HAILO_STREAM_ABORT(63) (device: 0001:01:00.0)
[2026-08-28 16:21:10.665] [6741] [HailoRT] [info] [edge_elements.cpp:396] [run_pull] Reading from stream was aborted!
[2026-08-28 16:21:10.665] [6743] [HailoRT] [info] [edge_elements.cpp:396] [run_pull] Reading from stream was aborted!
[2026-08-28 16:21:10.665] [6739] [HailoRT] [info] [vdevice_native_stream.cpp:331] [read_impl] Failed read from stream HAILO_STREAM_ABORT(63) (device: 0001:01:00.0)
[2026-08-28 16:21:10.665] [6743] [HailoRT] [info] [queue_elements.cpp:738] [run_in_thread] run_pull of queue element PullQEl_nms6best/conv63_97 was aborted!
[2026-08-28 16:21:10.665] [6739] [HailoRT] [info] [edge_elements.cpp:396] [run_pull] Reading from stream was aborted!
[2026-08-28 16:21:10.665] [6739] [HailoRT] [info] [queue_elements.cpp:738] [run_in_thread] run_pull of queue element PullQEl_nms0best/conv42_97 was aborted!
[2026-08-28 16:21:10.665] [6741] [HailoRT] [info] [queue_elements.cpp:738] [run_in_thread] run_pull of queue element PullQEl_nms2best/conv53_97 was aborted!
[2026-08-28 16:21:10.665] [6738] [HailoRT] [info] [queue_elements.cpp:738] [run_in_thread] run_pull of queue element PullQEl_nms1best/conv41_97 was aborted!
[2026-08-28 16:21:10.665] [6744] [HailoRT] [info] [queue_elements.cpp:68] [operator()] Thread in element UserBufQEl_post_infer0best/yolov8_nms_postprocess is not running anymore, exiting..
[2026-08-28 16:21:10.665] [4623] [HailoRT] [info] [queue_elements.cpp:46] [~BaseQueueElement] Queue element UserBufQEl_post_infer0best/yolov8_nms_postprocess has 0 frames in his Queue on destruction
[2026-08-28 16:21:10.665] [6743] [HailoRT] [info] [queue_elements.cpp:68] [operator()] Thread in element PullQEl_nms6best/conv63_97 is not running anymore, exiting..
[2026-08-28 16:21:10.665] [4623] [HailoRT] [info] [queue_elements.cpp:46] [~BaseQueueElement] Queue element PullQEl_nms6best/conv63_97 has 0 frames in his Queue on destruction
[2026-08-28 16:21:10.665] [6742] [HailoRT] [info] [queue_elements.cpp:68] [operator()] Thread in element PullQEl_nms7best/conv62_97 is not running anymore, exiting..
[2026-08-28 16:21:10.665] [4623] [HailoRT] [info] [queue_elements.cpp:46] [~BaseQueueElement] Queue element PullQEl_nms7best/conv62_97 has 0 frames in his Queue on destruction
[2026-08-28 16:21:10.665] [6741] [HailoRT] [info] [queue_elements.cpp:68] [operator()] Thread in element PullQEl_nms2best/conv53_97 is not running anymore, exiting..
[2026-08-28 16:21:10.665] [4623] [HailoRT] [info] [queue_elements.cpp:46] [~BaseQueueElement] Queue element PullQEl_nms2best/conv53_97 has 0 frames in his Queue on destruction
[2026-08-28 16:21:10.665] [6740] [HailoRT] [info] [queue_elements.cpp:68] [operator()] Thread in element PullQEl_nms4best/conv52_97 is not running anymore, exiting..
[2026-08-28 16:21:10.665] [4623] [HailoRT] [info] [queue_elements.cpp:46] [~BaseQueueElement] Queue element PullQEl_nms4best/conv52_97 has 0 frames in his Queue on destruction
[2026-08-28 16:21:10.665] [6739] [HailoRT] [info] [queue_elements.cpp:68] [operator()] Thread in element PullQEl_nms0best/conv42_97 is not running anymore, exiting..
[2026-08-28 16:21:10.665] [4623] [HailoRT] [info] [queue_elements.cpp:46] [~BaseQueueElement] Queue element PullQEl_nms0best/conv42_97 has 0 frames in his Queue on destruction
[2026-08-28 16:21:10.665] [6738] [HailoRT] [info] [queue_elements.cpp:68] [operator()] Thread in element PullQEl_nms1best/conv41_97 is not running anymore, exiting..
[2026-08-28 16:21:10.665] [4623] [HailoRT] [info] [queue_elements.cpp:46] [~BaseQueueElement] Queue element PullQEl_nms1best/conv41_97 has 0 frames in his Queue on destruction
[2026-08-28 16:21:10.665] [6737] [HailoRT] [info] [queue_elements.cpp:68] [operator()] Thread in element PushQEl3best/input_layer1 is not running anymore, exiting..
[2026-08-28 16:21:10.665] [4623] [HailoRT] [info] [queue_elements.cpp:46] [~BaseQueueElement] Queue element PushQEl3best/input_layer1 has 0 frames in his Queue on destruction
[2026-08-28 16:21:10.666] [4623] [HailoRT] [info] [core_op.cpp:186] [deactivate] Deactivating took 0.397206 ms
[2026-08-28 16:21:10.666] [4623] [HailoRT] [info] [core_op.cpp:186] [deactivate] Deactivating took 0.405762 ms
[2026-08-28 16:21:10.686] [4623] [HailoRT] [info] [core_op.cpp:156] [activate] Activating best took 0.455204 milliseconds. Note that the function is asynchronous and thus the network is not fully activated yet.
[2026-08-28 16:21:10.686] [4623] [HailoRT] [info] [core_op.cpp:156] [activate] Activating best took 0.476389 milliseconds. Note that the function is asynchronous and thus the network is not fully activated yet.
[2026-08-28 16:21:10.686] [4623] [HailoRT] [info] [edge_elements.cpp:52] [create] Created (HwWriteEl3best/input_layer1 | hw_frame_size: 1228800)
[2026-08-28 16:21:10.686] [4623] [HailoRT] [info] [queue_elements.cpp:284] [create] Created (PushQEl3best/input_layer1 | timeout: 10s)
[2026-08-28 16:21:10.686] [4623] [HailoRT] [info] [filter_elements.cpp:101] [create] Created (PreInferEl3best/input_layer1 | Reorder - src_order: NHWC, src_shape: (640, 640, 3), dst_order: NHCW, dst_shape: (640, 640, 3))
[2026-08-28 16:21:10.686] [4623] [HailoRT] [info] [vstream.cpp:754] [InputVStreamImpl] Creating best/input_layer1...
[2026-08-28 16:21:10.686] [4623] [HailoRT] [info] [vstream_builder.cpp:102] [create_inputs] Input pipeline 'best/input_layer1': (PreInferEl3best/input_layer1 | Reorder - src_order: NHWC, src_shape: (640, 640, 3), dst_order: NHCW, dst_shape: (640, 640, 3)) >> (PushQEl3best/input_layer1 | timeout: 10s) >> (HwWriteEl3best/input_layer1 | hw_frame_size: 1228800) >> HW
[2026-08-28 16:21:10.686] [4623] [HailoRT] [info] [multi_io_elements.cpp:135] [create] Created (NmsPPMuxEl0YOLOV8-Post-Process | Op YOLOV8, Name: YOLOV8-Post-Process, Score threshold: 0.250, IoU threshold: 0.70, Classes: 1, Cross classes: false, NMS results order: BY_CLASS, Max bboxes per class: 100, Image height: 640, Image width: 640)
[2026-08-28 16:21:10.686] [4623] [HailoRT] [info] [edge_elements.cpp:287] [create] Created (HwReadEl1best/conv41_97 | hw_frame_size: 409600)
[2026-08-28 16:21:10.686] [4623] [HailoRT] [info] [queue_elements.cpp:657] [create] Created (PullQEl_nms1best/conv41_97 | timeout: 10s)
[2026-08-28 16:21:10.686] [4623] [HailoRT] [info] [edge_elements.cpp:287] [create] Created (HwReadEl0best/conv42_97 | hw_frame_size: 6400)
[2026-08-28 16:21:10.686] [4623] [HailoRT] [info] [queue_elements.cpp:657] [create] Created (PullQEl_nms0best/conv42_97 | timeout: 10s)
[2026-08-28 16:21:10.686] [4623] [HailoRT] [info] [edge_elements.cpp:287] [create] Created (HwReadEl4best/conv52_97 | hw_frame_size: 102400)
[2026-08-28 16:21:10.686] [4623] [HailoRT] [info] [queue_elements.cpp:657] [create] Created (PullQEl_nms4best/conv52_97 | timeout: 10s)
[2026-08-28 16:21:10.686] [4623] [HailoRT] [info] [edge_elements.cpp:287] [create] Created (HwReadEl2best/conv53_97 | hw_frame_size: 1600)
[2026-08-28 16:21:10.687] [4623] [HailoRT] [info] [queue_elements.cpp:657] [create] Created (PullQEl_nms2best/conv53_97 | timeout: 10s)
[2026-08-28 16:21:10.687] [4623] [HailoRT] [info] [edge_elements.cpp:287] [create] Created (HwReadEl7best/conv62_97 | hw_frame_size: 30720)
[2026-08-28 16:21:10.687] [4623] [HailoRT] [info] [queue_elements.cpp:657] [create] Created (PullQEl_nms7best/conv62_97 | timeout: 10s)
[2026-08-28 16:21:10.687] [4623] [HailoRT] [info] [edge_elements.cpp:287] [create] Created (HwReadEl6best/conv63_97 | hw_frame_size: 480)
[2026-08-28 16:21:10.687] [4623] [HailoRT] [info] [queue_elements.cpp:657] [create] Created (PullQEl_nms6best/conv63_97 | timeout: 10s)
[2026-08-28 16:21:10.687] [4623] [HailoRT] [info] [queue_elements.cpp:800] [create] Created (UserBufQEl_post_infer0best/yolov8_nms_postprocess | timeout: 10s)
[2026-08-28 16:21:10.687] [4623] [HailoRT] [info] [vstream.cpp:1114] [OutputVStreamImpl] Creating best/yolov8_nms_postprocess...
[2026-08-28 16:21:10.687] [4623] [HailoRT] [info] [vstream_builder.cpp:622] [create_output_post_process_nms] Output pipeline 'best/yolov8_nms_postprocess': HW >> (HwReadEl1best/conv41_97 | hw_frame_size: 409600) >> (PullQEl_nms1best/conv41_97) >> (HwReadEl0best/conv42_97 | hw_frame_size: 6400) >> (PullQEl_nms0best/conv42_97) >> (HwReadEl4best/conv52_97 | hw_frame_size: 102400) >> (PullQEl_nms4best/conv52_97) >> (HwReadEl2best/conv53_97 | hw_frame_size: 1600) >> (PullQEl_nms2best/conv53_97) >> (HwReadEl7best/conv62_97 | hw_frame_size: 30720) >> (PullQEl_nms7best/conv62_97) >> (HwReadEl6best/conv63_97 | hw_frame_size: 480) >> (PullQEl_nms6best/conv63_97) >> (NmsPPMuxEl0YOLOV8-Post-Process | Op YOLOV8, Name: YOLOV8-Post-Process, Score threshold: 0.250, IoU threshold: 0.70, Classes: 1, Cross classes: false, NMS results order: BY_CLASS, Max bboxes per class: 100, Image height: 640, Image width: 640) >> (UserBufQEl_post_infer0best/yolov8_nms_postprocess | timeout: 10s)
[2026-08-28 16:21:10.697] [6748] [HailoRT] [info] [vdevice_native_stream.cpp:331] [read_impl] Failed read from stream HAILO_STREAM_ABORT(63) (device: 0001:01:00.0)
[2026-08-28 16:21:10.697] [6752] [HailoRT] [info] [vdevice_native_stream.cpp:331] [read_impl] Failed read from stream HAILO_STREAM_ABORT(63) (device: 0001:01:00.0)
[2026-08-28 16:21:10.697] [6752] [HailoRT] [info] [edge_elements.cpp:396] [run_pull] Reading from stream was aborted!
[2026-08-28 16:21:10.697] [6748] [HailoRT] [info] [edge_elements.cpp:396] [run_pull] Reading from stream was aborted!
[2026-08-28 16:21:10.697] [6752] [HailoRT] [info] [queue_elements.cpp:738] [run_in_thread] run_pull of queue element PullQEl_nms7best/conv62_97 was aborted!
[2026-08-28 16:21:10.697] [6751] [HailoRT] [info] [vdevice_native_stream.cpp:331] [read_impl] Failed read from stream HAILO_STREAM_ABORT(63) (device: 0001:01:00.0)
[2026-08-28 16:21:10.697] [6751] [HailoRT] [info] [edge_elements.cpp:396] [run_pull] Reading from stream was aborted!
[2026-08-28 16:21:10.697] [6750] [HailoRT] [info] [vdevice_native_stream.cpp:331] [read_impl] Failed read from stream HAILO_STREAM_ABORT(63) (device: 0001:01:00.0)
[2026-08-28 16:21:10.697] [6749] [HailoRT] [info] [vdevice_native_stream.cpp:331] [read_impl] Failed read from stream HAILO_STREAM_ABORT(63) (device: 0001:01:00.0)
[2026-08-28 16:21:10.697] [6749] [HailoRT] [info] [edge_elements.cpp:396] [run_pull] Reading from stream was aborted!
[2026-08-28 16:21:10.697] [6753] [HailoRT] [info] [vdevice_native_stream.cpp:331] [read_impl] Failed read from stream HAILO_STREAM_ABORT(63) (device: 0001:01:00.0)
[2026-08-28 16:21:10.697] [6753] [HailoRT] [info] [edge_elements.cpp:396] [run_pull] Reading from stream was aborted!
[2026-08-28 16:21:10.697] [6749] [HailoRT] [info] [queue_elements.cpp:738] [run_in_thread] run_pull of queue element PullQEl_nms0best/conv42_97 was aborted!
[2026-08-28 16:21:10.697] [6748] [HailoRT] [info] [queue_elements.cpp:738] [run_in_thread] run_pull of queue element PullQEl_nms1best/conv41_97 was aborted!
[2026-08-28 16:21:10.697] [6753] [HailoRT] [info] [queue_elements.cpp:738] [run_in_thread] run_pull of queue element PullQEl_nms6best/conv63_97 was aborted!
[2026-08-28 16:21:10.697] [6751] [HailoRT] [info] [queue_elements.cpp:738] [run_in_thread] run_pull of queue element PullQEl_nms2best/conv53_97 was aborted!
[2026-08-28 16:21:10.697] [6750] [HailoRT] [info] [edge_elements.cpp:396] [run_pull] Reading from stream was aborted!
[2026-08-28 16:21:10.697] [6750] [HailoRT] [info] [queue_elements.cpp:738] [run_in_thread] run_pull of queue element PullQEl_nms4best/conv52_97 was aborted!
[2026-08-28 16:21:10.697] [6754] [HailoRT] [info] [queue_elements.cpp:68] [operator()] Thread in element UserBufQEl_post_infer0best/yolov8_nms_postprocess is not running anymore, exiting..
[2026-08-28 16:21:10.697] [4623] [HailoRT] [info] [queue_elements.cpp:46] [~BaseQueueElement] Queue element UserBufQEl_post_infer0best/yolov8_nms_postprocess has 0 frames in his Queue on destruction
[2026-08-28 16:21:10.697] [6753] [HailoRT] [info] [queue_elements.cpp:68] [operator()] Thread in element PullQEl_nms6best/conv63_97 is not running anymore, exiting..
[2026-08-28 16:21:10.697] [4623] [HailoRT] [info] [queue_elements.cpp:46] [~BaseQueueElement] Queue element PullQEl_nms6best/conv63_97 has 0 frames in his Queue on destruction
[2026-08-28 16:21:10.697] [6752] [HailoRT] [info] [queue_elements.cpp:68] [operator()] Thread in element PullQEl_nms7best/conv62_97 is not running anymore, exiting..
[2026-08-28 16:21:10.697] [4623] [HailoRT] [info] [queue_elements.cpp:46] [~BaseQueueElement] Queue element PullQEl_nms7best/conv62_97 has 0 frames in his Queue on destruction
[2026-08-28 16:21:10.697] [6751] [HailoRT] [info] [queue_elements.cpp:68] [operator()] Thread in element PullQEl_nms2best/conv53_97 is not running anymore, exiting..
[2026-08-28 16:21:10.697] [4623] [HailoRT] [info] [queue_elements.cpp:46] [~BaseQueueElement] Queue element PullQEl_nms2best/conv53_97 has 0 frames in his Queue on destruction
[2026-08-28 16:21:10.697] [6750] [HailoRT] [info] [queue_elements.cpp:68] [operator()] Thread in element PullQEl_nms4best/conv52_97 is not running anymore, exiting..
[2026-08-28 16:21:10.697] [4623] [HailoRT] [info] [queue_elements.cpp:46] [~BaseQueueElement] Queue element PullQEl_nms4best/conv52_97 has 0 frames in his Queue on destruction
[2026-08-28 16:21:10.697] [6749] [HailoRT] [info] [queue_elements.cpp:68] [operator()] Thread in element PullQEl_nms0best/conv42_97 is not running anymore, exiting..
[2026-08-28 16:21:10.697] [4623] [HailoRT] [info] [queue_elements.cpp:46] [~BaseQueueElement] Queue element PullQEl_nms0best/conv42_97 has 0 frames in his Queue on destruction
[2026-08-28 16:21:10.697] [6748] [HailoRT] [info] [queue_elements.cpp:68] [operator()] Thread in element PullQEl_nms1best/conv41_97 is not running anymore, exiting..
[2026-08-28 16:21:10.697] [4623] [HailoRT] [info] [queue_elements.cpp:46] [~BaseQueueElement] Queue element PullQEl_nms1best/conv41_97 has 0 frames in his Queue on destruction
[2026-08-28 16:21:10.698] [6747] [HailoRT] [info] [queue_elements.cpp:68] [operator()] Thread in element PushQEl3best/input_layer1 is not running anymore, exiting..
[2026-08-28 16:21:10.698] [4623] [HailoRT] [info] [queue_elements.cpp:46] [~BaseQueueElement] Queue element PushQEl3best/input_layer1 has 0 frames in his Queue on destruction
[2026-08-28 16:21:10.698] [4623] [HailoRT] [info] [core_op.cpp:186] [deactivate] Deactivating took 0.400633 ms
[2026-08-28 16:21:10.698] [4623] [HailoRT] [info] [core_op.cpp:186] [deactivate] Deactivating took 0.409262 ms
[2026-08-28 16:21:10.718] [4623] [HailoRT] [info] [core_op.cpp:156] [activate] Activating best took 0.440224 milliseconds. Note that the function is asynchronous and thus the network is not fully activated yet.
[2026-08-28 16:21:10.718] [4623] [HailoRT] [info] [core_op.cpp:156] [activate] Activating best took 0.461427 milliseconds. Note that the function is asynchronous and thus the network is not fully activated yet.
[2026-08-28 16:21:10.718] [4623] [HailoRT] [info] [edge_elements.cpp:52] [create] Created (HwWriteEl3best/input_layer1 | hw_frame_size: 1228800)
[2026-08-28 16:21:10.718] [4623] [HailoRT] [info] [queue_elements.cpp:284] [create] Created (PushQEl3best/input_layer1 | timeout: 10s)
[2026-08-28 16:21:10.718] [4623] [HailoRT] [info] [filter_elements.cpp:101] [create] Created (PreInferEl3best/input_layer1 | Reorder - src_order: NHWC, src_shape: (640, 640, 3), dst_order: NHCW, dst_shape: (640, 640, 3))
[2026-08-28 16:21:10.718] [4623] [HailoRT] [info] [vstream.cpp:754] [InputVStreamImpl] Creating best/input_layer1...
[2026-08-28 16:21:10.718] [4623] [HailoRT] [info] [vstream_builder.cpp:102] [create_inputs] Input pipeline 'best/input_layer1': (PreInferEl3best/input_layer1 | Reorder - src_order: NHWC, src_shape: (640, 640, 3), dst_order: NHCW, dst_shape: (640, 640, 3)) >> (PushQEl3best/input_layer1 | timeout: 10s) >> (HwWriteEl3best/input_layer1 | hw_frame_size: 1228800) >> HW
[2026-08-28 16:21:10.718] [4623] [HailoRT] [info] [multi_io_elements.cpp:135] [create] Created (NmsPPMuxEl0YOLOV8-Post-Process | Op YOLOV8, Name: YOLOV8-Post-Process, Score threshold: 0.250, IoU threshold: 0.70, Classes: 1, Cross classes: false, NMS results order: BY_CLASS, Max bboxes per class: 100, Image height: 640, Image width: 640)
[2026-08-28 16:21:10.718] [4623] [HailoRT] [info] [edge_elements.cpp:287] [create] Created (HwReadEl1best/conv41_97 | hw_frame_size: 409600)
[2026-08-28 16:21:10.718] [4623] [HailoRT] [info] [queue_elements.cpp:657] [create] Created (PullQEl_nms1best/conv41_97 | timeout: 10s)
[2026-08-28 16:21:10.718] [4623] [HailoRT] [info] [edge_elements.cpp:287] [create] Created (HwReadEl0best/conv42_97 | hw_frame_size: 6400)
[2026-08-28 16:21:10.718] [4623] [HailoRT] [info] [queue_elements.cpp:657] [create] Created (PullQEl_nms0best/conv42_97 | timeout: 10s)
[2026-08-28 16:21:10.718] [4623] [HailoRT] [info] [edge_elements.cpp:287] [create] Created (HwReadEl4best/conv52_97 | hw_frame_size: 102400)
[2026-08-28 16:21:10.718] [4623] [HailoRT] [info] [queue_elements.cpp:657] [create] Created (PullQEl_nms4best/conv52_97 | timeout: 10s)
[2026-08-28 16:21:10.718] [4623] [HailoRT] [info] [edge_elements.cpp:287] [create] Created (HwReadEl2best/conv53_97 | hw_frame_size: 1600)
[2026-08-28 16:21:10.718] [4623] [HailoRT] [info] [queue_elements.cpp:657] [create] Created (PullQEl_nms2best/conv53_97 | timeout: 10s)
[2026-08-28 16:21:10.718] [4623] [HailoRT] [info] [edge_elements.cpp:287] [create] Created (HwReadEl7best/conv62_97 | hw_frame_size: 30720)
[2026-08-28 16:21:10.719] [4623] [HailoRT] [info] [queue_elements.cpp:657] [create] Created (PullQEl_nms7best/conv62_97 | timeout: 10s)
[2026-08-28 16:21:10.719] [4623] [HailoRT] [info] [edge_elements.cpp:287] [create] Created (HwReadEl6best/conv63_97 | hw_frame_size: 480)
[2026-08-28 16:21:10.719] [4623] [HailoRT] [info] [queue_elements.cpp:657] [create] Created (PullQEl_nms6best/conv63_97 | timeout: 10s)
[2026-08-28 16:21:10.719] [4623] [HailoRT] [info] [queue_elements.cpp:800] [create] Created (UserBufQEl_post_infer0best/yolov8_nms_postprocess | timeout: 10s)
[2026-08-28 16:21:10.719] [4623] [HailoRT] [info] [vstream.cpp:1114] [OutputVStreamImpl] Creating best/yolov8_nms_postprocess...
[2026-08-28 16:21:10.719] [4623] [HailoRT] [info] [vstream_builder.cpp:622] [create_output_post_process_nms] Output pipeline 'best/yolov8_nms_postprocess': HW >> (HwReadEl1best/conv41_97 | hw_frame_size: 409600) >> (PullQEl_nms1best/conv41_97) >> (HwReadEl0best/conv42_97 | hw_frame_size: 6400) >> (PullQEl_nms0best/conv42_97) >> (HwReadEl4best/conv52_97 | hw_frame_size: 102400) >> (PullQEl_nms4best/conv52_97) >> (HwReadEl2best/conv53_97 | hw_frame_size: 1600) >> (PullQEl_nms2best/conv53_97) >> (HwReadEl7best/conv62_97 | hw_frame_size: 30720) >> (PullQEl_nms7best/conv62_97) >> (HwReadEl6best/conv63_97 | hw_frame_size: 480) >> (PullQEl_nms6best/conv63_97) >> (NmsPPMuxEl0YOLOV8-Post-Process | Op YOLOV8, Name: YOLOV8-Post-Process, Score threshold: 0.250, IoU threshold: 0.70, Classes: 1, Cross classes: false, NMS results order: BY_CLASS, Max bboxes per class: 100, Image height: 640, Image width: 640) >> (UserBufQEl_post_infer0best/yolov8_nms_postprocess | timeout: 10s)
[2026-08-28 16:21:10.729] [6760] [HailoRT] [info] [vdevice_native_stream.cpp:331] [read_impl] Failed read from stream HAILO_STREAM_ABORT(63) (device: 0001:01:00.0)
[2026-08-28 16:21:10.729] [6761] [HailoRT] [info] [vdevice_native_stream.cpp:331] [read_impl] Failed read from stream HAILO_STREAM_ABORT(63) (device: 0001:01:00.0)
[2026-08-28 16:21:10.729] [6761] [HailoRT] [info] [edge_elements.cpp:396] [run_pull] Reading from stream was aborted!
[2026-08-28 16:21:10.729] [6762] [HailoRT] [info] [vdevice_native_stream.cpp:331] [read_impl] Failed read from stream HAILO_STREAM_ABORT(63) (device: 0001:01:00.0)
[2026-08-28 16:21:10.729] [6762] [HailoRT] [info] [edge_elements.cpp:396] [run_pull] Reading from stream was aborted!
[2026-08-28 16:21:10.729] [6761] [HailoRT] [info] [queue_elements.cpp:738] [run_in_thread] run_pull of queue element PullQEl_nms2best/conv53_97 was aborted!
[2026-08-28 16:21:10.729] [6762] [HailoRT] [info] [queue_elements.cpp:738] [run_in_thread] run_pull of queue element PullQEl_nms7best/conv62_97 was aborted!
[2026-08-28 16:21:10.729] [6760] [HailoRT] [info] [edge_elements.cpp:396] [run_pull] Reading from stream was aborted!
[2026-08-28 16:21:10.729] [6758] [HailoRT] [info] [vdevice_native_stream.cpp:331] [read_impl] Failed read from stream HAILO_STREAM_ABORT(63) (device: 0001:01:00.0)
[2026-08-28 16:21:10.729] [6760] [HailoRT] [info] [queue_elements.cpp:738] [run_in_thread] run_pull of queue element PullQEl_nms4best/conv52_97 was aborted!
[2026-08-28 16:21:10.729] [6759] [HailoRT] [info] [vdevice_native_stream.cpp:331] [read_impl] Failed read from stream HAILO_STREAM_ABORT(63) (device: 0001:01:00.0)
[2026-08-28 16:21:10.729] [6759] [HailoRT] [info] [edge_elements.cpp:396] [run_pull] Reading from stream was aborted!
[2026-08-28 16:21:10.729] [6759] [HailoRT] [info] [queue_elements.cpp:738] [run_in_thread] run_pull of queue element PullQEl_nms0best/conv42_97 was aborted!
[2026-08-28 16:21:10.729] [6763] [HailoRT] [info] [vdevice_native_stream.cpp:331] [read_impl] Failed read from stream HAILO_STREAM_ABORT(63) (device: 0001:01:00.0)
[2026-08-28 16:21:10.729] [6763] [HailoRT] [info] [edge_elements.cpp:396] [run_pull] Reading from stream was aborted!
[2026-08-28 16:21:10.729] [6763] [HailoRT] [info] [queue_elements.cpp:738] [run_in_thread] run_pull of queue element PullQEl_nms6best/conv63_97 was aborted!
[2026-08-28 16:21:10.729] [6758] [HailoRT] [info] [edge_elements.cpp:396] [run_pull] Reading from stream was aborted!
[2026-08-28 16:21:10.729] [6758] [HailoRT] [info] [queue_elements.cpp:738] [run_in_thread] run_pull of queue element PullQEl_nms1best/conv41_97 was aborted!
[2026-08-28 16:21:10.729] [6764] [HailoRT] [info] [queue_elements.cpp:68] [operator()] Thread in element UserBufQEl_post_infer0best/yolov8_nms_postprocess is not running anymore, exiting..
[2026-08-28 16:21:10.729] [4623] [HailoRT] [info] [queue_elements.cpp:46] [~BaseQueueElement] Queue element UserBufQEl_post_infer0best/yolov8_nms_postprocess has 0 frames in his Queue on destruction
[2026-08-28 16:21:10.729] [6763] [HailoRT] [info] [queue_elements.cpp:68] [operator()] Thread in element PullQEl_nms6best/conv63_97 is not running anymore, exiting..
[2026-08-28 16:21:10.729] [4623] [HailoRT] [info] [queue_elements.cpp:46] [~BaseQueueElement] Queue element PullQEl_nms6best/conv63_97 has 0 frames in his Queue on destruction
[2026-08-28 16:21:10.729] [6762] [HailoRT] [info] [queue_elements.cpp:68] [operator()] Thread in element PullQEl_nms7best/conv62_97 is not running anymore, exiting..
[2026-08-28 16:21:10.729] [4623] [HailoRT] [info] [queue_elements.cpp:46] [~BaseQueueElement] Queue element PullQEl_nms7best/conv62_97 has 0 frames in his Queue on destruction
[2026-08-28 16:21:10.729] [6761] [HailoRT] [info] [queue_elements.cpp:68] [operator()] Thread in element PullQEl_nms2best/conv53_97 is not running anymore, exiting..
[2026-08-28 16:21:10.729] [4623] [HailoRT] [info] [queue_elements.cpp:46] [~BaseQueueElement] Queue element PullQEl_nms2best/conv53_97 has 0 frames in his Queue on destruction
[2026-08-28 16:21:10.729] [6760] [HailoRT] [info] [queue_elements.cpp:68] [operator()] Thread in element PullQEl_nms4best/conv52_97 is not running anymore, exiting..
[2026-08-28 16:21:10.729] [4623] [HailoRT] [info] [queue_elements.cpp:46] [~BaseQueueElement] Queue element PullQEl_nms4best/conv52_97 has 0 frames in his Queue on destruction
[2026-08-28 16:21:10.729] [6759] [HailoRT] [info] [queue_elements.cpp:68] [operator()] Thread in element PullQEl_nms0best/conv42_97 is not running anymore, exiting..
[2026-08-28 16:21:10.730] [4623] [HailoRT] [info] [queue_elements.cpp:46] [~BaseQueueElement] Queue element PullQEl_nms0best/conv42_97 has 0 frames in his Queue on destruction
[2026-08-28 16:21:10.730] [6758] [HailoRT] [info] [queue_elements.cpp:68] [operator()] Thread in element PullQEl_nms1best/conv41_97 is not running anymore, exiting..
[2026-08-28 16:21:10.730] [4623] [HailoRT] [info] [queue_elements.cpp:46] [~BaseQueueElement] Queue element PullQEl_nms1best/conv41_97 has 0 frames in his Queue on destruction
[2026-08-28 16:21:10.730] [6757] [HailoRT] [info] [queue_elements.cpp:68] [operator()] Thread in element PushQEl3best/input_layer1 is not running anymore, exiting..
[2026-08-28 16:21:10.730] [4623] [HailoRT] [info] [queue_elements.cpp:46] [~BaseQueueElement] Queue element PushQEl3best/input_layer1 has 0 frames in his Queue on destruction
[2026-08-28 16:21:10.730] [4623] [HailoRT] [info] [core_op.cpp:186] [deactivate] Deactivating took 0.402114 ms
[2026-08-28 16:21:10.730] [4623] [HailoRT] [info] [core_op.cpp:186] [deactivate] Deactivating took 0.410688 ms
[2026-08-28 16:21:10.750] [4623] [HailoRT] [info] [core_op.cpp:156] [activate] Activating best took 0.458612 milliseconds. Note that the function is asynchronous and thus the network is not fully activated yet.
[2026-08-28 16:21:10.750] [4623] [HailoRT] [info] [core_op.cpp:156] [activate] Activating best took 0.479093 milliseconds. Note that the function is asynchronous and thus the network is not fully activated yet.
[2026-08-28 16:21:10.750] [4623] [HailoRT] [info] [edge_elements.cpp:52] [create] Created (HwWriteEl3best/input_layer1 | hw_frame_size: 1228800)
[2026-08-28 16:21:10.750] [4623] [HailoRT] [info] [queue_elements.cpp:284] [create] Created (PushQEl3best/input_layer1 | timeout: 10s)
[2026-08-28 16:21:10.750] [4623] [HailoRT] [info] [filter_elements.cpp:101] [create] Created (PreInferEl3best/input_layer1 | Reorder - src_order: NHWC, src_shape: (640, 640, 3), dst_order: NHCW, dst_shape: (640, 640, 3))
[2026-08-28 16:21:10.750] [4623] [HailoRT] [info] [vstream.cpp:754] [InputVStreamImpl] Creating best/input_layer1...
[2026-08-28 16:21:10.750] [4623] [HailoRT] [info] [vstream_builder.cpp:102] [create_inputs] Input pipeline 'best/input_layer1': (PreInferEl3best/input_layer1 | Reorder - src_order: NHWC, src_shape: (640, 640, 3), dst_order: NHCW, dst_shape: (640, 640, 3)) >> (PushQEl3best/input_layer1 | timeout: 10s) >> (HwWriteEl3best/input_layer1 | hw_frame_size: 1228800) >> HW
[2026-08-28 16:21:10.750] [4623] [HailoRT] [info] [multi_io_elements.cpp:135] [create] Created (NmsPPMuxEl0YOLOV8-Post-Process | Op YOLOV8, Name: YOLOV8-Post-Process, Score threshold: 0.250, IoU threshold: 0.70, Classes: 1, Cross classes: false, NMS results order: BY_CLASS, Max bboxes per class: 100, Image height: 640, Image width: 640)
[2026-08-28 16:21:10.750] [4623] [HailoRT] [info] [edge_elements.cpp:287] [create] Created (HwReadEl1best/conv41_97 | hw_frame_size: 409600)
[2026-08-28 16:21:10.750] [4623] [HailoRT] [info] [queue_elements.cpp:657] [create] Created (PullQEl_nms1best/conv41_97 | timeout: 10s)
[2026-08-28 16:21:10.750] [4623] [HailoRT] [info] [edge_elements.cpp:287] [create] Created (HwReadEl0best/conv42_97 | hw_frame_size: 6400)
[2026-08-28 16:21:10.750] [4623] [HailoRT] [info] [queue_elements.cpp:657] [create] Created (PullQEl_nms0best/conv42_97 | timeout: 10s)
[2026-08-28 16:21:10.750] [4623] [HailoRT] [info] [edge_elements.cpp:287] [create] Created (HwReadEl4best/conv52_97 | hw_frame_size: 102400)
[2026-08-28 16:21:10.750] [4623] [HailoRT] [info] [queue_elements.cpp:657] [create] Created (PullQEl_nms4best/conv52_97 | timeout: 10s)
[2026-08-28 16:21:10.750] [4623] [HailoRT] [info] [edge_elements.cpp:287] [create] Created (HwReadEl2best/conv53_97 | hw_frame_size: 1600)
[2026-08-28 16:21:10.750] [4623] [HailoRT] [info] [queue_elements.cpp:657] [create] Created (PullQEl_nms2best/conv53_97 | timeout: 10s)
[2026-08-28 16:21:10.750] [4623] [HailoRT] [info] [edge_elements.cpp:287] [create] Created (HwReadEl7best/conv62_97 | hw_frame_size: 30720)
[2026-08-28 16:21:10.750] [4623] [HailoRT] [info] [queue_elements.cpp:657] [create] Created (PullQEl_nms7best/conv62_97 | timeout: 10s)
[2026-08-28 16:21:10.750] [4623] [HailoRT] [info] [edge_elements.cpp:287] [create] Created (HwReadEl6best/conv63_97 | hw_frame_size: 480)
[2026-08-28 16:21:10.750] [4623] [HailoRT] [info] [queue_elements.cpp:657] [create] Created (PullQEl_nms6best/conv63_97 | timeout: 10s)
[2026-08-28 16:21:10.750] [4623] [HailoRT] [info] [queue_elements.cpp:800] [create] Created (UserBufQEl_post_infer0best/yolov8_nms_postprocess | timeout: 10s)
[2026-08-28 16:21:10.750] [4623] [HailoRT] [info] [vstream.cpp:1114] [OutputVStreamImpl] Creating best/yolov8_nms_postprocess...
[2026-08-28 16:21:10.751] [4623] [HailoRT] [info] [vstream_builder.cpp:622] [create_output_post_process_nms] Output pipeline 'best/yolov8_nms_postprocess': HW >> (HwReadEl1best/conv41_97 | hw_frame_size: 409600) >> (PullQEl_nms1best/conv41_97) >> (HwReadEl0best/conv42_97 | hw_frame_size: 6400) >> (PullQEl_nms0best/conv42_97) >> (HwReadEl4best/conv52_97 | hw_frame_size: 102400) >> (PullQEl_nms4best/conv52_97) >> (HwReadEl2best/conv53_97 | hw_frame_size: 1600) >> (PullQEl_nms2best/conv53_97) >> (HwReadEl7best/conv62_97 | hw_frame_size: 30720) >> (PullQEl_nms7best/conv62_97) >> (HwReadEl6best/conv63_97 | hw_frame_size: 480) >> (PullQEl_nms6best/conv63_97) >> (NmsPPMuxEl0YOLOV8-Post-Process | Op YOLOV8, Name: YOLOV8-Post-Process, Score threshold: 0.250, IoU threshold: 0.70, Classes: 1, Cross classes: false, NMS results order: BY_CLASS, Max bboxes per class: 100, Image height: 640, Image width: 640) >> (UserBufQEl_post_infer0best/yolov8_nms_postprocess | timeout: 10s)
[2026-08-28 16:21:10.761] [6769] [HailoRT] [info] [vdevice_native_stream.cpp:331] [read_impl] Failed read from stream HAILO_STREAM_ABORT(63) (device: 0001:01:00.0)
[2026-08-28 16:21:10.761] [6771] [HailoRT] [info] [vdevice_native_stream.cpp:331] [read_impl] Failed read from stream HAILO_STREAM_ABORT(63) (device: 0001:01:00.0)
[2026-08-28 16:21:10.761] [6771] [HailoRT] [info] [edge_elements.cpp:396] [run_pull] Reading from stream was aborted!
[2026-08-28 16:21:10.761] [6773] [HailoRT] [info] [vdevice_native_stream.cpp:331] [read_impl] Failed read from stream HAILO_STREAM_ABORT(63) (device: 0001:01:00.0)
[2026-08-28 16:21:10.761] [6773] [HailoRT] [info] [edge_elements.cpp:396] [run_pull] Reading from stream was aborted!
[2026-08-28 16:21:10.761] [6771] [HailoRT] [info] [queue_elements.cpp:738] [run_in_thread] run_pull of queue element PullQEl_nms2best/conv53_97 was aborted!
[2026-08-28 16:21:10.761] [6772] [HailoRT] [info] [vdevice_native_stream.cpp:331] [read_impl] Failed read from stream HAILO_STREAM_ABORT(63) (device: 0001:01:00.0)
[2026-08-28 16:21:10.761] [6773] [HailoRT] [info] [queue_elements.cpp:738] [run_in_thread] run_pull of queue element PullQEl_nms6best/conv63_97 was aborted!
[2026-08-28 16:21:10.761] [6770] [HailoRT] [info] [vdevice_native_stream.cpp:331] [read_impl] Failed read from stream HAILO_STREAM_ABORT(63) (device: 0001:01:00.0)
[2026-08-28 16:21:10.761] [6770] [HailoRT] [info] [edge_elements.cpp:396] [run_pull] Reading from stream was aborted!
[2026-08-28 16:21:10.761] [6770] [HailoRT] [info] [queue_elements.cpp:738] [run_in_thread] run_pull of queue element PullQEl_nms4best/conv52_97 was aborted!
[2026-08-28 16:21:10.761] [6768] [HailoRT] [info] [vdevice_native_stream.cpp:331] [read_impl] Failed read from stream HAILO_STREAM_ABORT(63) (device: 0001:01:00.0)
[2026-08-28 16:21:10.761] [6768] [HailoRT] [info] [edge_elements.cpp:396] [run_pull] Reading from stream was aborted!
[2026-08-28 16:21:10.761] [6768] [HailoRT] [info] [queue_elements.cpp:738] [run_in_thread] run_pull of queue element PullQEl_nms1best/conv41_97 was aborted!
[2026-08-28 16:21:10.761] [6769] [HailoRT] [info] [edge_elements.cpp:396] [run_pull] Reading from stream was aborted!
[2026-08-28 16:21:10.761] [6769] [HailoRT] [info] [queue_elements.cpp:738] [run_in_thread] run_pull of queue element PullQEl_nms0best/conv42_97 was aborted!
[2026-08-28 16:21:10.761] [6772] [HailoRT] [info] [edge_elements.cpp:396] [run_pull] Reading from stream was aborted!
[2026-08-28 16:21:10.761] [6772] [HailoRT] [info] [queue_elements.cpp:738] [run_in_thread] run_pull of queue element PullQEl_nms7best/conv62_97 was aborted!
[2026-08-28 16:21:10.761] [6774] [HailoRT] [info] [queue_elements.cpp:68] [operator()] Thread in element UserBufQEl_post_infer0best/yolov8_nms_postprocess is not running anymore, exiting..
[2026-08-28 16:21:10.761] [4623] [HailoRT] [info] [queue_elements.cpp:46] [~BaseQueueElement] Queue element UserBufQEl_post_infer0best/yolov8_nms_postprocess has 0 frames in his Queue on destruction
[2026-08-28 16:21:10.761] [6773] [HailoRT] [info] [queue_elements.cpp:68] [operator()] Thread in element PullQEl_nms6best/conv63_97 is not running anymore, exiting..
[2026-08-28 16:21:10.761] [4623] [HailoRT] [info] [queue_elements.cpp:46] [~BaseQueueElement] Queue element PullQEl_nms6best/conv63_97 has 0 frames in his Queue on destruction
[2026-08-28 16:21:10.761] [6772] [HailoRT] [info] [queue_elements.cpp:68] [operator()] Thread in element PullQEl_nms7best/conv62_97 is not running anymore, exiting..
[2026-08-28 16:21:10.761] [4623] [HailoRT] [info] [queue_elements.cpp:46] [~BaseQueueElement] Queue element PullQEl_nms7best/conv62_97 has 0 frames in his Queue on destruction
[2026-08-28 16:21:10.761] [6771] [HailoRT] [info] [queue_elements.cpp:68] [operator()] Thread in element PullQEl_nms2best/conv53_97 is not running anymore, exiting..
[2026-08-28 16:21:10.761] [4623] [HailoRT] [info] [queue_elements.cpp:46] [~BaseQueueElement] Queue element PullQEl_nms2best/conv53_97 has 0 frames in his Queue on destruction
[2026-08-28 16:21:10.761] [6770] [HailoRT] [info] [queue_elements.cpp:68] [operator()] Thread in element PullQEl_nms4best/conv52_97 is not running anymore, exiting..
[2026-08-28 16:21:10.761] [4623] [HailoRT] [info] [queue_elements.cpp:46] [~BaseQueueElement] Queue element PullQEl_nms4best/conv52_97 has 0 frames in his Queue on destruction
[2026-08-28 16:21:10.761] [6769] [HailoRT] [info] [queue_elements.cpp:68] [operator()] Thread in element PullQEl_nms0best/conv42_97 is not running anymore, exiting..
[2026-08-28 16:21:10.761] [4623] [HailoRT] [info] [queue_elements.cpp:46] [~BaseQueueElement] Queue element PullQEl_nms0best/conv42_97 has 0 frames in his Queue on destruction
[2026-08-28 16:21:10.761] [6768] [HailoRT] [info] [queue_elements.cpp:68] [operator()] Thread in element PullQEl_nms1best/conv41_97 is not running anymore, exiting..
[2026-08-28 16:21:10.761] [4623] [HailoRT] [info] [queue_elements.cpp:46] [~BaseQueueElement] Queue element PullQEl_nms1best/conv41_97 has 0 frames in his Queue on destruction
[2026-08-28 16:21:10.761] [6767] [HailoRT] [info] [queue_elements.cpp:68] [operator()] Thread in element PushQEl3best/input_layer1 is not running anymore, exiting..
[2026-08-28 16:21:10.761] [4623] [HailoRT] [info] [queue_elements.cpp:46] [~BaseQueueElement] Queue element PushQEl3best/input_layer1 has 0 frames in his Queue on destruction
[2026-08-28 16:21:10.762] [4623] [HailoRT] [info] [core_op.cpp:186] [deactivate] Deactivating took 0.40504 ms
[2026-08-28 16:21:10.762] [4623] [HailoRT] [info] [core_op.cpp:186] [deactivate] Deactivating took 0.413354 ms
[2026-08-28 16:21:10.782] [4623] [HailoRT] [info] [core_op.cpp:156] [activate] Activating best took 0.44539 milliseconds. Note that the function is asynchronous and thus the network is not fully activated yet.
[2026-08-28 16:21:10.782] [4623] [HailoRT] [info] [core_op.cpp:156] [activate] Activating best took 0.465964 milliseconds. Note that the function is asynchronous and thus the network is not fully activated yet.
[2026-08-28 16:21:10.782] [4623] [HailoRT] [info] [edge_elements.cpp:52] [create] Created (HwWriteEl3best/input_layer1 | hw_frame_size: 1228800)
[2026-08-28 16:21:10.783] [4623] [HailoRT] [info] [queue_elements.cpp:284] [create] Created (PushQEl3best/input_layer1 | timeout: 10s)
[2026-08-28 16:21:10.783] [4623] [HailoRT] [info] [filter_elements.cpp:101] [create] Created (PreInferEl3best/input_layer1 | Reorder - src_order: NHWC, src_shape: (640, 640, 3), dst_order: NHCW, dst_shape: (640, 640, 3))
[2026-08-28 16:21:10.783] [4623] [HailoRT] [info] [vstream.cpp:754] [InputVStreamImpl] Creating best/input_layer1...
[2026-08-28 16:21:10.783] [4623] [HailoRT] [info] [vstream_builder.cpp:102] [create_inputs] Input pipeline 'best/input_layer1': (PreInferEl3best/input_layer1 | Reorder - src_order: NHWC, src_shape: (640, 640, 3), dst_order: NHCW, dst_shape: (640, 640, 3)) >> (PushQEl3best/input_layer1 | timeout: 10s) >> (HwWriteEl3best/input_layer1 | hw_frame_size: 1228800) >> HW
[2026-08-28 16:21:10.783] [4623] [HailoRT] [info] [multi_io_elements.cpp:135] [create] Created (NmsPPMuxEl0YOLOV8-Post-Process | Op YOLOV8, Name: YOLOV8-Post-Process, Score threshold: 0.250, IoU threshold: 0.70, Classes: 1, Cross classes: false, NMS results order: BY_CLASS, Max bboxes per class: 100, Image height: 640, Image width: 640)
[2026-08-28 16:21:10.783] [4623] [HailoRT] [info] [edge_elements.cpp:287] [create] Created (HwReadEl1best/conv41_97 | hw_frame_size: 409600)
[2026-08-28 16:21:10.783] [4623] [HailoRT] [info] [queue_elements.cpp:657] [create] Created (PullQEl_nms1best/conv41_97 | timeout: 10s)
[2026-08-28 16:21:10.783] [4623] [HailoRT] [info] [edge_elements.cpp:287] [create] Created (HwReadEl0best/conv42_97 | hw_frame_size: 6400)
[2026-08-28 16:21:10.783] [4623] [HailoRT] [info] [queue_elements.cpp:657] [create] Created (PullQEl_nms0best/conv42_97 | timeout: 10s)
[2026-08-28 16:21:10.783] [4623] [HailoRT] [info] [edge_elements.cpp:287] [create] Created (HwReadEl4best/conv52_97 | hw_frame_size: 102400)
[2026-08-28 16:21:10.783] [4623] [HailoRT] [info] [queue_elements.cpp:657] [create] Created (PullQEl_nms4best/conv52_97 | timeout: 10s)
[2026-08-28 16:21:10.783] [4623] [HailoRT] [info] [edge_elements.cpp:287] [create] Created (HwReadEl2best/conv53_97 | hw_frame_size: 1600)
[2026-08-28 16:21:10.783] [4623] [HailoRT] [info] [queue_elements.cpp:657] [create] Created (PullQEl_nms2best/conv53_97 | timeout: 10s)
[2026-08-28 16:21:10.783] [4623] [HailoRT] [info] [edge_elements.cpp:287] [create] Created (HwReadEl7best/conv62_97 | hw_frame_size: 30720)
[2026-08-28 16:21:10.783] [4623] [HailoRT] [info] [queue_elements.cpp:657] [create] Created (PullQEl_nms7best/conv62_97 | timeout: 10s)
[2026-08-28 16:21:10.783] [4623] [HailoRT] [info] [edge_elements.cpp:287] [create] Created (HwReadEl6best/conv63_97 | hw_frame_size: 480)
[2026-08-28 16:21:10.783] [4623] [HailoRT] [info] [queue_elements.cpp:657] [create] Created (PullQEl_nms6best/conv63_97 | timeout: 10s)
[2026-08-28 16:21:10.783] [4623] [HailoRT] [info] [queue_elements.cpp:800] [create] Created (UserBufQEl_post_infer0best/yolov8_nms_postprocess | timeout: 10s)
[2026-08-28 16:21:10.783] [4623] [HailoRT] [info] [vstream.cpp:1114] [OutputVStreamImpl] Creating best/yolov8_nms_postprocess...
[2026-08-28 16:21:10.783] [4623] [HailoRT] [info] [vstream_builder.cpp:622] [create_output_post_process_nms] Output pipeline 'best/yolov8_nms_postprocess': HW >> (HwReadEl1best/conv41_97 | hw_frame_size: 409600) >> (PullQEl_nms1best/conv41_97) >> (HwReadEl0best/conv42_97 | hw_frame_size: 6400) >> (PullQEl_nms0best/conv42_97) >> (HwReadEl4best/conv52_97 | hw_frame_size: 102400) >> (PullQEl_nms4best/conv52_97) >> (HwReadEl2best/conv53_97 | hw_frame_size: 1600) >> (PullQEl_nms2best/conv53_97) >> (HwReadEl7best/conv62_97 | hw_frame_size: 30720) >> (PullQEl_nms7best/conv62_97) >> (HwReadEl6best/conv63_97 | hw_frame_size: 480) >> (PullQEl_nms6best/conv63_97) >> (NmsPPMuxEl0YOLOV8-Post-Process | Op YOLOV8, Name: YOLOV8-Post-Process, Score threshold: 0.250, IoU threshold: 0.70, Classes: 1, Cross classes: false, NMS results order: BY_CLASS, Max bboxes per class: 100, Image height: 640, Image width: 640) >> (UserBufQEl_post_infer0best/yolov8_nms_postprocess | timeout: 10s)
[2026-08-28 16:21:10.794] [6778] [HailoRT] [info] [vdevice_native_stream.cpp:331] [read_impl] Failed read from stream HAILO_STREAM_ABORT(63) (device: 0001:01:00.0)
[2026-08-28 16:21:10.794] [6780] [HailoRT] [info] [vdevice_native_stream.cpp:331] [read_impl] Failed read from stream HAILO_STREAM_ABORT(63) (device: 0001:01:00.0)
[2026-08-28 16:21:10.794] [6780] [HailoRT] [info] [edge_elements.cpp:396] [run_pull] Reading from stream was aborted!
[2026-08-28 16:21:10.794] [6779] [HailoRT] [info] [vdevice_native_stream.cpp:331] [read_impl] Failed read from stream HAILO_STREAM_ABORT(63) (device: 0001:01:00.0)
[2026-08-28 16:21:10.794] [6780] [HailoRT] [info] [queue_elements.cpp:738] [run_in_thread] run_pull of queue element PullQEl_nms4best/conv52_97 was aborted!
[2026-08-28 16:21:10.794] [6782] [HailoRT] [info] [vdevice_native_stream.cpp:331] [read_impl] Failed read from stream HAILO_STREAM_ABORT(63) (device: 0001:01:00.0)
[2026-08-28 16:21:10.794] [6783] [HailoRT] [info] [vdevice_native_stream.cpp:331] [read_impl] Failed read from stream HAILO_STREAM_ABORT(63) (device: 0001:01:00.0)
[2026-08-28 16:21:10.794] [6782] [HailoRT] [info] [edge_elements.cpp:396] [run_pull] Reading from stream was aborted!
[2026-08-28 16:21:10.794] [6781] [HailoRT] [info] [vdevice_native_stream.cpp:331] [read_impl] Failed read from stream HAILO_STREAM_ABORT(63) (device: 0001:01:00.0)
[2026-08-28 16:21:10.794] [6783] [HailoRT] [info] [edge_elements.cpp:396] [run_pull] Reading from stream was aborted!
[2026-08-28 16:21:10.794] [6781] [HailoRT] [info] [edge_elements.cpp:396] [run_pull] Reading from stream was aborted!
[2026-08-28 16:21:10.794] [6779] [HailoRT] [info] [edge_elements.cpp:396] [run_pull] Reading from stream was aborted!
[2026-08-28 16:21:10.794] [6783] [HailoRT] [info] [queue_elements.cpp:738] [run_in_thread] run_pull of queue element PullQEl_nms6best/conv63_97 was aborted!
[2026-08-28 16:21:10.794] [6779] [HailoRT] [info] [queue_elements.cpp:738] [run_in_thread] run_pull of queue element PullQEl_nms0best/conv42_97 was aborted!
[2026-08-28 16:21:10.794] [6778] [HailoRT] [info] [edge_elements.cpp:396] [run_pull] Reading from stream was aborted!
[2026-08-28 16:21:10.794] [6782] [HailoRT] [info] [queue_elements.cpp:738] [run_in_thread] run_pull of queue element PullQEl_nms7best/conv62_97 was aborted!
[2026-08-28 16:21:10.794] [6778] [HailoRT] [info] [queue_elements.cpp:738] [run_in_thread] run_pull of queue element PullQEl_nms1best/conv41_97 was aborted!
[2026-08-28 16:21:10.794] [6781] [HailoRT] [info] [queue_elements.cpp:738] [run_in_thread] run_pull of queue element PullQEl_nms2best/conv53_97 was aborted!
[2026-08-28 16:21:10.794] [6784] [HailoRT] [info] [queue_elements.cpp:68] [operator()] Thread in element UserBufQEl_post_infer0best/yolov8_nms_postprocess is not running anymore, exiting..
[2026-08-28 16:21:10.794] [4623] [HailoRT] [info] [queue_elements.cpp:46] [~BaseQueueElement] Queue element UserBufQEl_post_infer0best/yolov8_nms_postprocess has 0 frames in his Queue on destruction
[2026-08-28 16:21:10.794] [6783] [HailoRT] [info] [queue_elements.cpp:68] [operator()] Thread in element PullQEl_nms6best/conv63_97 is not running anymore, exiting..
[2026-08-28 16:21:10.794] [4623] [HailoRT] [info] [queue_elements.cpp:46] [~BaseQueueElement] Queue element PullQEl_nms6best/conv63_97 has 0 frames in his Queue on destruction
[2026-08-28 16:21:10.794] [6782] [HailoRT] [info] [queue_elements.cpp:68] [operator()] Thread in element PullQEl_nms7best/conv62_97 is not running anymore, exiting..
[2026-08-28 16:21:10.794] [4623] [HailoRT] [info] [queue_elements.cpp:46] [~BaseQueueElement] Queue element PullQEl_nms7best/conv62_97 has 0 frames in his Queue on destruction
[2026-08-28 16:21:10.794] [6781] [HailoRT] [info] [queue_elements.cpp:68] [operator()] Thread in element PullQEl_nms2best/conv53_97 is not running anymore, exiting..
[2026-08-28 16:21:10.794] [4623] [HailoRT] [info] [queue_elements.cpp:46] [~BaseQueueElement] Queue element PullQEl_nms2best/conv53_97 has 0 frames in his Queue on destruction
[2026-08-28 16:21:10.794] [6780] [HailoRT] [info] [queue_elements.cpp:68] [operator()] Thread in element PullQEl_nms4best/conv52_97 is not running anymore, exiting..
[2026-08-28 16:21:10.794] [4623] [HailoRT] [info] [queue_elements.cpp:46] [~BaseQueueElement] Queue element PullQEl_nms4best/conv52_97 has 0 frames in his Queue on destruction
[2026-08-28 16:21:10.794] [6779] [HailoRT] [info] [queue_elements.cpp:68] [operator()] Thread in element PullQEl_nms0best/conv42_97 is not running anymore, exiting..
[2026-08-28 16:21:10.794] [4623] [HailoRT] [info] [queue_elements.cpp:46] [~BaseQueueElement] Queue element PullQEl_nms0best/conv42_97 has 0 frames in his Queue on destruction
[2026-08-28 16:21:10.794] [6778] [HailoRT] [info] [queue_elements.cpp:68] [operator()] Thread in element PullQEl_nms1best/conv41_97 is not running anymore, exiting..
[2026-08-28 16:21:10.794] [4623] [HailoRT] [info] [queue_elements.cpp:46] [~BaseQueueElement] Queue element PullQEl_nms1best/conv41_97 has 0 frames in his Queue on destruction
[2026-08-28 16:21:10.794] [6777] [HailoRT] [info] [queue_elements.cpp:68] [operator()] Thread in element PushQEl3best/input_layer1 is not running anymore, exiting..
[2026-08-28 16:21:10.794] [4623] [HailoRT] [info] [queue_elements.cpp:46] [~BaseQueueElement] Queue element PushQEl3best/input_layer1 has 0 frames in his Queue on destruction
[2026-08-28 16:21:10.794] [4623] [HailoRT] [info] [core_op.cpp:186] [deactivate] Deactivating took 0.401096 ms
[2026-08-28 16:21:10.794] [4623] [HailoRT] [info] [core_op.cpp:186] [deactivate] Deactivating took 0.409817 ms
[2026-08-28 16:21:10.815] [4623] [HailoRT] [info] [core_op.cpp:156] [activate] Activating best took 0.508017 milliseconds. Note that the function is asynchronous and thus the network is not fully activated yet.
[2026-08-28 16:21:10.815] [4623] [HailoRT] [info] [core_op.cpp:156] [activate] Activating best took 0.526794 milliseconds. Note that the function is asynchronous and thus the network is not fully activated yet.
[2026-08-28 16:21:10.815] [4623] [HailoRT] [info] [edge_elements.cpp:52] [create] Created (HwWriteEl3best/input_layer1 | hw_frame_size: 1228800)
[2026-08-28 16:21:10.815] [4623] [HailoRT] [info] [queue_elements.cpp:284] [create] Created (PushQEl3best/input_layer1 | timeout: 10s)
[2026-08-28 16:21:10.815] [4623] [HailoRT] [info] [filter_elements.cpp:101] [create] Created (PreInferEl3best/input_layer1 | Reorder - src_order: NHWC, src_shape: (640, 640, 3), dst_order: NHCW, dst_shape: (640, 640, 3))
[2026-08-28 16:21:10.815] [4623] [HailoRT] [info] [vstream.cpp:754] [InputVStreamImpl] Creating best/input_layer1...
[2026-08-28 16:21:10.815] [4623] [HailoRT] [info] [vstream_builder.cpp:102] [create_inputs] Input pipeline 'best/input_layer1': (PreInferEl3best/input_layer1 | Reorder - src_order: NHWC, src_shape: (640, 640, 3), dst_order: NHCW, dst_shape: (640, 640, 3)) >> (PushQEl3best/input_layer1 | timeout: 10s) >> (HwWriteEl3best/input_layer1 | hw_frame_size: 1228800) >> HW
[2026-08-28 16:21:10.815] [4623] [HailoRT] [info] [multi_io_elements.cpp:135] [create] Created (NmsPPMuxEl0YOLOV8-Post-Process | Op YOLOV8, Name: YOLOV8-Post-Process, Score threshold: 0.250, IoU threshold: 0.70, Classes: 1, Cross classes: false, NMS results order: BY_CLASS, Max bboxes per class: 100, Image height: 640, Image width: 640)
[2026-08-28 16:21:10.815] [4623] [HailoRT] [info] [edge_elements.cpp:287] [create] Created (HwReadEl1best/conv41_97 | hw_frame_size: 409600)
[2026-08-28 16:21:10.815] [4623] [HailoRT] [info] [queue_elements.cpp:657] [create] Created (PullQEl_nms1best/conv41_97 | timeout: 10s)
[2026-08-28 16:21:10.815] [4623] [HailoRT] [info] [edge_elements.cpp:287] [create] Created (HwReadEl0best/conv42_97 | hw_frame_size: 6400)
[2026-08-28 16:21:10.815] [4623] [HailoRT] [info] [queue_elements.cpp:657] [create] Created (PullQEl_nms0best/conv42_97 | timeout: 10s)
[2026-08-28 16:21:10.815] [4623] [HailoRT] [info] [edge_elements.cpp:287] [create] Created (HwReadEl4best/conv52_97 | hw_frame_size: 102400)
[2026-08-28 16:21:10.816] [4623] [HailoRT] [info] [queue_elements.cpp:657] [create] Created (PullQEl_nms4best/conv52_97 | timeout: 10s)
[2026-08-28 16:21:10.816] [4623] [HailoRT] [info] [edge_elements.cpp:287] [create] Created (HwReadEl2best/conv53_97 | hw_frame_size: 1600)
[2026-08-28 16:21:10.816] [4623] [HailoRT] [info] [queue_elements.cpp:657] [create] Created (PullQEl_nms2best/conv53_97 | timeout: 10s)
[2026-08-28 16:21:10.816] [4623] [HailoRT] [info] [edge_elements.cpp:287] [create] Created (HwReadEl7best/conv62_97 | hw_frame_size: 30720)
[2026-08-28 16:21:10.816] [4623] [HailoRT] [info] [queue_elements.cpp:657] [create] Created (PullQEl_nms7best/conv62_97 | timeout: 10s)
[2026-08-28 16:21:10.816] [4623] [HailoRT] [info] [edge_elements.cpp:287] [create] Created (HwReadEl6best/conv63_97 | hw_frame_size: 480)
[2026-08-28 16:21:10.816] [4623] [HailoRT] [info] [queue_elements.cpp:657] [create] Created (PullQEl_nms6best/conv63_97 | timeout: 10s)
[2026-08-28 16:21:10.816] [4623] [HailoRT] [info] [queue_elements.cpp:800] [create] Created (UserBufQEl_post_infer0best/yolov8_nms_postprocess | timeout: 10s)
[2026-08-28 16:21:10.816] [4623] [HailoRT] [info] [vstream.cpp:1114] [OutputVStreamImpl] Creating best/yolov8_nms_postprocess...
[2026-08-28 16:21:10.816] [4623] [HailoRT] [info] [vstream_builder.cpp:622] [create_output_post_process_nms] Output pipeline 'best/yolov8_nms_postprocess': HW >> (HwReadEl1best/conv41_97 | hw_frame_size: 409600) >> (PullQEl_nms1best/conv41_97) >> (HwReadEl0best/conv42_97 | hw_frame_size: 6400) >> (PullQEl_nms0best/conv42_97) >> (HwReadEl4best/conv52_97 | hw_frame_size: 102400) >> (PullQEl_nms4best/conv52_97) >> (HwReadEl2best/conv53_97 | hw_frame_size: 1600) >> (PullQEl_nms2best/conv53_97) >> (HwReadEl7best/conv62_97 | hw_frame_size: 30720) >> (PullQEl_nms7best/conv62_97) >> (HwReadEl6best/conv63_97 | hw_frame_size: 480) >> (PullQEl_nms6best/conv63_97) >> (NmsPPMuxEl0YOLOV8-Post-Process | Op YOLOV8, Name: YOLOV8-Post-Process, Score threshold: 0.250, IoU threshold: 0.70, Classes: 1, Cross classes: false, NMS results order: BY_CLASS, Max bboxes per class: 100, Image height: 640, Image width: 640) >> (UserBufQEl_post_infer0best/yolov8_nms_postprocess | timeout: 10s)
[2026-08-28 16:21:10.826] [6788] [HailoRT] [info] [vdevice_native_stream.cpp:331] [read_impl] Failed read from stream HAILO_STREAM_ABORT(63) (device: 0001:01:00.0)
[2026-08-28 16:21:10.826] [6792] [HailoRT] [info] [vdevice_native_stream.cpp:331] [read_impl] Failed read from stream HAILO_STREAM_ABORT(63) (device: 0001:01:00.0)
[2026-08-28 16:21:10.826] [6788] [HailoRT] [info] [edge_elements.cpp:396] [run_pull] Reading from stream was aborted!
[2026-08-28 16:21:10.826] [6790] [HailoRT] [info] [vdevice_native_stream.cpp:331] [read_impl] Failed read from stream HAILO_STREAM_ABORT(63) (device: 0001:01:00.0)
[2026-08-28 16:21:10.826] [6790] [HailoRT] [info] [edge_elements.cpp:396] [run_pull] Reading from stream was aborted!
[2026-08-28 16:21:10.826] [6789] [HailoRT] [info] [vdevice_native_stream.cpp:331] [read_impl] Failed read from stream HAILO_STREAM_ABORT(63) (device: 0001:01:00.0)
[2026-08-28 16:21:10.826] [6789] [HailoRT] [info] [edge_elements.cpp:396] [run_pull] Reading from stream was aborted!
[2026-08-28 16:21:10.826] [6790] [HailoRT] [info] [queue_elements.cpp:738] [run_in_thread] run_pull of queue element PullQEl_nms4best/conv52_97 was aborted!
[2026-08-28 16:21:10.826] [6789] [HailoRT] [info] [queue_elements.cpp:738] [run_in_thread] run_pull of queue element PullQEl_nms0best/conv42_97 was aborted!
[2026-08-28 16:21:10.826] [6793] [HailoRT] [info] [vdevice_native_stream.cpp:331] [read_impl] Failed read from stream HAILO_STREAM_ABORT(63) (device: 0001:01:00.0)
[2026-08-28 16:21:10.826] [6793] [HailoRT] [info] [edge_elements.cpp:396] [run_pull] Reading from stream was aborted!
[2026-08-28 16:21:10.826] [6792] [HailoRT] [info] [edge_elements.cpp:396] [run_pull] Reading from stream was aborted!
[2026-08-28 16:21:10.826] [6791] [HailoRT] [info] [vdevice_native_stream.cpp:331] [read_impl] Failed read from stream HAILO_STREAM_ABORT(63) (device: 0001:01:00.0)
[2026-08-28 16:21:10.826] [6793] [HailoRT] [info] [queue_elements.cpp:738] [run_in_thread] run_pull of queue element PullQEl_nms6best/conv63_97 was aborted!
[2026-08-28 16:21:10.826] [6792] [HailoRT] [info] [queue_elements.cpp:738] [run_in_thread] run_pull of queue element PullQEl_nms7best/conv62_97 was aborted!
[2026-08-28 16:21:10.826] [6791] [HailoRT] [info] [edge_elements.cpp:396] [run_pull] Reading from stream was aborted!
[2026-08-28 16:21:10.826] [6791] [HailoRT] [info] [queue_elements.cpp:738] [run_in_thread] run_pull of queue element PullQEl_nms2best/conv53_97 was aborted!
[2026-08-28 16:21:10.826] [6788] [HailoRT] [info] [queue_elements.cpp:738] [run_in_thread] run_pull of queue element PullQEl_nms1best/conv41_97 was aborted!
[2026-08-28 16:21:10.826] [6794] [HailoRT] [info] [queue_elements.cpp:68] [operator()] Thread in element UserBufQEl_post_infer0best/yolov8_nms_postprocess is not running anymore, exiting..
[2026-08-28 16:21:10.826] [4623] [HailoRT] [info] [queue_elements.cpp:46] [~BaseQueueElement] Queue element UserBufQEl_post_infer0best/yolov8_nms_postprocess has 0 frames in his Queue on destruction
[2026-08-28 16:21:10.826] [6793] [HailoRT] [info] [queue_elements.cpp:68] [operator()] Thread in element PullQEl_nms6best/conv63_97 is not running anymore, exiting..
[2026-08-28 16:21:10.826] [4623] [HailoRT] [info] [queue_elements.cpp:46] [~BaseQueueElement] Queue element PullQEl_nms6best/conv63_97 has 0 frames in his Queue on destruction
[2026-08-28 16:21:10.826] [6792] [HailoRT] [info] [queue_elements.cpp:68] [operator()] Thread in element PullQEl_nms7best/conv62_97 is not running anymore, exiting..
[2026-08-28 16:21:10.826] [4623] [HailoRT] [info] [queue_elements.cpp:46] [~BaseQueueElement] Queue element PullQEl_nms7best/conv62_97 has 0 frames in his Queue on destruction
[2026-08-28 16:21:10.826] [6791] [HailoRT] [info] [queue_elements.cpp:68] [operator()] Thread in element PullQEl_nms2best/conv53_97 is not running anymore, exiting..
[2026-08-28 16:21:10.826] [4623] [HailoRT] [info] [queue_elements.cpp:46] [~BaseQueueElement] Queue element PullQEl_nms2best/conv53_97 has 0 frames in his Queue on destruction
[2026-08-28 16:21:10.826] [6790] [HailoRT] [info] [queue_elements.cpp:68] [operator()] Thread in element PullQEl_nms4best/conv52_97 is not running anymore, exiting..
[2026-08-28 16:21:10.826] [4623] [HailoRT] [info] [queue_elements.cpp:46] [~BaseQueueElement] Queue element PullQEl_nms4best/conv52_97 has 0 frames in his Queue on destruction
[2026-08-28 16:21:10.826] [6789] [HailoRT] [info] [queue_elements.cpp:68] [operator()] Thread in element PullQEl_nms0best/conv42_97 is not running anymore, exiting..
[2026-08-28 16:21:10.827] [4623] [HailoRT] [info] [queue_elements.cpp:46] [~BaseQueueElement] Queue element PullQEl_nms0best/conv42_97 has 0 frames in his Queue on destruction
[2026-08-28 16:21:10.827] [6788] [HailoRT] [info] [queue_elements.cpp:68] [operator()] Thread in element PullQEl_nms1best/conv41_97 is not running anymore, exiting..
[2026-08-28 16:21:10.827] [4623] [HailoRT] [info] [queue_elements.cpp:46] [~BaseQueueElement] Queue element PullQEl_nms1best/conv41_97 has 0 frames in his Queue on destruction
[2026-08-28 16:21:10.827] [6787] [HailoRT] [info] [queue_elements.cpp:68] [operator()] Thread in element PushQEl3best/input_layer1 is not running anymore, exiting..
[2026-08-28 16:21:10.827] [4623] [HailoRT] [info] [queue_elements.cpp:46] [~BaseQueueElement] Queue element PushQEl3best/input_layer1 has 0 frames in his Queue on destruction
[2026-08-28 16:21:10.827] [4623] [HailoRT] [info] [core_op.cpp:186] [deactivate] Deactivating took 0.399336 ms
[2026-08-28 16:21:10.827] [4623] [HailoRT] [info] [core_op.cpp:186] [deactivate] Deactivating took 0.408021 ms
[2026-08-28 16:21:10.848] [4623] [HailoRT] [info] [core_op.cpp:156] [activate] Activating best took 0.460204 milliseconds. Note that the function is asynchronous and thus the network is not fully activated yet.
[2026-08-28 16:21:10.848] [4623] [HailoRT] [info] [core_op.cpp:156] [activate] Activating best took 0.481 milliseconds. Note that the function is asynchronous and thus the network is not fully activated yet.
[2026-08-28 16:21:10.848] [4623] [HailoRT] [info] [edge_elements.cpp:52] [create] Created (HwWriteEl3best/input_layer1 | hw_frame_size: 1228800)
[2026-08-28 16:21:10.848] [4623] [HailoRT] [info] [queue_elements.cpp:284] [create] Created (PushQEl3best/input_layer1 | timeout: 10s)
[2026-08-28 16:21:10.848] [4623] [HailoRT] [info] [filter_elements.cpp:101] [create] Created (PreInferEl3best/input_layer1 | Reorder - src_order: NHWC, src_shape: (640, 640, 3), dst_order: NHCW, dst_shape: (640, 640, 3))
[2026-08-28 16:21:10.848] [4623] [HailoRT] [info] [vstream.cpp:754] [InputVStreamImpl] Creating best/input_layer1...
[2026-08-28 16:21:10.848] [4623] [HailoRT] [info] [vstream_builder.cpp:102] [create_inputs] Input pipeline 'best/input_layer1': (PreInferEl3best/input_layer1 | Reorder - src_order: NHWC, src_shape: (640, 640, 3), dst_order: NHCW, dst_shape: (640, 640, 3)) >> (PushQEl3best/input_layer1 | timeout: 10s) >> (HwWriteEl3best/input_layer1 | hw_frame_size: 1228800) >> HW
[2026-08-28 16:21:10.848] [4623] [HailoRT] [info] [multi_io_elements.cpp:135] [create] Created (NmsPPMuxEl0YOLOV8-Post-Process | Op YOLOV8, Name: YOLOV8-Post-Process, Score threshold: 0.250, IoU threshold: 0.70, Classes: 1, Cross classes: false, NMS results order: BY_CLASS, Max bboxes per class: 100, Image height: 640, Image width: 640)
[2026-08-28 16:21:10.848] [4623] [HailoRT] [info] [edge_elements.cpp:287] [create] Created (HwReadEl1best/conv41_97 | hw_frame_size: 409600)
[2026-08-28 16:21:10.848] [4623] [HailoRT] [info] [queue_elements.cpp:657] [create] Created (PullQEl_nms1best/conv41_97 | timeout: 10s)
[2026-08-28 16:21:10.848] [4623] [HailoRT] [info] [edge_elements.cpp:287] [create] Created (HwReadEl0best/conv42_97 | hw_frame_size: 6400)
[2026-08-28 16:21:10.849] [4623] [HailoRT] [info] [queue_elements.cpp:657] [create] Created (PullQEl_nms0best/conv42_97 | timeout: 10s)
[2026-08-28 16:21:10.849] [4623] [HailoRT] [info] [edge_elements.cpp:287] [create] Created (HwReadEl4best/conv52_97 | hw_frame_size: 102400)
[2026-08-28 16:21:10.849] [4623] [HailoRT] [info] [queue_elements.cpp:657] [create] Created (PullQEl_nms4best/conv52_97 | timeout: 10s)
[2026-08-28 16:21:10.849] [4623] [HailoRT] [info] [edge_elements.cpp:287] [create] Created (HwReadEl2best/conv53_97 | hw_frame_size: 1600)
[2026-08-28 16:21:10.849] [4623] [HailoRT] [info] [queue_elements.cpp:657] [create] Created (PullQEl_nms2best/conv53_97 | timeout: 10s)
[2026-08-28 16:21:10.849] [4623] [HailoRT] [info] [edge_elements.cpp:287] [create] Created (HwReadEl7best/conv62_97 | hw_frame_size: 30720)
[2026-08-28 16:21:10.849] [4623] [HailoRT] [info] [queue_elements.cpp:657] [create] Created (PullQEl_nms7best/conv62_97 | timeout: 10s)
[2026-08-28 16:21:10.849] [4623] [HailoRT] [info] [edge_elements.cpp:287] [create] Created (HwReadEl6best/conv63_97 | hw_frame_size: 480)
[2026-08-28 16:21:10.849] [4623] [HailoRT] [info] [queue_elements.cpp:657] [create] Created (PullQEl_nms6best/conv63_97 | timeout: 10s)
[2026-08-28 16:21:10.849] [4623] [HailoRT] [info] [queue_elements.cpp:800] [create] Created (UserBufQEl_post_infer0best/yolov8_nms_postprocess | timeout: 10s)
[2026-08-28 16:21:10.849] [4623] [HailoRT] [info] [vstream.cpp:1114] [OutputVStreamImpl] Creating best/yolov8_nms_postprocess...
[2026-08-28 16:21:10.849] [4623] [HailoRT] [info] [vstream_builder.cpp:622] [create_output_post_process_nms] Output pipeline 'best/yolov8_nms_postprocess': HW >> (HwReadEl1best/conv41_97 | hw_frame_size: 409600) >> (PullQEl_nms1best/conv41_97) >> (HwReadEl0best/conv42_97 | hw_frame_size: 6400) >> (PullQEl_nms0best/conv42_97) >> (HwReadEl4best/conv52_97 | hw_frame_size: 102400) >> (PullQEl_nms4best/conv52_97) >> (HwReadEl2best/conv53_97 | hw_frame_size: 1600) >> (PullQEl_nms2best/conv53_97) >> (HwReadEl7best/conv62_97 | hw_frame_size: 30720) >> (PullQEl_nms7best/conv62_97) >> (HwReadEl6best/conv63_97 | hw_frame_size: 480) >> (PullQEl_nms6best/conv63_97) >> (NmsPPMuxEl0YOLOV8-Post-Process | Op YOLOV8, Name: YOLOV8-Post-Process, Score threshold: 0.250, IoU threshold: 0.70, Classes: 1, Cross classes: false, NMS results order: BY_CLASS, Max bboxes per class: 100, Image height: 640, Image width: 640) >> (UserBufQEl_post_infer0best/yolov8_nms_postprocess | timeout: 10s)
[2026-08-28 16:21:10.859] [6798] [HailoRT] [info] [vdevice_native_stream.cpp:331] [read_impl] Failed read from stream HAILO_STREAM_ABORT(63) (device: 0001:01:00.0)
[2026-08-28 16:21:10.859] [6803] [HailoRT] [info] [vdevice_native_stream.cpp:331] [read_impl] Failed read from stream HAILO_STREAM_ABORT(63) (device: 0001:01:00.0)
[2026-08-28 16:21:10.859] [6799] [HailoRT] [info] [vdevice_native_stream.cpp:331] [read_impl] Failed read from stream HAILO_STREAM_ABORT(63) (device: 0001:01:00.0)
[2026-08-28 16:21:10.859] [6801] [HailoRT] [info] [vdevice_native_stream.cpp:331] [read_impl] Failed read from stream HAILO_STREAM_ABORT(63) (device: 0001:01:00.0)
[2026-08-28 16:21:10.859] [6802] [HailoRT] [info] [vdevice_native_stream.cpp:331] [read_impl] Failed read from stream HAILO_STREAM_ABORT(63) (device: 0001:01:00.0)
[2026-08-28 16:21:10.859] [6802] [HailoRT] [info] [edge_elements.cpp:396] [run_pull] Reading from stream was aborted!
[2026-08-28 16:21:10.859] [6798] [HailoRT] [info] [edge_elements.cpp:396] [run_pull] Reading from stream was aborted!
[2026-08-28 16:21:10.859] [6803] [HailoRT] [info] [edge_elements.cpp:396] [run_pull] Reading from stream was aborted!
[2026-08-28 16:21:10.859] [6802] [HailoRT] [info] [queue_elements.cpp:738] [run_in_thread] run_pull of queue element PullQEl_nms7best/conv62_97 was aborted!
[2026-08-28 16:21:10.859] [6798] [HailoRT] [info] [queue_elements.cpp:738] [run_in_thread] run_pull of queue element PullQEl_nms1best/conv41_97 was aborted!
[2026-08-28 16:21:10.859] [6803] [HailoRT] [info] [queue_elements.cpp:738] [run_in_thread] run_pull of queue element PullQEl_nms6best/conv63_97 was aborted!
[2026-08-28 16:21:10.859] [6799] [HailoRT] [info] [edge_elements.cpp:396] [run_pull] Reading from stream was aborted!
[2026-08-28 16:21:10.859] [6800] [HailoRT] [info] [vdevice_native_stream.cpp:331] [read_impl] Failed read from stream HAILO_STREAM_ABORT(63) (device: 0001:01:00.0)
[2026-08-28 16:21:10.859] [6799] [HailoRT] [info] [queue_elements.cpp:738] [run_in_thread] run_pull of queue element PullQEl_nms0best/conv42_97 was aborted!
[2026-08-28 16:21:10.859] [6801] [HailoRT] [info] [edge_elements.cpp:396] [run_pull] Reading from stream was aborted!
[2026-08-28 16:21:10.859] [6800] [HailoRT] [info] [edge_elements.cpp:396] [run_pull] Reading from stream was aborted!
[2026-08-28 16:21:10.859] [6801] [HailoRT] [info] [queue_elements.cpp:738] [run_in_thread] run_pull of queue element PullQEl_nms2best/conv53_97 was aborted!
[2026-08-28 16:21:10.859] [6800] [HailoRT] [info] [queue_elements.cpp:738] [run_in_thread] run_pull of queue element PullQEl_nms4best/conv52_97 was aborted!
[2026-08-28 16:21:10.859] [6804] [HailoRT] [info] [queue_elements.cpp:68] [operator()] Thread in element UserBufQEl_post_infer0best/yolov8_nms_postprocess is not running anymore, exiting..
[2026-08-28 16:21:10.859] [4623] [HailoRT] [info] [queue_elements.cpp:46] [~BaseQueueElement] Queue element UserBufQEl_post_infer0best/yolov8_nms_postprocess has 0 frames in his Queue on destruction
[2026-08-28 16:21:10.859] [6803] [HailoRT] [info] [queue_elements.cpp:68] [operator()] Thread in element PullQEl_nms6best/conv63_97 is not running anymore, exiting..
[2026-08-28 16:21:10.859] [4623] [HailoRT] [info] [queue_elements.cpp:46] [~BaseQueueElement] Queue element PullQEl_nms6best/conv63_97 has 0 frames in his Queue on destruction
[2026-08-28 16:21:10.859] [6802] [HailoRT] [info] [queue_elements.cpp:68] [operator()] Thread in element PullQEl_nms7best/conv62_97 is not running anymore, exiting..
[2026-08-28 16:21:10.860] [4623] [HailoRT] [info] [queue_elements.cpp:46] [~BaseQueueElement] Queue element PullQEl_nms7best/conv62_97 has 0 frames in his Queue on destruction
[2026-08-28 16:21:10.860] [6801] [HailoRT] [info] [queue_elements.cpp:68] [operator()] Thread in element PullQEl_nms2best/conv53_97 is not running anymore, exiting..
[2026-08-28 16:21:10.860] [4623] [HailoRT] [info] [queue_elements.cpp:46] [~BaseQueueElement] Queue element PullQEl_nms2best/conv53_97 has 0 frames in his Queue on destruction
[2026-08-28 16:21:10.860] [6800] [HailoRT] [info] [queue_elements.cpp:68] [operator()] Thread in element PullQEl_nms4best/conv52_97 is not running anymore, exiting..
[2026-08-28 16:21:10.860] [4623] [HailoRT] [info] [queue_elements.cpp:46] [~BaseQueueElement] Queue element PullQEl_nms4best/conv52_97 has 0 frames in his Queue on destruction
[2026-08-28 16:21:10.860] [6799] [HailoRT] [info] [queue_elements.cpp:68] [operator()] Thread in element PullQEl_nms0best/conv42_97 is not running anymore, exiting..
[2026-08-28 16:21:10.860] [4623] [HailoRT] [info] [queue_elements.cpp:46] [~BaseQueueElement] Queue element PullQEl_nms0best/conv42_97 has 0 frames in his Queue on destruction
[2026-08-28 16:21:10.860] [6798] [HailoRT] [info] [queue_elements.cpp:68] [operator()] Thread in element PullQEl_nms1best/conv41_97 is not running anymore, exiting..
[2026-08-28 16:21:10.860] [4623] [HailoRT] [info] [queue_elements.cpp:46] [~BaseQueueElement] Queue element PullQEl_nms1best/conv41_97 has 0 frames in his Queue on destruction
[2026-08-28 16:21:10.860] [6797] [HailoRT] [info] [queue_elements.cpp:68] [operator()] Thread in element PushQEl3best/input_layer1 is not running anymore, exiting..
[2026-08-28 16:21:10.860] [4623] [HailoRT] [info] [queue_elements.cpp:46] [~BaseQueueElement] Queue element PushQEl3best/input_layer1 has 0 frames in his Queue on destruction
[2026-08-28 16:21:10.860] [4623] [HailoRT] [info] [core_op.cpp:186] [deactivate] Deactivating took 0.402688 ms
[2026-08-28 16:21:10.860] [4623] [HailoRT] [info] [core_op.cpp:186] [deactivate] Deactivating took 0.411058 ms
[2026-08-28 16:21:10.881] [4623] [HailoRT] [info] [core_op.cpp:156] [activate] Activating best took 0.466427 milliseconds. Note that the function is asynchronous and thus the network is not fully activated yet.
[2026-08-28 16:21:10.881] [4623] [HailoRT] [info] [core_op.cpp:156] [activate] Activating best took 0.486685 milliseconds. Note that the function is asynchronous and thus the network is not fully activated yet.
[2026-08-28 16:21:10.881] [4623] [HailoRT] [info] [edge_elements.cpp:52] [create] Created (HwWriteEl3best/input_layer1 | hw_frame_size: 1228800)
[2026-08-28 16:21:10.882] [4623] [HailoRT] [info] [queue_elements.cpp:284] [create] Created (PushQEl3best/input_layer1 | timeout: 10s)
[2026-08-28 16:21:10.882] [4623] [HailoRT] [info] [filter_elements.cpp:101] [create] Created (PreInferEl3best/input_layer1 | Reorder - src_order: NHWC, src_shape: (640, 640, 3), dst_order: NHCW, dst_shape: (640, 640, 3))
[2026-08-28 16:21:10.882] [4623] [HailoRT] [info] [vstream.cpp:754] [InputVStreamImpl] Creating best/input_layer1...
[2026-08-28 16:21:10.882] [4623] [HailoRT] [info] [vstream_builder.cpp:102] [create_inputs] Input pipeline 'best/input_layer1': (PreInferEl3best/input_layer1 | Reorder - src_order: NHWC, src_shape: (640, 640, 3), dst_order: NHCW, dst_shape: (640, 640, 3)) >> (PushQEl3best/input_layer1 | timeout: 10s) >> (HwWriteEl3best/input_layer1 | hw_frame_size: 1228800) >> HW
[2026-08-28 16:21:10.882] [4623] [HailoRT] [info] [multi_io_elements.cpp:135] [create] Created (NmsPPMuxEl0YOLOV8-Post-Process | Op YOLOV8, Name: YOLOV8-Post-Process, Score threshold: 0.250, IoU threshold: 0.70, Classes: 1, Cross classes: false, NMS results order: BY_CLASS, Max bboxes per class: 100, Image height: 640, Image width: 640)
[2026-08-28 16:21:10.882] [4623] [HailoRT] [info] [edge_elements.cpp:287] [create] Created (HwReadEl1best/conv41_97 | hw_frame_size: 409600)
[2026-08-28 16:21:10.882] [4623] [HailoRT] [info] [queue_elements.cpp:657] [create] Created (PullQEl_nms1best/conv41_97 | timeout: 10s)
[2026-08-28 16:21:10.882] [4623] [HailoRT] [info] [edge_elements.cpp:287] [create] Created (HwReadEl0best/conv42_97 | hw_frame_size: 6400)
[2026-08-28 16:21:10.882] [4623] [HailoRT] [info] [queue_elements.cpp:657] [create] Created (PullQEl_nms0best/conv42_97 | timeout: 10s)
[2026-08-28 16:21:10.882] [4623] [HailoRT] [info] [edge_elements.cpp:287] [create] Created (HwReadEl4best/conv52_97 | hw_frame_size: 102400)
[2026-08-28 16:21:10.882] [4623] [HailoRT] [info] [queue_elements.cpp:657] [create] Created (PullQEl_nms4best/conv52_97 | timeout: 10s)
[2026-08-28 16:21:10.882] [4623] [HailoRT] [info] [edge_elements.cpp:287] [create] Created (HwReadEl2best/conv53_97 | hw_frame_size: 1600)
[2026-08-28 16:21:10.882] [4623] [HailoRT] [info] [queue_elements.cpp:657] [create] Created (PullQEl_nms2best/conv53_97 | timeout: 10s)
[2026-08-28 16:21:10.882] [4623] [HailoRT] [info] [edge_elements.cpp:287] [create] Created (HwReadEl7best/conv62_97 | hw_frame_size: 30720)
[2026-08-28 16:21:10.882] [4623] [HailoRT] [info] [queue_elements.cpp:657] [create] Created (PullQEl_nms7best/conv62_97 | timeout: 10s)
[2026-08-28 16:21:10.882] [4623] [HailoRT] [info] [edge_elements.cpp:287] [create] Created (HwReadEl6best/conv63_97 | hw_frame_size: 480)
[2026-08-28 16:21:10.882] [4623] [HailoRT] [info] [queue_elements.cpp:657] [create] Created (PullQEl_nms6best/conv63_97 | timeout: 10s)
[2026-08-28 16:21:10.882] [4623] [HailoRT] [info] [queue_elements.cpp:800] [create] Created (UserBufQEl_post_infer0best/yolov8_nms_postprocess | timeout: 10s)
[2026-08-28 16:21:10.882] [4623] [HailoRT] [info] [vstream.cpp:1114] [OutputVStreamImpl] Creating best/yolov8_nms_postprocess...
[2026-08-28 16:21:10.882] [4623] [HailoRT] [info] [vstream_builder.cpp:622] [create_output_post_process_nms] Output pipeline 'best/yolov8_nms_postprocess': HW >> (HwReadEl1best/conv41_97 | hw_frame_size: 409600) >> (PullQEl_nms1best/conv41_97) >> (HwReadEl0best/conv42_97 | hw_frame_size: 6400) >> (PullQEl_nms0best/conv42_97) >> (HwReadEl4best/conv52_97 | hw_frame_size: 102400) >> (PullQEl_nms4best/conv52_97) >> (HwReadEl2best/conv53_97 | hw_frame_size: 1600) >> (PullQEl_nms2best/conv53_97) >> (HwReadEl7best/conv62_97 | hw_frame_size: 30720) >> (PullQEl_nms7best/conv62_97) >> (HwReadEl6best/conv63_97 | hw_frame_size: 480) >> (PullQEl_nms6best/conv63_97) >> (NmsPPMuxEl0YOLOV8-Post-Process | Op YOLOV8, Name: YOLOV8-Post-Process, Score threshold: 0.250, IoU threshold: 0.70, Classes: 1, Cross classes: false, NMS results order: BY_CLASS, Max bboxes per class: 100, Image height: 640, Image width: 640) >> (UserBufQEl_post_infer0best/yolov8_nms_postprocess | timeout: 10s)
[2026-08-28 16:21:10.893] [6809] [HailoRT] [info] [vdevice_native_stream.cpp:331] [read_impl] Failed read from stream HAILO_STREAM_ABORT(63) (device: 0001:01:00.0)
[2026-08-28 16:21:10.893] [6813] [HailoRT] [info] [vdevice_native_stream.cpp:331] [read_impl] Failed read from stream HAILO_STREAM_ABORT(63) (device: 0001:01:00.0)
[2026-08-28 16:21:10.893] [6808] [HailoRT] [info] [vdevice_native_stream.cpp:331] [read_impl] Failed read from stream HAILO_STREAM_ABORT(63) (device: 0001:01:00.0)
[2026-08-28 16:21:10.893] [6813] [HailoRT] [info] [edge_elements.cpp:396] [run_pull] Reading from stream was aborted!
[2026-08-28 16:21:10.893] [6810] [HailoRT] [info] [vdevice_native_stream.cpp:331] [read_impl] Failed read from stream HAILO_STREAM_ABORT(63) (device: 0001:01:00.0)
[2026-08-28 16:21:10.893] [6810] [HailoRT] [info] [edge_elements.cpp:396] [run_pull] Reading from stream was aborted!
[2026-08-28 16:21:10.893] [6812] [HailoRT] [info] [vdevice_native_stream.cpp:331] [read_impl] Failed read from stream HAILO_STREAM_ABORT(63) (device: 0001:01:00.0)
[2026-08-28 16:21:10.893] [6812] [HailoRT] [info] [edge_elements.cpp:396] [run_pull] Reading from stream was aborted!
[2026-08-28 16:21:10.893] [6811] [HailoRT] [info] [vdevice_native_stream.cpp:331] [read_impl] Failed read from stream HAILO_STREAM_ABORT(63) (device: 0001:01:00.0)
[2026-08-28 16:21:10.893] [6808] [HailoRT] [info] [edge_elements.cpp:396] [run_pull] Reading from stream was aborted!
[2026-08-28 16:21:10.893] [6810] [HailoRT] [info] [queue_elements.cpp:738] [run_in_thread] run_pull of queue element PullQEl_nms4best/conv52_97 was aborted!
[2026-08-28 16:21:10.893] [6812] [HailoRT] [info] [queue_elements.cpp:738] [run_in_thread] run_pull of queue element PullQEl_nms7best/conv62_97 was aborted!
[2026-08-28 16:21:10.893] [6808] [HailoRT] [info] [queue_elements.cpp:738] [run_in_thread] run_pull of queue element PullQEl_nms1best/conv41_97 was aborted!
[2026-08-28 16:21:10.893] [6809] [HailoRT] [info] [edge_elements.cpp:396] [run_pull] Reading from stream was aborted!
[2026-08-28 16:21:10.893] [6813] [HailoRT] [info] [queue_elements.cpp:738] [run_in_thread] run_pull of queue element PullQEl_nms6best/conv63_97 was aborted!
[2026-08-28 16:21:10.893] [6809] [HailoRT] [info] [queue_elements.cpp:738] [run_in_thread] run_pull of queue element PullQEl_nms0best/conv42_97 was aborted!
[2026-08-28 16:21:10.893] [6811] [HailoRT] [info] [edge_elements.cpp:396] [run_pull] Reading from stream was aborted!
[2026-08-28 16:21:10.893] [6811] [HailoRT] [info] [queue_elements.cpp:738] [run_in_thread] run_pull of queue element PullQEl_nms2best/conv53_97 was aborted!
[2026-08-28 16:21:10.893] [6814] [HailoRT] [info] [queue_elements.cpp:68] [operator()] Thread in element UserBufQEl_post_infer0best/yolov8_nms_postprocess is not running anymore, exiting..
[2026-08-28 16:21:10.893] [4623] [HailoRT] [info] [queue_elements.cpp:46] [~BaseQueueElement] Queue element UserBufQEl_post_infer0best/yolov8_nms_postprocess has 0 frames in his Queue on destruction
[2026-08-28 16:21:10.893] [6813] [HailoRT] [info] [queue_elements.cpp:68] [operator()] Thread in element PullQEl_nms6best/conv63_97 is not running anymore, exiting..
[2026-08-28 16:21:10.893] [4623] [HailoRT] [info] [queue_elements.cpp:46] [~BaseQueueElement] Queue element PullQEl_nms6best/conv63_97 has 0 frames in his Queue on destruction
[2026-08-28 16:21:10.893] [6812] [HailoRT] [info] [queue_elements.cpp:68] [operator()] Thread in element PullQEl_nms7best/conv62_97 is not running anymore, exiting..
[2026-08-28 16:21:10.893] [4623] [HailoRT] [info] [queue_elements.cpp:46] [~BaseQueueElement] Queue element PullQEl_nms7best/conv62_97 has 0 frames in his Queue on destruction
[2026-08-28 16:21:10.893] [6811] [HailoRT] [info] [queue_elements.cpp:68] [operator()] Thread in element PullQEl_nms2best/conv53_97 is not running anymore, exiting..
[2026-08-28 16:21:10.893] [4623] [HailoRT] [info] [queue_elements.cpp:46] [~BaseQueueElement] Queue element PullQEl_nms2best/conv53_97 has 0 frames in his Queue on destruction
[2026-08-28 16:21:10.893] [6810] [HailoRT] [info] [queue_elements.cpp:68] [operator()] Thread in element PullQEl_nms4best/conv52_97 is not running anymore, exiting..
[2026-08-28 16:21:10.893] [4623] [HailoRT] [info] [queue_elements.cpp:46] [~BaseQueueElement] Queue element PullQEl_nms4best/conv52_97 has 0 frames in his Queue on destruction
[2026-08-28 16:21:10.893] [6809] [HailoRT] [info] [queue_elements.cpp:68] [operator()] Thread in element PullQEl_nms0best/conv42_97 is not running anymore, exiting..
[2026-08-28 16:21:10.893] [4623] [HailoRT] [info] [queue_elements.cpp:46] [~BaseQueueElement] Queue element PullQEl_nms0best/conv42_97 has 0 frames in his Queue on destruction
[2026-08-28 16:21:10.893] [6808] [HailoRT] [info] [queue_elements.cpp:68] [operator()] Thread in element PullQEl_nms1best/conv41_97 is not running anymore, exiting..
[2026-08-28 16:21:10.893] [4623] [HailoRT] [info] [queue_elements.cpp:46] [~BaseQueueElement] Queue element PullQEl_nms1best/conv41_97 has 0 frames in his Queue on destruction
[2026-08-28 16:21:10.893] [6807] [HailoRT] [info] [queue_elements.cpp:68] [operator()] Thread in element PushQEl3best/input_layer1 is not running anymore, exiting..
[2026-08-28 16:21:10.893] [4623] [HailoRT] [info] [queue_elements.cpp:46] [~BaseQueueElement] Queue element PushQEl3best/input_layer1 has 0 frames in his Queue on destruction
[2026-08-28 16:21:10.893] [4623] [HailoRT] [info] [core_op.cpp:186] [deactivate] Deactivating took 0.403225 ms
[2026-08-28 16:21:10.893] [4623] [HailoRT] [info] [core_op.cpp:186] [deactivate] Deactivating took 0.411817 ms
[2026-08-28 16:21:10.915] [4623] [HailoRT] [info] [core_op.cpp:156] [activate] Activating best took 0.467463 milliseconds. Note that the function is asynchronous and thus the network is not fully activated yet.
[2026-08-28 16:21:10.915] [4623] [HailoRT] [info] [core_op.cpp:156] [activate] Activating best took 0.487666 milliseconds. Note that the function is asynchronous and thus the network is not fully activated yet.
[2026-08-28 16:21:10.915] [4623] [HailoRT] [info] [edge_elements.cpp:52] [create] Created (HwWriteEl3best/input_layer1 | hw_frame_size: 1228800)
[2026-08-28 16:21:10.915] [4623] [HailoRT] [info] [queue_elements.cpp:284] [create] Created (PushQEl3best/input_layer1 | timeout: 10s)
[2026-08-28 16:21:10.915] [4623] [HailoRT] [info] [filter_elements.cpp:101] [create] Created (PreInferEl3best/input_layer1 | Reorder - src_order: NHWC, src_shape: (640, 640, 3), dst_order: NHCW, dst_shape: (640, 640, 3))
[2026-08-28 16:21:10.915] [4623] [HailoRT] [info] [vstream.cpp:754] [InputVStreamImpl] Creating best/input_layer1...
[2026-08-28 16:21:10.915] [4623] [HailoRT] [info] [vstream_builder.cpp:102] [create_inputs] Input pipeline 'best/input_layer1': (PreInferEl3best/input_layer1 | Reorder - src_order: NHWC, src_shape: (640, 640, 3), dst_order: NHCW, dst_shape: (640, 640, 3)) >> (PushQEl3best/input_layer1 | timeout: 10s) >> (HwWriteEl3best/input_layer1 | hw_frame_size: 1228800) >> HW
[2026-08-28 16:21:10.915] [4623] [HailoRT] [info] [multi_io_elements.cpp:135] [create] Created (NmsPPMuxEl0YOLOV8-Post-Process | Op YOLOV8, Name: YOLOV8-Post-Process, Score threshold: 0.250, IoU threshold: 0.70, Classes: 1, Cross classes: false, NMS results order: BY_CLASS, Max bboxes per class: 100, Image height: 640, Image width: 640)
[2026-08-28 16:21:10.915] [4623] [HailoRT] [info] [edge_elements.cpp:287] [create] Created (HwReadEl1best/conv41_97 | hw_frame_size: 409600)
[2026-08-28 16:21:10.915] [4623] [HailoRT] [info] [queue_elements.cpp:657] [create] Created (PullQEl_nms1best/conv41_97 | timeout: 10s)
[2026-08-28 16:21:10.915] [4623] [HailoRT] [info] [edge_elements.cpp:287] [create] Created (HwReadEl0best/conv42_97 | hw_frame_size: 6400)
[2026-08-28 16:21:10.915] [4623] [HailoRT] [info] [queue_elements.cpp:657] [create] Created (PullQEl_nms0best/conv42_97 | timeout: 10s)
[2026-08-28 16:21:10.915] [4623] [HailoRT] [info] [edge_elements.cpp:287] [create] Created (HwReadEl4best/conv52_97 | hw_frame_size: 102400)
[2026-08-28 16:21:10.915] [4623] [HailoRT] [info] [queue_elements.cpp:657] [create] Created (PullQEl_nms4best/conv52_97 | timeout: 10s)
[2026-08-28 16:21:10.915] [4623] [HailoRT] [info] [edge_elements.cpp:287] [create] Created (HwReadEl2best/conv53_97 | hw_frame_size: 1600)
[2026-08-28 16:21:10.916] [4623] [HailoRT] [info] [queue_elements.cpp:657] [create] Created (PullQEl_nms2best/conv53_97 | timeout: 10s)
[2026-08-28 16:21:10.916] [4623] [HailoRT] [info] [edge_elements.cpp:287] [create] Created (HwReadEl7best/conv62_97 | hw_frame_size: 30720)
[2026-08-28 16:21:10.916] [4623] [HailoRT] [info] [queue_elements.cpp:657] [create] Created (PullQEl_nms7best/conv62_97 | timeout: 10s)
[2026-08-28 16:21:10.916] [4623] [HailoRT] [info] [edge_elements.cpp:287] [create] Created (HwReadEl6best/conv63_97 | hw_frame_size: 480)
[2026-08-28 16:21:10.916] [4623] [HailoRT] [info] [queue_elements.cpp:657] [create] Created (PullQEl_nms6best/conv63_97 | timeout: 10s)
[2026-08-28 16:21:10.916] [4623] [HailoRT] [info] [queue_elements.cpp:800] [create] Created (UserBufQEl_post_infer0best/yolov8_nms_postprocess | timeout: 10s)
[2026-08-28 16:21:10.916] [4623] [HailoRT] [info] [vstream.cpp:1114] [OutputVStreamImpl] Creating best/yolov8_nms_postprocess...
[2026-08-28 16:21:10.916] [4623] [HailoRT] [info] [vstream_builder.cpp:622] [create_output_post_process_nms] Output pipeline 'best/yolov8_nms_postprocess': HW >> (HwReadEl1best/conv41_97 | hw_frame_size: 409600) >> (PullQEl_nms1best/conv41_97) >> (HwReadEl0best/conv42_97 | hw_frame_size: 6400) >> (PullQEl_nms0best/conv42_97) >> (HwReadEl4best/conv52_97 | hw_frame_size: 102400) >> (PullQEl_nms4best/conv52_97) >> (HwReadEl2best/conv53_97 | hw_frame_size: 1600) >> (PullQEl_nms2best/conv53_97) >> (HwReadEl7best/conv62_97 | hw_frame_size: 30720) >> (PullQEl_nms7best/conv62_97) >> (HwReadEl6best/conv63_97 | hw_frame_size: 480) >> (PullQEl_nms6best/conv63_97) >> (NmsPPMuxEl0YOLOV8-Post-Process | Op YOLOV8, Name: YOLOV8-Post-Process, Score threshold: 0.250, IoU threshold: 0.70, Classes: 1, Cross classes: false, NMS results order: BY_CLASS, Max bboxes per class: 100, Image height: 640, Image width: 640) >> (UserBufQEl_post_infer0best/yolov8_nms_postprocess | timeout: 10s)
[2026-08-28 16:21:10.926] [6818] [HailoRT] [info] [vdevice_native_stream.cpp:331] [read_impl] Failed read from stream HAILO_STREAM_ABORT(63) (device: 0001:01:00.0)
[2026-08-28 16:21:10.926] [6822] [HailoRT] [info] [vdevice_native_stream.cpp:331] [read_impl] Failed read from stream HAILO_STREAM_ABORT(63) (device: 0001:01:00.0)
[2026-08-28 16:21:10.926] [6822] [HailoRT] [info] [edge_elements.cpp:396] [run_pull] Reading from stream was aborted!
[2026-08-28 16:21:10.926] [6823] [HailoRT] [info] [vdevice_native_stream.cpp:331] [read_impl] Failed read from stream HAILO_STREAM_ABORT(63) (device: 0001:01:00.0)
[2026-08-28 16:21:10.926] [6821] [HailoRT] [info] [vdevice_native_stream.cpp:331] [read_impl] Failed read from stream HAILO_STREAM_ABORT(63) (device: 0001:01:00.0)
[2026-08-28 16:21:10.926] [6823] [HailoRT] [info] [edge_elements.cpp:396] [run_pull] Reading from stream was aborted!
[2026-08-28 16:21:10.926] [6821] [HailoRT] [info] [edge_elements.cpp:396] [run_pull] Reading from stream was aborted!
[2026-08-28 16:21:10.926] [6819] [HailoRT] [info] [vdevice_native_stream.cpp:331] [read_impl] Failed read from stream HAILO_STREAM_ABORT(63) (device: 0001:01:00.0)
[2026-08-28 16:21:10.926] [6820] [HailoRT] [info] [vdevice_native_stream.cpp:331] [read_impl] Failed read from stream HAILO_STREAM_ABORT(63) (device: 0001:01:00.0)
[2026-08-28 16:21:10.926] [6819] [HailoRT] [info] [edge_elements.cpp:396] [run_pull] Reading from stream was aborted!
[2026-08-28 16:21:10.926] [6821] [HailoRT] [info] [queue_elements.cpp:738] [run_in_thread] run_pull of queue element PullQEl_nms2best/conv53_97 was aborted!
[2026-08-28 16:21:10.926] [6818] [HailoRT] [info] [edge_elements.cpp:396] [run_pull] Reading from stream was aborted!
[2026-08-28 16:21:10.926] [6823] [HailoRT] [info] [queue_elements.cpp:738] [run_in_thread] run_pull of queue element PullQEl_nms6best/conv63_97 was aborted!
[2026-08-28 16:21:10.926] [6819] [HailoRT] [info] [queue_elements.cpp:738] [run_in_thread] run_pull of queue element PullQEl_nms0best/conv42_97 was aborted!
[2026-08-28 16:21:10.926] [6818] [HailoRT] [info] [queue_elements.cpp:738] [run_in_thread] run_pull of queue element PullQEl_nms1best/conv41_97 was aborted!
[2026-08-28 16:21:10.926] [6820] [HailoRT] [info] [edge_elements.cpp:396] [run_pull] Reading from stream was aborted!
[2026-08-28 16:21:10.926] [6822] [HailoRT] [info] [queue_elements.cpp:738] [run_in_thread] run_pull of queue element PullQEl_nms7best/conv62_97 was aborted!
[2026-08-28 16:21:10.926] [6820] [HailoRT] [info] [queue_elements.cpp:738] [run_in_thread] run_pull of queue element PullQEl_nms4best/conv52_97 was aborted!
[2026-08-28 16:21:10.926] [6824] [HailoRT] [info] [queue_elements.cpp:68] [operator()] Thread in element UserBufQEl_post_infer0best/yolov8_nms_postprocess is not running anymore, exiting..
[2026-08-28 16:21:10.926] [4623] [HailoRT] [info] [queue_elements.cpp:46] [~BaseQueueElement] Queue element UserBufQEl_post_infer0best/yolov8_nms_postprocess has 0 frames in his Queue on destruction
[2026-08-28 16:21:10.926] [6823] [HailoRT] [info] [queue_elements.cpp:68] [operator()] Thread in element PullQEl_nms6best/conv63_97 is not running anymore, exiting..
[2026-08-28 16:21:10.926] [4623] [HailoRT] [info] [queue_elements.cpp:46] [~BaseQueueElement] Queue element PullQEl_nms6best/conv63_97 has 0 frames in his Queue on destruction
[2026-08-28 16:21:10.926] [6822] [HailoRT] [info] [queue_elements.cpp:68] [operator()] Thread in element PullQEl_nms7best/conv62_97 is not running anymore, exiting..
[2026-08-28 16:21:10.926] [4623] [HailoRT] [info] [queue_elements.cpp:46] [~BaseQueueElement] Queue element PullQEl_nms7best/conv62_97 has 0 frames in his Queue on destruction
[2026-08-28 16:21:10.926] [6821] [HailoRT] [info] [queue_elements.cpp:68] [operator()] Thread in element PullQEl_nms2best/conv53_97 is not running anymore, exiting..
[2026-08-28 16:21:10.926] [4623] [HailoRT] [info] [queue_elements.cpp:46] [~BaseQueueElement] Queue element PullQEl_nms2best/conv53_97 has 0 frames in his Queue on destruction
[2026-08-28 16:21:10.926] [6820] [HailoRT] [info] [queue_elements.cpp:68] [operator()] Thread in element PullQEl_nms4best/conv52_97 is not running anymore, exiting..
[2026-08-28 16:21:10.926] [4623] [HailoRT] [info] [queue_elements.cpp:46] [~BaseQueueElement] Queue element PullQEl_nms4best/conv52_97 has 0 frames in his Queue on destruction
[2026-08-28 16:21:10.926] [6819] [HailoRT] [info] [queue_elements.cpp:68] [operator()] Thread in element PullQEl_nms0best/conv42_97 is not running anymore, exiting..
[2026-08-28 16:21:10.926] [4623] [HailoRT] [info] [queue_elements.cpp:46] [~BaseQueueElement] Queue element PullQEl_nms0best/conv42_97 has 0 frames in his Queue on destruction
[2026-08-28 16:21:10.926] [6818] [HailoRT] [info] [queue_elements.cpp:68] [operator()] Thread in element PullQEl_nms1best/conv41_97 is not running anymore, exiting..
[2026-08-28 16:21:10.926] [4623] [HailoRT] [info] [queue_elements.cpp:46] [~BaseQueueElement] Queue element PullQEl_nms1best/conv41_97 has 0 frames in his Queue on destruction
[2026-08-28 16:21:10.927] [6817] [HailoRT] [info] [queue_elements.cpp:68] [operator()] Thread in element PushQEl3best/input_layer1 is not running anymore, exiting..
[2026-08-28 16:21:10.927] [4623] [HailoRT] [info] [queue_elements.cpp:46] [~BaseQueueElement] Queue element PushQEl3best/input_layer1 has 0 frames in his Queue on destruction
[2026-08-28 16:21:10.927] [4623] [HailoRT] [info] [core_op.cpp:186] [deactivate] Deactivating took 0.402521 ms
[2026-08-28 16:21:10.927] [4623] [HailoRT] [info] [core_op.cpp:186] [deactivate] Deactivating took 0.41141 ms
[2026-08-28 16:21:10.947] [4623] [HailoRT] [info] [core_op.cpp:156] [activate] Activating best took 0.44039 milliseconds. Note that the function is asynchronous and thus the network is not fully activated yet.
[2026-08-28 16:21:10.947] [4623] [HailoRT] [info] [core_op.cpp:156] [activate] Activating best took 0.460649 milliseconds. Note that the function is asynchronous and thus the network is not fully activated yet.
[2026-08-28 16:21:10.948] [4623] [HailoRT] [info] [edge_elements.cpp:52] [create] Created (HwWriteEl3best/input_layer1 | hw_frame_size: 1228800)
[2026-08-28 16:21:10.948] [4623] [HailoRT] [info] [queue_elements.cpp:284] [create] Created (PushQEl3best/input_layer1 | timeout: 10s)
[2026-08-28 16:21:10.948] [4623] [HailoRT] [info] [filter_elements.cpp:101] [create] Created (PreInferEl3best/input_layer1 | Reorder - src_order: NHWC, src_shape: (640, 640, 3), dst_order: NHCW, dst_shape: (640, 640, 3))
[2026-08-28 16:21:10.948] [4623] [HailoRT] [info] [vstream.cpp:754] [InputVStreamImpl] Creating best/input_layer1...
[2026-08-28 16:21:10.948] [4623] [HailoRT] [info] [vstream_builder.cpp:102] [create_inputs] Input pipeline 'best/input_layer1': (PreInferEl3best/input_layer1 | Reorder - src_order: NHWC, src_shape: (640, 640, 3), dst_order: NHCW, dst_shape: (640, 640, 3)) >> (PushQEl3best/input_layer1 | timeout: 10s) >> (HwWriteEl3best/input_layer1 | hw_frame_size: 1228800) >> HW
[2026-08-28 16:21:10.948] [4623] [HailoRT] [info] [multi_io_elements.cpp:135] [create] Created (NmsPPMuxEl0YOLOV8-Post-Process | Op YOLOV8, Name: YOLOV8-Post-Process, Score threshold: 0.250, IoU threshold: 0.70, Classes: 1, Cross classes: false, NMS results order: BY_CLASS, Max bboxes per class: 100, Image height: 640, Image width: 640)
[2026-08-28 16:21:10.948] [4623] [HailoRT] [info] [edge_elements.cpp:287] [create] Created (HwReadEl1best/conv41_97 | hw_frame_size: 409600)
[2026-08-28 16:21:10.948] [4623] [HailoRT] [info] [queue_elements.cpp:657] [create] Created (PullQEl_nms1best/conv41_97 | timeout: 10s)
[2026-08-28 16:21:10.948] [4623] [HailoRT] [info] [edge_elements.cpp:287] [create] Created (HwReadEl0best/conv42_97 | hw_frame_size: 6400)
[2026-08-28 16:21:10.948] [4623] [HailoRT] [info] [queue_elements.cpp:657] [create] Created (PullQEl_nms0best/conv42_97 | timeout: 10s)
[2026-08-28 16:21:10.948] [4623] [HailoRT] [info] [edge_elements.cpp:287] [create] Created (HwReadEl4best/conv52_97 | hw_frame_size: 102400)
[2026-08-28 16:21:10.948] [4623] [HailoRT] [info] [queue_elements.cpp:657] [create] Created (PullQEl_nms4best/conv52_97 | timeout: 10s)
[2026-08-28 16:21:10.948] [4623] [HailoRT] [info] [edge_elements.cpp:287] [create] Created (HwReadEl2best/conv53_97 | hw_frame_size: 1600)
[2026-08-28 16:21:10.948] [4623] [HailoRT] [info] [queue_elements.cpp:657] [create] Created (PullQEl_nms2best/conv53_97 | timeout: 10s)
[2026-08-28 16:21:10.948] [4623] [HailoRT] [info] [edge_elements.cpp:287] [create] Created (HwReadEl7best/conv62_97 | hw_frame_size: 30720)
[2026-08-28 16:21:10.948] [4623] [HailoRT] [info] [queue_elements.cpp:657] [create] Created (PullQEl_nms7best/conv62_97 | timeout: 10s)
[2026-08-28 16:21:10.948] [4623] [HailoRT] [info] [edge_elements.cpp:287] [create] Created (HwReadEl6best/conv63_97 | hw_frame_size: 480)
[2026-08-28 16:21:10.948] [4623] [HailoRT] [info] [queue_elements.cpp:657] [create] Created (PullQEl_nms6best/conv63_97 | timeout: 10s)
[2026-08-28 16:21:10.948] [4623] [HailoRT] [info] [queue_elements.cpp:800] [create] Created (UserBufQEl_post_infer0best/yolov8_nms_postprocess | timeout: 10s)
[2026-08-28 16:21:10.948] [4623] [HailoRT] [info] [vstream.cpp:1114] [OutputVStreamImpl] Creating best/yolov8_nms_postprocess...
[2026-08-28 16:21:10.948] [4623] [HailoRT] [info] [vstream_builder.cpp:622] [create_output_post_process_nms] Output pipeline 'best/yolov8_nms_postprocess': HW >> (HwReadEl1best/conv41_97 | hw_frame_size: 409600) >> (PullQEl_nms1best/conv41_97) >> (HwReadEl0best/conv42_97 | hw_frame_size: 6400) >> (PullQEl_nms0best/conv42_97) >> (HwReadEl4best/conv52_97 | hw_frame_size: 102400) >> (PullQEl_nms4best/conv52_97) >> (HwReadEl2best/conv53_97 | hw_frame_size: 1600) >> (PullQEl_nms2best/conv53_97) >> (HwReadEl7best/conv62_97 | hw_frame_size: 30720) >> (PullQEl_nms7best/conv62_97) >> (HwReadEl6best/conv63_97 | hw_frame_size: 480) >> (PullQEl_nms6best/conv63_97) >> (NmsPPMuxEl0YOLOV8-Post-Process | Op YOLOV8, Name: YOLOV8-Post-Process, Score threshold: 0.250, IoU threshold: 0.70, Classes: 1, Cross classes: false, NMS results order: BY_CLASS, Max bboxes per class: 100, Image height: 640, Image width: 640) >> (UserBufQEl_post_infer0best/yolov8_nms_postprocess | timeout: 10s)
[2026-08-28 16:21:10.959] [6829] [HailoRT] [info] [vdevice_native_stream.cpp:331] [read_impl] Failed read from stream HAILO_STREAM_ABORT(63) (device: 0001:01:00.0)
[2026-08-28 16:21:10.959] [6833] [HailoRT] [info] [vdevice_native_stream.cpp:331] [read_impl] Failed read from stream HAILO_STREAM_ABORT(63) (device: 0001:01:00.0)
[2026-08-28 16:21:10.959] [6831] [HailoRT] [info] [vdevice_native_stream.cpp:331] [read_impl] Failed read from stream HAILO_STREAM_ABORT(63) (device: 0001:01:00.0)
[2026-08-28 16:21:10.959] [6831] [HailoRT] [info] [edge_elements.cpp:396] [run_pull] Reading from stream was aborted!
[2026-08-28 16:21:10.959] [6832] [HailoRT] [info] [vdevice_native_stream.cpp:331] [read_impl] Failed read from stream HAILO_STREAM_ABORT(63) (device: 0001:01:00.0)
[2026-08-28 16:21:10.959] [6830] [HailoRT] [info] [vdevice_native_stream.cpp:331] [read_impl] Failed read from stream HAILO_STREAM_ABORT(63) (device: 0001:01:00.0)
[2026-08-28 16:21:10.959] [6833] [HailoRT] [info] [edge_elements.cpp:396] [run_pull] Reading from stream was aborted!
[2026-08-28 16:21:10.959] [6828] [HailoRT] [info] [vdevice_native_stream.cpp:331] [read_impl] Failed read from stream HAILO_STREAM_ABORT(63) (device: 0001:01:00.0)
[2026-08-28 16:21:10.959] [6832] [HailoRT] [info] [edge_elements.cpp:396] [run_pull] Reading from stream was aborted!
[2026-08-28 16:21:10.959] [6831] [HailoRT] [info] [queue_elements.cpp:738] [run_in_thread] run_pull of queue element PullQEl_nms2best/conv53_97 was aborted!
[2026-08-28 16:21:10.959] [6832] [HailoRT] [info] [queue_elements.cpp:738] [run_in_thread] run_pull of queue element PullQEl_nms7best/conv62_97 was aborted!
[2026-08-28 16:21:10.959] [6828] [HailoRT] [info] [edge_elements.cpp:396] [run_pull] Reading from stream was aborted!
[2026-08-28 16:21:10.959] [6829] [HailoRT] [info] [edge_elements.cpp:396] [run_pull] Reading from stream was aborted!
[2026-08-28 16:21:10.959] [6833] [HailoRT] [info] [queue_elements.cpp:738] [run_in_thread] run_pull of queue element PullQEl_nms6best/conv63_97 was aborted!
[2026-08-28 16:21:10.959] [6828] [HailoRT] [info] [queue_elements.cpp:738] [run_in_thread] run_pull of queue element PullQEl_nms1best/conv41_97 was aborted!
[2026-08-28 16:21:10.959] [6829] [HailoRT] [info] [queue_elements.cpp:738] [run_in_thread] run_pull of queue element PullQEl_nms0best/conv42_97 was aborted!
[2026-08-28 16:21:10.959] [6830] [HailoRT] [info] [edge_elements.cpp:396] [run_pull] Reading from stream was aborted!
[2026-08-28 16:21:10.959] [6830] [HailoRT] [info] [queue_elements.cpp:738] [run_in_thread] run_pull of queue element PullQEl_nms4best/conv52_97 was aborted!
[2026-08-28 16:21:10.959] [6834] [HailoRT] [info] [queue_elements.cpp:68] [operator()] Thread in element UserBufQEl_post_infer0best/yolov8_nms_postprocess is not running anymore, exiting..
[2026-08-28 16:21:10.959] [4623] [HailoRT] [info] [queue_elements.cpp:46] [~BaseQueueElement] Queue element UserBufQEl_post_infer0best/yolov8_nms_postprocess has 0 frames in his Queue on destruction
[2026-08-28 16:21:10.959] [6833] [HailoRT] [info] [queue_elements.cpp:68] [operator()] Thread in element PullQEl_nms6best/conv63_97 is not running anymore, exiting..
[2026-08-28 16:21:10.959] [4623] [HailoRT] [info] [queue_elements.cpp:46] [~BaseQueueElement] Queue element PullQEl_nms6best/conv63_97 has 0 frames in his Queue on destruction
[2026-08-28 16:21:10.959] [6832] [HailoRT] [info] [queue_elements.cpp:68] [operator()] Thread in element PullQEl_nms7best/conv62_97 is not running anymore, exiting..
[2026-08-28 16:21:10.959] [4623] [HailoRT] [info] [queue_elements.cpp:46] [~BaseQueueElement] Queue element PullQEl_nms7best/conv62_97 has 0 frames in his Queue on destruction
[2026-08-28 16:21:10.959] [6831] [HailoRT] [info] [queue_elements.cpp:68] [operator()] Thread in element PullQEl_nms2best/conv53_97 is not running anymore, exiting..
[2026-08-28 16:21:10.959] [4623] [HailoRT] [info] [queue_elements.cpp:46] [~BaseQueueElement] Queue element PullQEl_nms2best/conv53_97 has 0 frames in his Queue on destruction
[2026-08-28 16:21:10.959] [6830] [HailoRT] [info] [queue_elements.cpp:68] [operator()] Thread in element PullQEl_nms4best/conv52_97 is not running anymore, exiting..
[2026-08-28 16:21:10.959] [4623] [HailoRT] [info] [queue_elements.cpp:46] [~BaseQueueElement] Queue element PullQEl_nms4best/conv52_97 has 0 frames in his Queue on destruction
[2026-08-28 16:21:10.959] [6829] [HailoRT] [info] [queue_elements.cpp:68] [operator()] Thread in element PullQEl_nms0best/conv42_97 is not running anymore, exiting..
[2026-08-28 16:21:10.959] [4623] [HailoRT] [info] [queue_elements.cpp:46] [~BaseQueueElement] Queue element PullQEl_nms0best/conv42_97 has 0 frames in his Queue on destruction
[2026-08-28 16:21:10.959] [6828] [HailoRT] [info] [queue_elements.cpp:68] [operator()] Thread in element PullQEl_nms1best/conv41_97 is not running anymore, exiting..
[2026-08-28 16:21:10.959] [4623] [HailoRT] [info] [queue_elements.cpp:46] [~BaseQueueElement] Queue element PullQEl_nms1best/conv41_97 has 0 frames in his Queue on destruction
[2026-08-28 16:21:10.959] [6827] [HailoRT] [info] [queue_elements.cpp:68] [operator()] Thread in element PushQEl3best/input_layer1 is not running anymore, exiting..
[2026-08-28 16:21:10.959] [4623] [HailoRT] [info] [queue_elements.cpp:46] [~BaseQueueElement] Queue element PushQEl3best/input_layer1 has 0 frames in his Queue on destruction
[2026-08-28 16:21:10.960] [4623] [HailoRT] [info] [core_op.cpp:186] [deactivate] Deactivating took 0.403429 ms
[2026-08-28 16:21:10.960] [4623] [HailoRT] [info] [core_op.cpp:186] [deactivate] Deactivating took 0.412447 ms
[2026-08-28 16:21:10.981] [4623] [HailoRT] [info] [core_op.cpp:156] [activate] Activating best took 0.458927 milliseconds. Note that the function is asynchronous and thus the network is not fully activated yet.
[2026-08-28 16:21:10.981] [4623] [HailoRT] [info] [core_op.cpp:156] [activate] Activating best took 0.479315 milliseconds. Note that the function is asynchronous and thus the network is not fully activated yet.
[2026-08-28 16:21:10.981] [4623] [HailoRT] [info] [edge_elements.cpp:52] [create] Created (HwWriteEl3best/input_layer1 | hw_frame_size: 1228800)
[2026-08-28 16:21:10.981] [4623] [HailoRT] [info] [queue_elements.cpp:284] [create] Created (PushQEl3best/input_layer1 | timeout: 10s)
[2026-08-28 16:21:10.981] [4623] [HailoRT] [info] [filter_elements.cpp:101] [create] Created (PreInferEl3best/input_layer1 | Reorder - src_order: NHWC, src_shape: (640, 640, 3), dst_order: NHCW, dst_shape: (640, 640, 3))
[2026-08-28 16:21:10.981] [4623] [HailoRT] [info] [vstream.cpp:754] [InputVStreamImpl] Creating best/input_layer1...
[2026-08-28 16:21:10.981] [4623] [HailoRT] [info] [vstream_builder.cpp:102] [create_inputs] Input pipeline 'best/input_layer1': (PreInferEl3best/input_layer1 | Reorder - src_order: NHWC, src_shape: (640, 640, 3), dst_order: NHCW, dst_shape: (640, 640, 3)) >> (PushQEl3best/input_layer1 | timeout: 10s) >> (HwWriteEl3best/input_layer1 | hw_frame_size: 1228800) >> HW
[2026-08-28 16:21:10.981] [4623] [HailoRT] [info] [multi_io_elements.cpp:135] [create] Created (NmsPPMuxEl0YOLOV8-Post-Process | Op YOLOV8, Name: YOLOV8-Post-Process, Score threshold: 0.250, IoU threshold: 0.70, Classes: 1, Cross classes: false, NMS results order: BY_CLASS, Max bboxes per class: 100, Image height: 640, Image width: 640)
[2026-08-28 16:21:10.981] [4623] [HailoRT] [info] [edge_elements.cpp:287] [create] Created (HwReadEl1best/conv41_97 | hw_frame_size: 409600)
[2026-08-28 16:21:10.981] [4623] [HailoRT] [info] [queue_elements.cpp:657] [create] Created (PullQEl_nms1best/conv41_97 | timeout: 10s)
[2026-08-28 16:21:10.981] [4623] [HailoRT] [info] [edge_elements.cpp:287] [create] Created (HwReadEl0best/conv42_97 | hw_frame_size: 6400)
[2026-08-28 16:21:10.981] [4623] [HailoRT] [info] [queue_elements.cpp:657] [create] Created (PullQEl_nms0best/conv42_97 | timeout: 10s)
[2026-08-28 16:21:10.981] [4623] [HailoRT] [info] [edge_elements.cpp:287] [create] Created (HwReadEl4best/conv52_97 | hw_frame_size: 102400)
[2026-08-28 16:21:10.981] [4623] [HailoRT] [info] [queue_elements.cpp:657] [create] Created (PullQEl_nms4best/conv52_97 | timeout: 10s)
[2026-08-28 16:21:10.981] [4623] [HailoRT] [info] [edge_elements.cpp:287] [create] Created (HwReadEl2best/conv53_97 | hw_frame_size: 1600)
[2026-08-28 16:21:10.981] [4623] [HailoRT] [info] [queue_elements.cpp:657] [create] Created (PullQEl_nms2best/conv53_97 | timeout: 10s)
[2026-08-28 16:21:10.981] [4623] [HailoRT] [info] [edge_elements.cpp:287] [create] Created (HwReadEl7best/conv62_97 | hw_frame_size: 30720)
[2026-08-28 16:21:10.981] [4623] [HailoRT] [info] [queue_elements.cpp:657] [create] Created (PullQEl_nms7best/conv62_97 | timeout: 10s)
[2026-08-28 16:21:10.981] [4623] [HailoRT] [info] [edge_elements.cpp:287] [create] Created (HwReadEl6best/conv63_97 | hw_frame_size: 480)
[2026-08-28 16:21:10.982] [4623] [HailoRT] [info] [queue_elements.cpp:657] [create] Created (PullQEl_nms6best/conv63_97 | timeout: 10s)
[2026-08-28 16:21:10.982] [4623] [HailoRT] [info] [queue_elements.cpp:800] [create] Created (UserBufQEl_post_infer0best/yolov8_nms_postprocess | timeout: 10s)
[2026-08-28 16:21:10.982] [4623] [HailoRT] [info] [vstream.cpp:1114] [OutputVStreamImpl] Creating best/yolov8_nms_postprocess...
[2026-08-28 16:21:10.982] [4623] [HailoRT] [info] [vstream_builder.cpp:622] [create_output_post_process_nms] Output pipeline 'best/yolov8_nms_postprocess': HW >> (HwReadEl1best/conv41_97 | hw_frame_size: 409600) >> (PullQEl_nms1best/conv41_97) >> (HwReadEl0best/conv42_97 | hw_frame_size: 6400) >> (PullQEl_nms0best/conv42_97) >> (HwReadEl4best/conv52_97 | hw_frame_size: 102400) >> (PullQEl_nms4best/conv52_97) >> (HwReadEl2best/conv53_97 | hw_frame_size: 1600) >> (PullQEl_nms2best/conv53_97) >> (HwReadEl7best/conv62_97 | hw_frame_size: 30720) >> (PullQEl_nms7best/conv62_97) >> (HwReadEl6best/conv63_97 | hw_frame_size: 480) >> (PullQEl_nms6best/conv63_97) >> (NmsPPMuxEl0YOLOV8-Post-Process | Op YOLOV8, Name: YOLOV8-Post-Process, Score threshold: 0.250, IoU threshold: 0.70, Classes: 1, Cross classes: false, NMS results order: BY_CLASS, Max bboxes per class: 100, Image height: 640, Image width: 640) >> (UserBufQEl_post_infer0best/yolov8_nms_postprocess | timeout: 10s)
[2026-08-28 16:21:10.992] [6839] [HailoRT] [info] [vdevice_native_stream.cpp:331] [read_impl] Failed read from stream HAILO_STREAM_ABORT(63) (device: 0001:01:00.0)
[2026-08-28 16:21:10.992] [6843] [HailoRT] [info] [vdevice_native_stream.cpp:331] [read_impl] Failed read from stream HAILO_STREAM_ABORT(63) (device: 0001:01:00.0)
[2026-08-28 16:21:10.992] [6843] [HailoRT] [info] [edge_elements.cpp:396] [run_pull] Reading from stream was aborted!
[2026-08-28 16:21:10.992] [6842] [HailoRT] [info] [vdevice_native_stream.cpp:331] [read_impl] Failed read from stream HAILO_STREAM_ABORT(63) (device: 0001:01:00.0)
[2026-08-28 16:21:10.992] [6842] [HailoRT] [info] [edge_elements.cpp:396] [run_pull] Reading from stream was aborted!
[2026-08-28 16:21:10.992] [6843] [HailoRT] [info] [queue_elements.cpp:738] [run_in_thread] run_pull of queue element PullQEl_nms6best/conv63_97 was aborted!
[2026-08-28 16:21:10.992] [6842] [HailoRT] [info] [queue_elements.cpp:738] [run_in_thread] run_pull of queue element PullQEl_nms7best/conv62_97 was aborted!
[2026-08-28 16:21:10.992] [6838] [HailoRT] [info] [vdevice_native_stream.cpp:331] [read_impl] Failed read from stream HAILO_STREAM_ABORT(63) (device: 0001:01:00.0)
[2026-08-28 16:21:10.992] [6839] [HailoRT] [info] [edge_elements.cpp:396] [run_pull] Reading from stream was aborted!
[2026-08-28 16:21:10.992] [6840] [HailoRT] [info] [vdevice_native_stream.cpp:331] [read_impl] Failed read from stream HAILO_STREAM_ABORT(63) (device: 0001:01:00.0)
[2026-08-28 16:21:10.992] [6840] [HailoRT] [info] [edge_elements.cpp:396] [run_pull] Reading from stream was aborted!
[2026-08-28 16:21:10.992] [6838] [HailoRT] [info] [edge_elements.cpp:396] [run_pull] Reading from stream was aborted!
[2026-08-28 16:21:10.992] [6839] [HailoRT] [info] [queue_elements.cpp:738] [run_in_thread] run_pull of queue element PullQEl_nms0best/conv42_97 was aborted!
[2026-08-28 16:21:10.992] [6838] [HailoRT] [info] [queue_elements.cpp:738] [run_in_thread] run_pull of queue element PullQEl_nms1best/conv41_97 was aborted!
[2026-08-28 16:21:10.992] [6840] [HailoRT] [info] [queue_elements.cpp:738] [run_in_thread] run_pull of queue element PullQEl_nms4best/conv52_97 was aborted!
[2026-08-28 16:21:10.992] [6841] [HailoRT] [info] [vdevice_native_stream.cpp:331] [read_impl] Failed read from stream HAILO_STREAM_ABORT(63) (device: 0001:01:00.0)
[2026-08-28 16:21:10.992] [6841] [HailoRT] [info] [edge_elements.cpp:396] [run_pull] Reading from stream was aborted!
[2026-08-28 16:21:10.992] [6841] [HailoRT] [info] [queue_elements.cpp:738] [run_in_thread] run_pull of queue element PullQEl_nms2best/conv53_97 was aborted!
[2026-08-28 16:21:10.992] [6844] [HailoRT] [info] [queue_elements.cpp:68] [operator()] Thread in element UserBufQEl_post_infer0best/yolov8_nms_postprocess is not running anymore, exiting..
[2026-08-28 16:21:10.992] [4623] [HailoRT] [info] [queue_elements.cpp:46] [~BaseQueueElement] Queue element UserBufQEl_post_infer0best/yolov8_nms_postprocess has 0 frames in his Queue on destruction
[2026-08-28 16:21:10.992] [6843] [HailoRT] [info] [queue_elements.cpp:68] [operator()] Thread in element PullQEl_nms6best/conv63_97 is not running anymore, exiting..
[2026-08-28 16:21:10.992] [4623] [HailoRT] [info] [queue_elements.cpp:46] [~BaseQueueElement] Queue element PullQEl_nms6best/conv63_97 has 0 frames in his Queue on destruction
[2026-08-28 16:21:10.992] [6842] [HailoRT] [info] [queue_elements.cpp:68] [operator()] Thread in element PullQEl_nms7best/conv62_97 is not running anymore, exiting..
[2026-08-28 16:21:10.992] [4623] [HailoRT] [info] [queue_elements.cpp:46] [~BaseQueueElement] Queue element PullQEl_nms7best/conv62_97 has 0 frames in his Queue on destruction
[2026-08-28 16:21:10.992] [6841] [HailoRT] [info] [queue_elements.cpp:68] [operator()] Thread in element PullQEl_nms2best/conv53_97 is not running anymore, exiting..
[2026-08-28 16:21:10.992] [4623] [HailoRT] [info] [queue_elements.cpp:46] [~BaseQueueElement] Queue element PullQEl_nms2best/conv53_97 has 0 frames in his Queue on destruction
[2026-08-28 16:21:10.992] [6840] [HailoRT] [info] [queue_elements.cpp:68] [operator()] Thread in element PullQEl_nms4best/conv52_97 is not running anymore, exiting..
[2026-08-28 16:21:10.992] [4623] [HailoRT] [info] [queue_elements.cpp:46] [~BaseQueueElement] Queue element PullQEl_nms4best/conv52_97 has 0 frames in his Queue on destruction
[2026-08-28 16:21:10.992] [6839] [HailoRT] [info] [queue_elements.cpp:68] [operator()] Thread in element PullQEl_nms0best/conv42_97 is not running anymore, exiting..
[2026-08-28 16:21:10.992] [4623] [HailoRT] [info] [queue_elements.cpp:46] [~BaseQueueElement] Queue element PullQEl_nms0best/conv42_97 has 0 frames in his Queue on destruction
[2026-08-28 16:21:10.992] [6838] [HailoRT] [info] [queue_elements.cpp:68] [operator()] Thread in element PullQEl_nms1best/conv41_97 is not running anymore, exiting..
[2026-08-28 16:21:10.992] [4623] [HailoRT] [info] [queue_elements.cpp:46] [~BaseQueueElement] Queue element PullQEl_nms1best/conv41_97 has 0 frames in his Queue on destruction
[2026-08-28 16:21:10.992] [6837] [HailoRT] [info] [queue_elements.cpp:68] [operator()] Thread in element PushQEl3best/input_layer1 is not running anymore, exiting..
[2026-08-28 16:21:10.992] [4623] [HailoRT] [info] [queue_elements.cpp:46] [~BaseQueueElement] Queue element PushQEl3best/input_layer1 has 0 frames in his Queue on destruction
[2026-08-28 16:21:10.993] [4623] [HailoRT] [info] [core_op.cpp:186] [deactivate] Deactivating took 0.401392 ms
[2026-08-28 16:21:10.993] [4623] [HailoRT] [info] [core_op.cpp:186] [deactivate] Deactivating took 0.410298 ms
[2026-08-28 16:21:11.014] [4623] [HailoRT] [info] [core_op.cpp:156] [activate] Activating best took 0.440353 milliseconds. Note that the function is asynchronous and thus the network is not fully activated yet.
[2026-08-28 16:21:11.014] [4623] [HailoRT] [info] [core_op.cpp:156] [activate] Activating best took 0.469297 milliseconds. Note that the function is asynchronous and thus the network is not fully activated yet.
[2026-08-28 16:21:11.014] [4623] [HailoRT] [info] [edge_elements.cpp:52] [create] Created (HwWriteEl3best/input_layer1 | hw_frame_size: 1228800)
[2026-08-28 16:21:11.014] [4623] [HailoRT] [info] [queue_elements.cpp:284] [create] Created (PushQEl3best/input_layer1 | timeout: 10s)
[2026-08-28 16:21:11.014] [4623] [HailoRT] [info] [filter_elements.cpp:101] [create] Created (PreInferEl3best/input_layer1 | Reorder - src_order: NHWC, src_shape: (640, 640, 3), dst_order: NHCW, dst_shape: (640, 640, 3))
[2026-08-28 16:21:11.014] [4623] [HailoRT] [info] [vstream.cpp:754] [InputVStreamImpl] Creating best/input_layer1...
[2026-08-28 16:21:11.014] [4623] [HailoRT] [info] [vstream_builder.cpp:102] [create_inputs] Input pipeline 'best/input_layer1': (PreInferEl3best/input_layer1 | Reorder - src_order: NHWC, src_shape: (640, 640, 3), dst_order: NHCW, dst_shape: (640, 640, 3)) >> (PushQEl3best/input_layer1 | timeout: 10s) >> (HwWriteEl3best/input_layer1 | hw_frame_size: 1228800) >> HW
[2026-08-28 16:21:11.014] [4623] [HailoRT] [info] [multi_io_elements.cpp:135] [create] Created (NmsPPMuxEl0YOLOV8-Post-Process | Op YOLOV8, Name: YOLOV8-Post-Process, Score threshold: 0.250, IoU threshold: 0.70, Classes: 1, Cross classes: false, NMS results order: BY_CLASS, Max bboxes per class: 100, Image height: 640, Image width: 640)
[2026-08-28 16:21:11.014] [4623] [HailoRT] [info] [edge_elements.cpp:287] [create] Created (HwReadEl1best/conv41_97 | hw_frame_size: 409600)
[2026-08-28 16:21:11.014] [4623] [HailoRT] [info] [queue_elements.cpp:657] [create] Created (PullQEl_nms1best/conv41_97 | timeout: 10s)
[2026-08-28 16:21:11.014] [4623] [HailoRT] [info] [edge_elements.cpp:287] [create] Created (HwReadEl0best/conv42_97 | hw_frame_size: 6400)
[2026-08-28 16:21:11.014] [4623] [HailoRT] [info] [queue_elements.cpp:657] [create] Created (PullQEl_nms0best/conv42_97 | timeout: 10s)
[2026-08-28 16:21:11.014] [4623] [HailoRT] [info] [edge_elements.cpp:287] [create] Created (HwReadEl4best/conv52_97 | hw_frame_size: 102400)
[2026-08-28 16:21:11.014] [4623] [HailoRT] [info] [queue_elements.cpp:657] [create] Created (PullQEl_nms4best/conv52_97 | timeout: 10s)
[2026-08-28 16:21:11.015] [4623] [HailoRT] [info] [edge_elements.cpp:287] [create] Created (HwReadEl2best/conv53_97 | hw_frame_size: 1600)
[2026-08-28 16:21:11.015] [4623] [HailoRT] [info] [queue_elements.cpp:657] [create] Created (PullQEl_nms2best/conv53_97 | timeout: 10s)
[2026-08-28 16:21:11.015] [4623] [HailoRT] [info] [edge_elements.cpp:287] [create] Created (HwReadEl7best/conv62_97 | hw_frame_size: 30720)
[2026-08-28 16:21:11.015] [4623] [HailoRT] [info] [queue_elements.cpp:657] [create] Created (PullQEl_nms7best/conv62_97 | timeout: 10s)
[2026-08-28 16:21:11.015] [4623] [HailoRT] [info] [edge_elements.cpp:287] [create] Created (HwReadEl6best/conv63_97 | hw_frame_size: 480)
[2026-08-28 16:21:11.015] [4623] [HailoRT] [info] [queue_elements.cpp:657] [create] Created (PullQEl_nms6best/conv63_97 | timeout: 10s)
[2026-08-28 16:21:11.015] [4623] [HailoRT] [info] [queue_elements.cpp:800] [create] Created (UserBufQEl_post_infer0best/yolov8_nms_postprocess | timeout: 10s)
[2026-08-28 16:21:11.015] [4623] [HailoRT] [info] [vstream.cpp:1114] [OutputVStreamImpl] Creating best/yolov8_nms_postprocess...
[2026-08-28 16:21:11.015] [4623] [HailoRT] [info] [vstream_builder.cpp:622] [create_output_post_process_nms] Output pipeline 'best/yolov8_nms_postprocess': HW >> (HwReadEl1best/conv41_97 | hw_frame_size: 409600) >> (PullQEl_nms1best/conv41_97) >> (HwReadEl0best/conv42_97 | hw_frame_size: 6400) >> (PullQEl_nms0best/conv42_97) >> (HwReadEl4best/conv52_97 | hw_frame_size: 102400) >> (PullQEl_nms4best/conv52_97) >> (HwReadEl2best/conv53_97 | hw_frame_size: 1600) >> (PullQEl_nms2best/conv53_97) >> (HwReadEl7best/conv62_97 | hw_frame_size: 30720) >> (PullQEl_nms7best/conv62_97) >> (HwReadEl6best/conv63_97 | hw_frame_size: 480) >> (PullQEl_nms6best/conv63_97) >> (NmsPPMuxEl0YOLOV8-Post-Process | Op YOLOV8, Name: YOLOV8-Post-Process, Score threshold: 0.250, IoU threshold: 0.70, Classes: 1, Cross classes: false, NMS results order: BY_CLASS, Max bboxes per class: 100, Image height: 640, Image width: 640) >> (UserBufQEl_post_infer0best/yolov8_nms_postprocess | timeout: 10s)
[2026-08-28 16:21:11.025] [6848] [HailoRT] [info] [vdevice_native_stream.cpp:331] [read_impl] Failed read from stream HAILO_STREAM_ABORT(63) (device: 0001:01:00.0)
[2026-08-28 16:21:11.025] [6852] [HailoRT] [info] [vdevice_native_stream.cpp:331] [read_impl] Failed read from stream HAILO_STREAM_ABORT(63) (device: 0001:01:00.0)
[2026-08-28 16:21:11.025] [6850] [HailoRT] [info] [vdevice_native_stream.cpp:331] [read_impl] Failed read from stream HAILO_STREAM_ABORT(63) (device: 0001:01:00.0)
[2026-08-28 16:21:11.025] [6851] [HailoRT] [info] [vdevice_native_stream.cpp:331] [read_impl] Failed read from stream HAILO_STREAM_ABORT(63) (device: 0001:01:00.0)
[2026-08-28 16:21:11.025] [6849] [HailoRT] [info] [vdevice_native_stream.cpp:331] [read_impl] Failed read from stream HAILO_STREAM_ABORT(63) (device: 0001:01:00.0)
[2026-08-28 16:21:11.025] [6850] [HailoRT] [info] [edge_elements.cpp:396] [run_pull] Reading from stream was aborted!
[2026-08-28 16:21:11.025] [6849] [HailoRT] [info] [edge_elements.cpp:396] [run_pull] Reading from stream was aborted!
[2026-08-28 16:21:11.025] [6851] [HailoRT] [info] [edge_elements.cpp:396] [run_pull] Reading from stream was aborted!
[2026-08-28 16:21:11.025] [6851] [HailoRT] [info] [queue_elements.cpp:738] [run_in_thread] run_pull of queue element PullQEl_nms2best/conv53_97 was aborted!
[2026-08-28 16:21:11.025] [6850] [HailoRT] [info] [queue_elements.cpp:738] [run_in_thread] run_pull of queue element PullQEl_nms4best/conv52_97 was aborted!
[2026-08-28 16:21:11.025] [6852] [HailoRT] [info] [edge_elements.cpp:396] [run_pull] Reading from stream was aborted!
[2026-08-28 16:21:11.025] [6848] [HailoRT] [info] [edge_elements.cpp:396] [run_pull] Reading from stream was aborted!
[2026-08-28 16:21:11.025] [6853] [HailoRT] [info] [vdevice_native_stream.cpp:331] [read_impl] Failed read from stream HAILO_STREAM_ABORT(63) (device: 0001:01:00.0)
[2026-08-28 16:21:11.025] [6852] [HailoRT] [info] [queue_elements.cpp:738] [run_in_thread] run_pull of queue element PullQEl_nms7best/conv62_97 was aborted!
[2026-08-28 16:21:11.025] [6848] [HailoRT] [info] [queue_elements.cpp:738] [run_in_thread] run_pull of queue element PullQEl_nms1best/conv41_97 was aborted!
[2026-08-28 16:21:11.025] [6853] [HailoRT] [info] [edge_elements.cpp:396] [run_pull] Reading from stream was aborted!
[2026-08-28 16:21:11.025] [6849] [HailoRT] [info] [queue_elements.cpp:738] [run_in_thread] run_pull of queue element PullQEl_nms0best/conv42_97 was aborted!
[2026-08-28 16:21:11.025] [6853] [HailoRT] [info] [queue_elements.cpp:738] [run_in_thread] run_pull of queue element PullQEl_nms6best/conv63_97 was aborted!
[2026-08-28 16:21:11.025] [6854] [HailoRT] [info] [queue_elements.cpp:68] [operator()] Thread in element UserBufQEl_post_infer0best/yolov8_nms_postprocess is not running anymore, exiting..
[2026-08-28 16:21:11.025] [4623] [HailoRT] [info] [queue_elements.cpp:46] [~BaseQueueElement] Queue element UserBufQEl_post_infer0best/yolov8_nms_postprocess has 0 frames in his Queue on destruction
[2026-08-28 16:21:11.025] [6853] [HailoRT] [info] [queue_elements.cpp:68] [operator()] Thread in element PullQEl_nms6best/conv63_97 is not running anymore, exiting..
[2026-08-28 16:21:11.025] [4623] [HailoRT] [info] [queue_elements.cpp:46] [~BaseQueueElement] Queue element PullQEl_nms6best/conv63_97 has 0 frames in his Queue on destruction
[2026-08-28 16:21:11.025] [6852] [HailoRT] [info] [queue_elements.cpp:68] [operator()] Thread in element PullQEl_nms7best/conv62_97 is not running anymore, exiting..
[2026-08-28 16:21:11.025] [4623] [HailoRT] [info] [queue_elements.cpp:46] [~BaseQueueElement] Queue element PullQEl_nms7best/conv62_97 has 0 frames in his Queue on destruction
[2026-08-28 16:21:11.025] [6851] [HailoRT] [info] [queue_elements.cpp:68] [operator()] Thread in element PullQEl_nms2best/conv53_97 is not running anymore, exiting..
[2026-08-28 16:21:11.025] [4623] [HailoRT] [info] [queue_elements.cpp:46] [~BaseQueueElement] Queue element PullQEl_nms2best/conv53_97 has 0 frames in his Queue on destruction
[2026-08-28 16:21:11.025] [6850] [HailoRT] [info] [queue_elements.cpp:68] [operator()] Thread in element PullQEl_nms4best/conv52_97 is not running anymore, exiting..
[2026-08-28 16:21:11.025] [4623] [HailoRT] [info] [queue_elements.cpp:46] [~BaseQueueElement] Queue element PullQEl_nms4best/conv52_97 has 0 frames in his Queue on destruction
[2026-08-28 16:21:11.025] [6849] [HailoRT] [info] [queue_elements.cpp:68] [operator()] Thread in element PullQEl_nms0best/conv42_97 is not running anymore, exiting..
[2026-08-28 16:21:11.026] [4623] [HailoRT] [info] [queue_elements.cpp:46] [~BaseQueueElement] Queue element PullQEl_nms0best/conv42_97 has 0 frames in his Queue on destruction
[2026-08-28 16:21:11.026] [6848] [HailoRT] [info] [queue_elements.cpp:68] [operator()] Thread in element PullQEl_nms1best/conv41_97 is not running anymore, exiting..
[2026-08-28 16:21:11.026] [4623] [HailoRT] [info] [queue_elements.cpp:46] [~BaseQueueElement] Queue element PullQEl_nms1best/conv41_97 has 0 frames in his Queue on destruction
[2026-08-28 16:21:11.026] [6847] [HailoRT] [info] [queue_elements.cpp:68] [operator()] Thread in element PushQEl3best/input_layer1 is not running anymore, exiting..
[2026-08-28 16:21:11.026] [4623] [HailoRT] [info] [queue_elements.cpp:46] [~BaseQueueElement] Queue element PushQEl3best/input_layer1 has 0 frames in his Queue on destruction
[2026-08-28 16:21:11.026] [4623] [HailoRT] [info] [core_op.cpp:186] [deactivate] Deactivating took 0.401355 ms
[2026-08-28 16:21:11.026] [4623] [HailoRT] [info] [core_op.cpp:186] [deactivate] Deactivating took 0.41004 ms
[2026-08-28 16:21:11.047] [4623] [HailoRT] [info] [core_op.cpp:156] [activate] Activating best took 0.447205 milliseconds. Note that the function is asynchronous and thus the network is not fully activated yet.
[2026-08-28 16:21:11.047] [4623] [HailoRT] [info] [core_op.cpp:156] [activate] Activating best took 0.467704 milliseconds. Note that the function is asynchronous and thus the network is not fully activated yet.
[2026-08-28 16:21:11.047] [4623] [HailoRT] [info] [edge_elements.cpp:52] [create] Created (HwWriteEl3best/input_layer1 | hw_frame_size: 1228800)
[2026-08-28 16:21:11.047] [4623] [HailoRT] [info] [queue_elements.cpp:284] [create] Created (PushQEl3best/input_layer1 | timeout: 10s)
[2026-08-28 16:21:11.047] [4623] [HailoRT] [info] [filter_elements.cpp:101] [create] Created (PreInferEl3best/input_layer1 | Reorder - src_order: NHWC, src_shape: (640, 640, 3), dst_order: NHCW, dst_shape: (640, 640, 3))
[2026-08-28 16:21:11.047] [4623] [HailoRT] [info] [vstream.cpp:754] [InputVStreamImpl] Creating best/input_layer1...
[2026-08-28 16:21:11.047] [4623] [HailoRT] [info] [vstream_builder.cpp:102] [create_inputs] Input pipeline 'best/input_layer1': (PreInferEl3best/input_layer1 | Reorder - src_order: NHWC, src_shape: (640, 640, 3), dst_order: NHCW, dst_shape: (640, 640, 3)) >> (PushQEl3best/input_layer1 | timeout: 10s) >> (HwWriteEl3best/input_layer1 | hw_frame_size: 1228800) >> HW
[2026-08-28 16:21:11.047] [4623] [HailoRT] [info] [multi_io_elements.cpp:135] [create] Created (NmsPPMuxEl0YOLOV8-Post-Process | Op YOLOV8, Name: YOLOV8-Post-Process, Score threshold: 0.250, IoU threshold: 0.70, Classes: 1, Cross classes: false, NMS results order: BY_CLASS, Max bboxes per class: 100, Image height: 640, Image width: 640)
[2026-08-28 16:21:11.047] [4623] [HailoRT] [info] [edge_elements.cpp:287] [create] Created (HwReadEl1best/conv41_97 | hw_frame_size: 409600)
[2026-08-28 16:21:11.047] [4623] [HailoRT] [info] [queue_elements.cpp:657] [create] Created (PullQEl_nms1best/conv41_97 | timeout: 10s)
[2026-08-28 16:21:11.047] [4623] [HailoRT] [info] [edge_elements.cpp:287] [create] Created (HwReadEl0best/conv42_97 | hw_frame_size: 6400)
[2026-08-28 16:21:11.047] [4623] [HailoRT] [info] [queue_elements.cpp:657] [create] Created (PullQEl_nms0best/conv42_97 | timeout: 10s)
[2026-08-28 16:21:11.047] [4623] [HailoRT] [info] [edge_elements.cpp:287] [create] Created (HwReadEl4best/conv52_97 | hw_frame_size: 102400)
[2026-08-28 16:21:11.047] [4623] [HailoRT] [info] [queue_elements.cpp:657] [create] Created (PullQEl_nms4best/conv52_97 | timeout: 10s)
[2026-08-28 16:21:11.047] [4623] [HailoRT] [info] [edge_elements.cpp:287] [create] Created (HwReadEl2best/conv53_97 | hw_frame_size: 1600)
[2026-08-28 16:21:11.047] [4623] [HailoRT] [info] [queue_elements.cpp:657] [create] Created (PullQEl_nms2best/conv53_97 | timeout: 10s)
[2026-08-28 16:21:11.047] [4623] [HailoRT] [info] [edge_elements.cpp:287] [create] Created (HwReadEl7best/conv62_97 | hw_frame_size: 30720)
[2026-08-28 16:21:11.048] [4623] [HailoRT] [info] [queue_elements.cpp:657] [create] Created (PullQEl_nms7best/conv62_97 | timeout: 10s)
[2026-08-28 16:21:11.048] [4623] [HailoRT] [info] [edge_elements.cpp:287] [create] Created (HwReadEl6best/conv63_97 | hw_frame_size: 480)
[2026-08-28 16:21:11.048] [4623] [HailoRT] [info] [queue_elements.cpp:657] [create] Created (PullQEl_nms6best/conv63_97 | timeout: 10s)
[2026-08-28 16:21:11.048] [4623] [HailoRT] [info] [queue_elements.cpp:800] [create] Created (UserBufQEl_post_infer0best/yolov8_nms_postprocess | timeout: 10s)
[2026-08-28 16:21:11.048] [4623] [HailoRT] [info] [vstream.cpp:1114] [OutputVStreamImpl] Creating best/yolov8_nms_postprocess...
[2026-08-28 16:21:11.048] [4623] [HailoRT] [info] [vstream_builder.cpp:622] [create_output_post_process_nms] Output pipeline 'best/yolov8_nms_postprocess': HW >> (HwReadEl1best/conv41_97 | hw_frame_size: 409600) >> (PullQEl_nms1best/conv41_97) >> (HwReadEl0best/conv42_97 | hw_frame_size: 6400) >> (PullQEl_nms0best/conv42_97) >> (HwReadEl4best/conv52_97 | hw_frame_size: 102400) >> (PullQEl_nms4best/conv52_97) >> (HwReadEl2best/conv53_97 | hw_frame_size: 1600) >> (PullQEl_nms2best/conv53_97) >> (HwReadEl7best/conv62_97 | hw_frame_size: 30720) >> (PullQEl_nms7best/conv62_97) >> (HwReadEl6best/conv63_97 | hw_frame_size: 480) >> (PullQEl_nms6best/conv63_97) >> (NmsPPMuxEl0YOLOV8-Post-Process | Op YOLOV8, Name: YOLOV8-Post-Process, Score threshold: 0.250, IoU threshold: 0.70, Classes: 1, Cross classes: false, NMS results order: BY_CLASS, Max bboxes per class: 100, Image height: 640, Image width: 640) >> (UserBufQEl_post_infer0best/yolov8_nms_postprocess | timeout: 10s)
[2026-08-28 16:21:11.058] [6858] [HailoRT] [info] [vdevice_native_stream.cpp:331] [read_impl] Failed read from stream HAILO_STREAM_ABORT(63) (device: 0001:01:00.0)
[2026-08-28 16:21:11.058] [6862] [HailoRT] [info] [vdevice_native_stream.cpp:331] [read_impl] Failed read from stream HAILO_STREAM_ABORT(63) (device: 0001:01:00.0)
[2026-08-28 16:21:11.058] [6859] [HailoRT] [info] [vdevice_native_stream.cpp:331] [read_impl] Failed read from stream HAILO_STREAM_ABORT(63) (device: 0001:01:00.0)
[2026-08-28 16:21:11.058] [6860] [HailoRT] [info] [vdevice_native_stream.cpp:331] [read_impl] Failed read from stream HAILO_STREAM_ABORT(63) (device: 0001:01:00.0)
[2026-08-28 16:21:11.058] [6859] [HailoRT] [info] [edge_elements.cpp:396] [run_pull] Reading from stream was aborted!
[2026-08-28 16:21:11.058] [6858] [HailoRT] [info] [edge_elements.cpp:396] [run_pull] Reading from stream was aborted!
[2026-08-28 16:21:11.058] [6863] [HailoRT] [info] [vdevice_native_stream.cpp:331] [read_impl] Failed read from stream HAILO_STREAM_ABORT(63) (device: 0001:01:00.0)
[2026-08-28 16:21:11.058] [6862] [HailoRT] [info] [edge_elements.cpp:396] [run_pull] Reading from stream was aborted!
[2026-08-28 16:21:11.058] [6863] [HailoRT] [info] [edge_elements.cpp:396] [run_pull] Reading from stream was aborted!
[2026-08-28 16:21:11.058] [6861] [HailoRT] [info] [vdevice_native_stream.cpp:331] [read_impl] Failed read from stream HAILO_STREAM_ABORT(63) (device: 0001:01:00.0)
[2026-08-28 16:21:11.058] [6861] [HailoRT] [info] [edge_elements.cpp:396] [run_pull] Reading from stream was aborted!
[2026-08-28 16:21:11.058] [6862] [HailoRT] [info] [queue_elements.cpp:738] [run_in_thread] run_pull of queue element PullQEl_nms7best/conv62_97 was aborted!
[2026-08-28 16:21:11.058] [6863] [HailoRT] [info] [queue_elements.cpp:738] [run_in_thread] run_pull of queue element PullQEl_nms6best/conv63_97 was aborted!
[2026-08-28 16:21:11.058] [6861] [HailoRT] [info] [queue_elements.cpp:738] [run_in_thread] run_pull of queue element PullQEl_nms2best/conv53_97 was aborted!
[2026-08-28 16:21:11.058] [6860] [HailoRT] [info] [edge_elements.cpp:396] [run_pull] Reading from stream was aborted!
[2026-08-28 16:21:11.058] [6858] [HailoRT] [info] [queue_elements.cpp:738] [run_in_thread] run_pull of queue element PullQEl_nms1best/conv41_97 was aborted!
[2026-08-28 16:21:11.058] [6860] [HailoRT] [info] [queue_elements.cpp:738] [run_in_thread] run_pull of queue element PullQEl_nms4best/conv52_97 was aborted!
[2026-08-28 16:21:11.058] [6859] [HailoRT] [info] [queue_elements.cpp:738] [run_in_thread] run_pull of queue element PullQEl_nms0best/conv42_97 was aborted!
[2026-08-28 16:21:11.058] [6864] [HailoRT] [info] [queue_elements.cpp:68] [operator()] Thread in element UserBufQEl_post_infer0best/yolov8_nms_postprocess is not running anymore, exiting..
[2026-08-28 16:21:11.058] [4623] [HailoRT] [info] [queue_elements.cpp:46] [~BaseQueueElement] Queue element UserBufQEl_post_infer0best/yolov8_nms_postprocess has 0 frames in his Queue on destruction
[2026-08-28 16:21:11.058] [6863] [HailoRT] [info] [queue_elements.cpp:68] [operator()] Thread in element PullQEl_nms6best/conv63_97 is not running anymore, exiting..
[2026-08-28 16:21:11.058] [4623] [HailoRT] [info] [queue_elements.cpp:46] [~BaseQueueElement] Queue element PullQEl_nms6best/conv63_97 has 0 frames in his Queue on destruction
[2026-08-28 16:21:11.058] [6862] [HailoRT] [info] [queue_elements.cpp:68] [operator()] Thread in element PullQEl_nms7best/conv62_97 is not running anymore, exiting..
[2026-08-28 16:21:11.058] [4623] [HailoRT] [info] [queue_elements.cpp:46] [~BaseQueueElement] Queue element PullQEl_nms7best/conv62_97 has 0 frames in his Queue on destruction
[2026-08-28 16:21:11.058] [6861] [HailoRT] [info] [queue_elements.cpp:68] [operator()] Thread in element PullQEl_nms2best/conv53_97 is not running anymore, exiting..
[2026-08-28 16:21:11.058] [4623] [HailoRT] [info] [queue_elements.cpp:46] [~BaseQueueElement] Queue element PullQEl_nms2best/conv53_97 has 0 frames in his Queue on destruction
[2026-08-28 16:21:11.058] [6860] [HailoRT] [info] [queue_elements.cpp:68] [operator()] Thread in element PullQEl_nms4best/conv52_97 is not running anymore, exiting..
[2026-08-28 16:21:11.058] [4623] [HailoRT] [info] [queue_elements.cpp:46] [~BaseQueueElement] Queue element PullQEl_nms4best/conv52_97 has 0 frames in his Queue on destruction
[2026-08-28 16:21:11.058] [6859] [HailoRT] [info] [queue_elements.cpp:68] [operator()] Thread in element PullQEl_nms0best/conv42_97 is not running anymore, exiting..
[2026-08-28 16:21:11.058] [4623] [HailoRT] [info] [queue_elements.cpp:46] [~BaseQueueElement] Queue element PullQEl_nms0best/conv42_97 has 0 frames in his Queue on destruction
[2026-08-28 16:21:11.058] [6858] [HailoRT] [info] [queue_elements.cpp:68] [operator()] Thread in element PullQEl_nms1best/conv41_97 is not running anymore, exiting..
[2026-08-28 16:21:11.058] [4623] [HailoRT] [info] [queue_elements.cpp:46] [~BaseQueueElement] Queue element PullQEl_nms1best/conv41_97 has 0 frames in his Queue on destruction
[2026-08-28 16:21:11.059] [6857] [HailoRT] [info] [queue_elements.cpp:68] [operator()] Thread in element PushQEl3best/input_layer1 is not running anymore, exiting..
[2026-08-28 16:21:11.059] [4623] [HailoRT] [info] [queue_elements.cpp:46] [~BaseQueueElement] Queue element PushQEl3best/input_layer1 has 0 frames in his Queue on destruction
[2026-08-28 16:21:11.059] [4623] [HailoRT] [info] [core_op.cpp:186] [deactivate] Deactivating took 0.401392 ms
[2026-08-28 16:21:11.059] [4623] [HailoRT] [info] [core_op.cpp:186] [deactivate] Deactivating took 0.410058 ms
[2026-08-28 16:21:11.080] [4623] [HailoRT] [info] [core_op.cpp:156] [activate] Activating best took 0.46113 milliseconds. Note that the function is asynchronous and thus the network is not fully activated yet.
[2026-08-28 16:21:11.080] [4623] [HailoRT] [info] [core_op.cpp:156] [activate] Activating best took 0.481148 milliseconds. Note that the function is asynchronous and thus the network is not fully activated yet.
[2026-08-28 16:21:11.080] [4623] [HailoRT] [info] [edge_elements.cpp:52] [create] Created (HwWriteEl3best/input_layer1 | hw_frame_size: 1228800)
[2026-08-28 16:21:11.080] [4623] [HailoRT] [info] [queue_elements.cpp:284] [create] Created (PushQEl3best/input_layer1 | timeout: 10s)
[2026-08-28 16:21:11.080] [4623] [HailoRT] [info] [filter_elements.cpp:101] [create] Created (PreInferEl3best/input_layer1 | Reorder - src_order: NHWC, src_shape: (640, 640, 3), dst_order: NHCW, dst_shape: (640, 640, 3))
[2026-08-28 16:21:11.080] [4623] [HailoRT] [info] [vstream.cpp:754] [InputVStreamImpl] Creating best/input_layer1...
[2026-08-28 16:21:11.080] [4623] [HailoRT] [info] [vstream_builder.cpp:102] [create_inputs] Input pipeline 'best/input_layer1': (PreInferEl3best/input_layer1 | Reorder - src_order: NHWC, src_shape: (640, 640, 3), dst_order: NHCW, dst_shape: (640, 640, 3)) >> (PushQEl3best/input_layer1 | timeout: 10s) >> (HwWriteEl3best/input_layer1 | hw_frame_size: 1228800) >> HW
[2026-08-28 16:21:11.080] [4623] [HailoRT] [info] [multi_io_elements.cpp:135] [create] Created (NmsPPMuxEl0YOLOV8-Post-Process | Op YOLOV8, Name: YOLOV8-Post-Process, Score threshold: 0.250, IoU threshold: 0.70, Classes: 1, Cross classes: false, NMS results order: BY_CLASS, Max bboxes per class: 100, Image height: 640, Image width: 640)
[2026-08-28 16:21:11.080] [4623] [HailoRT] [info] [edge_elements.cpp:287] [create] Created (HwReadEl1best/conv41_97 | hw_frame_size: 409600)
[2026-08-28 16:21:11.080] [4623] [HailoRT] [info] [queue_elements.cpp:657] [create] Created (PullQEl_nms1best/conv41_97 | timeout: 10s)
[2026-08-28 16:21:11.080] [4623] [HailoRT] [info] [edge_elements.cpp:287] [create] Created (HwReadEl0best/conv42_97 | hw_frame_size: 6400)
[2026-08-28 16:21:11.080] [4623] [HailoRT] [info] [queue_elements.cpp:657] [create] Created (PullQEl_nms0best/conv42_97 | timeout: 10s)
[2026-08-28 16:21:11.080] [4623] [HailoRT] [info] [edge_elements.cpp:287] [create] Created (HwReadEl4best/conv52_97 | hw_frame_size: 102400)
[2026-08-28 16:21:11.080] [4623] [HailoRT] [info] [queue_elements.cpp:657] [create] Created (PullQEl_nms4best/conv52_97 | timeout: 10s)
[2026-08-28 16:21:11.081] [4623] [HailoRT] [info] [edge_elements.cpp:287] [create] Created (HwReadEl2best/conv53_97 | hw_frame_size: 1600)
[2026-08-28 16:21:11.081] [4623] [HailoRT] [info] [queue_elements.cpp:657] [create] Created (PullQEl_nms2best/conv53_97 | timeout: 10s)
[2026-08-28 16:21:11.081] [4623] [HailoRT] [info] [edge_elements.cpp:287] [create] Created (HwReadEl7best/conv62_97 | hw_frame_size: 30720)
[2026-08-28 16:21:11.081] [4623] [HailoRT] [info] [queue_elements.cpp:657] [create] Created (PullQEl_nms7best/conv62_97 | timeout: 10s)
[2026-08-28 16:21:11.081] [4623] [HailoRT] [info] [edge_elements.cpp:287] [create] Created (HwReadEl6best/conv63_97 | hw_frame_size: 480)
[2026-08-28 16:21:11.081] [4623] [HailoRT] [info] [queue_elements.cpp:657] [create] Created (PullQEl_nms6best/conv63_97 | timeout: 10s)
[2026-08-28 16:21:11.081] [4623] [HailoRT] [info] [queue_elements.cpp:800] [create] Created (UserBufQEl_post_infer0best/yolov8_nms_postprocess | timeout: 10s)
[2026-08-28 16:21:11.081] [4623] [HailoRT] [info] [vstream.cpp:1114] [OutputVStreamImpl] Creating best/yolov8_nms_postprocess...
[2026-08-28 16:21:11.081] [4623] [HailoRT] [info] [vstream_builder.cpp:622] [create_output_post_process_nms] Output pipeline 'best/yolov8_nms_postprocess': HW >> (HwReadEl1best/conv41_97 | hw_frame_size: 409600) >> (PullQEl_nms1best/conv41_97) >> (HwReadEl0best/conv42_97 | hw_frame_size: 6400) >> (PullQEl_nms0best/conv42_97) >> (HwReadEl4best/conv52_97 | hw_frame_size: 102400) >> (PullQEl_nms4best/conv52_97) >> (HwReadEl2best/conv53_97 | hw_frame_size: 1600) >> (PullQEl_nms2best/conv53_97) >> (HwReadEl7best/conv62_97 | hw_frame_size: 30720) >> (PullQEl_nms7best/conv62_97) >> (HwReadEl6best/conv63_97 | hw_frame_size: 480) >> (PullQEl_nms6best/conv63_97) >> (NmsPPMuxEl0YOLOV8-Post-Process | Op YOLOV8, Name: YOLOV8-Post-Process, Score threshold: 0.250, IoU threshold: 0.70, Classes: 1, Cross classes: false, NMS results order: BY_CLASS, Max bboxes per class: 100, Image height: 640, Image width: 640) >> (UserBufQEl_post_infer0best/yolov8_nms_postprocess | timeout: 10s)
[2026-08-28 16:21:11.091] [6868] [HailoRT] [info] [vdevice_native_stream.cpp:331] [read_impl] Failed read from stream HAILO_STREAM_ABORT(63) (device: 0001:01:00.0)
[2026-08-28 16:21:11.091] [6868] [HailoRT] [info] [edge_elements.cpp:396] [run_pull] Reading from stream was aborted!
[2026-08-28 16:21:11.091] [6872] [HailoRT] [info] [vdevice_native_stream.cpp:331] [read_impl] Failed read from stream HAILO_STREAM_ABORT(63) (device: 0001:01:00.0)
[2026-08-28 16:21:11.091] [6872] [HailoRT] [info] [edge_elements.cpp:396] [run_pull] Reading from stream was aborted!
[2026-08-28 16:21:11.091] [6872] [HailoRT] [info] [queue_elements.cpp:738] [run_in_thread] run_pull of queue element PullQEl_nms7best/conv62_97 was aborted!
[2026-08-28 16:21:11.091] [6871] [HailoRT] [info] [vdevice_native_stream.cpp:331] [read_impl] Failed read from stream HAILO_STREAM_ABORT(63) (device: 0001:01:00.0)
[2026-08-28 16:21:11.091] [6871] [HailoRT] [info] [edge_elements.cpp:396] [run_pull] Reading from stream was aborted!
[2026-08-28 16:21:11.091] [6869] [HailoRT] [info] [vdevice_native_stream.cpp:331] [read_impl] Failed read from stream HAILO_STREAM_ABORT(63) (device: 0001:01:00.0)
[2026-08-28 16:21:11.091] [6873] [HailoRT] [info] [vdevice_native_stream.cpp:331] [read_impl] Failed read from stream HAILO_STREAM_ABORT(63) (device: 0001:01:00.0)
[2026-08-28 16:21:11.091] [6869] [HailoRT] [info] [edge_elements.cpp:396] [run_pull] Reading from stream was aborted!
[2026-08-28 16:21:11.091] [6870] [HailoRT] [info] [vdevice_native_stream.cpp:331] [read_impl] Failed read from stream HAILO_STREAM_ABORT(63) (device: 0001:01:00.0)
[2026-08-28 16:21:11.091] [6868] [HailoRT] [info] [queue_elements.cpp:738] [run_in_thread] run_pull of queue element PullQEl_nms1best/conv41_97 was aborted!
[2026-08-28 16:21:11.091] [6873] [HailoRT] [info] [edge_elements.cpp:396] [run_pull] Reading from stream was aborted!
[2026-08-28 16:21:11.091] [6871] [HailoRT] [info] [queue_elements.cpp:738] [run_in_thread] run_pull of queue element PullQEl_nms2best/conv53_97 was aborted!
[2026-08-28 16:21:11.091] [6873] [HailoRT] [info] [queue_elements.cpp:738] [run_in_thread] run_pull of queue element PullQEl_nms6best/conv63_97 was aborted!
[2026-08-28 16:21:11.091] [6870] [HailoRT] [info] [edge_elements.cpp:396] [run_pull] Reading from stream was aborted!
[2026-08-28 16:21:11.091] [6869] [HailoRT] [info] [queue_elements.cpp:738] [run_in_thread] run_pull of queue element PullQEl_nms0best/conv42_97 was aborted!
[2026-08-28 16:21:11.091] [6870] [HailoRT] [info] [queue_elements.cpp:738] [run_in_thread] run_pull of queue element PullQEl_nms4best/conv52_97 was aborted!
[2026-08-28 16:21:11.091] [6874] [HailoRT] [info] [queue_elements.cpp:68] [operator()] Thread in element UserBufQEl_post_infer0best/yolov8_nms_postprocess is not running anymore, exiting..
[2026-08-28 16:21:11.091] [4623] [HailoRT] [info] [queue_elements.cpp:46] [~BaseQueueElement] Queue element UserBufQEl_post_infer0best/yolov8_nms_postprocess has 0 frames in his Queue on destruction
[2026-08-28 16:21:11.091] [6873] [HailoRT] [info] [queue_elements.cpp:68] [operator()] Thread in element PullQEl_nms6best/conv63_97 is not running anymore, exiting..
[2026-08-28 16:21:11.091] [4623] [HailoRT] [info] [queue_elements.cpp:46] [~BaseQueueElement] Queue element PullQEl_nms6best/conv63_97 has 0 frames in his Queue on destruction
[2026-08-28 16:21:11.091] [6872] [HailoRT] [info] [queue_elements.cpp:68] [operator()] Thread in element PullQEl_nms7best/conv62_97 is not running anymore, exiting..
[2026-08-28 16:21:11.091] [4623] [HailoRT] [info] [queue_elements.cpp:46] [~BaseQueueElement] Queue element PullQEl_nms7best/conv62_97 has 0 frames in his Queue on destruction
[2026-08-28 16:21:11.091] [6871] [HailoRT] [info] [queue_elements.cpp:68] [operator()] Thread in element PullQEl_nms2best/conv53_97 is not running anymore, exiting..
[2026-08-28 16:21:11.091] [4623] [HailoRT] [info] [queue_elements.cpp:46] [~BaseQueueElement] Queue element PullQEl_nms2best/conv53_97 has 0 frames in his Queue on destruction
[2026-08-28 16:21:11.091] [6870] [HailoRT] [info] [queue_elements.cpp:68] [operator()] Thread in element PullQEl_nms4best/conv52_97 is not running anymore, exiting..
[2026-08-28 16:21:11.091] [4623] [HailoRT] [info] [queue_elements.cpp:46] [~BaseQueueElement] Queue element PullQEl_nms4best/conv52_97 has 0 frames in his Queue on destruction
[2026-08-28 16:21:11.092] [6869] [HailoRT] [info] [queue_elements.cpp:68] [operator()] Thread in element PullQEl_nms0best/conv42_97 is not running anymore, exiting..
[2026-08-28 16:21:11.092] [4623] [HailoRT] [info] [queue_elements.cpp:46] [~BaseQueueElement] Queue element PullQEl_nms0best/conv42_97 has 0 frames in his Queue on destruction
[2026-08-28 16:21:11.092] [6868] [HailoRT] [info] [queue_elements.cpp:68] [operator()] Thread in element PullQEl_nms1best/conv41_97 is not running anymore, exiting..
[2026-08-28 16:21:11.092] [4623] [HailoRT] [info] [queue_elements.cpp:46] [~BaseQueueElement] Queue element PullQEl_nms1best/conv41_97 has 0 frames in his Queue on destruction
[2026-08-28 16:21:11.092] [6867] [HailoRT] [info] [queue_elements.cpp:68] [operator()] Thread in element PushQEl3best/input_layer1 is not running anymore, exiting..
[2026-08-28 16:21:11.092] [4623] [HailoRT] [info] [queue_elements.cpp:46] [~BaseQueueElement] Queue element PushQEl3best/input_layer1 has 0 frames in his Queue on destruction
[2026-08-28 16:21:11.092] [4623] [HailoRT] [info] [core_op.cpp:186] [deactivate] Deactivating took 0.402262 ms
[2026-08-28 16:21:11.092] [4623] [HailoRT] [info] [core_op.cpp:186] [deactivate] Deactivating took 0.410688 ms
[2026-08-28 16:21:11.113] [4623] [HailoRT] [info] [core_op.cpp:156] [activate] Activating best took 0.460186 milliseconds. Note that the function is asynchronous and thus the network is not fully activated yet.
[2026-08-28 16:21:11.113] [4623] [HailoRT] [info] [core_op.cpp:156] [activate] Activating best took 0.480389 milliseconds. Note that the function is asynchronous and thus the network is not fully activated yet.
[2026-08-28 16:21:11.113] [4623] [HailoRT] [info] [edge_elements.cpp:52] [create] Created (HwWriteEl3best/input_layer1 | hw_frame_size: 1228800)
[2026-08-28 16:21:11.113] [4623] [HailoRT] [info] [queue_elements.cpp:284] [create] Created (PushQEl3best/input_layer1 | timeout: 10s)
[2026-08-28 16:21:11.113] [4623] [HailoRT] [info] [filter_elements.cpp:101] [create] Created (PreInferEl3best/input_layer1 | Reorder - src_order: NHWC, src_shape: (640, 640, 3), dst_order: NHCW, dst_shape: (640, 640, 3))
[2026-08-28 16:21:11.113] [4623] [HailoRT] [info] [vstream.cpp:754] [InputVStreamImpl] Creating best/input_layer1...
[2026-08-28 16:21:11.113] [4623] [HailoRT] [info] [vstream_builder.cpp:102] [create_inputs] Input pipeline 'best/input_layer1': (PreInferEl3best/input_layer1 | Reorder - src_order: NHWC, src_shape: (640, 640, 3), dst_order: NHCW, dst_shape: (640, 640, 3)) >> (PushQEl3best/input_layer1 | timeout: 10s) >> (HwWriteEl3best/input_layer1 | hw_frame_size: 1228800) >> HW
[2026-08-28 16:21:11.113] [4623] [HailoRT] [info] [multi_io_elements.cpp:135] [create] Created (NmsPPMuxEl0YOLOV8-Post-Process | Op YOLOV8, Name: YOLOV8-Post-Process, Score threshold: 0.250, IoU threshold: 0.70, Classes: 1, Cross classes: false, NMS results order: BY_CLASS, Max bboxes per class: 100, Image height: 640, Image width: 640)
[2026-08-28 16:21:11.113] [4623] [HailoRT] [info] [edge_elements.cpp:287] [create] Created (HwReadEl1best/conv41_97 | hw_frame_size: 409600)
[2026-08-28 16:21:11.113] [4623] [HailoRT] [info] [queue_elements.cpp:657] [create] Created (PullQEl_nms1best/conv41_97 | timeout: 10s)
[2026-08-28 16:21:11.113] [4623] [HailoRT] [info] [edge_elements.cpp:287] [create] Created (HwReadEl0best/conv42_97 | hw_frame_size: 6400)
[2026-08-28 16:21:11.114] [4623] [HailoRT] [info] [queue_elements.cpp:657] [create] Created (PullQEl_nms0best/conv42_97 | timeout: 10s)
[2026-08-28 16:21:11.114] [4623] [HailoRT] [info] [edge_elements.cpp:287] [create] Created (HwReadEl4best/conv52_97 | hw_frame_size: 102400)
[2026-08-28 16:21:11.114] [4623] [HailoRT] [info] [queue_elements.cpp:657] [create] Created (PullQEl_nms4best/conv52_97 | timeout: 10s)
[2026-08-28 16:21:11.114] [4623] [HailoRT] [info] [edge_elements.cpp:287] [create] Created (HwReadEl2best/conv53_97 | hw_frame_size: 1600)
[2026-08-28 16:21:11.114] [4623] [HailoRT] [info] [queue_elements.cpp:657] [create] Created (PullQEl_nms2best/conv53_97 | timeout: 10s)
[2026-08-28 16:21:11.114] [4623] [HailoRT] [info] [edge_elements.cpp:287] [create] Created (HwReadEl7best/conv62_97 | hw_frame_size: 30720)
[2026-08-28 16:21:11.114] [4623] [HailoRT] [info] [queue_elements.cpp:657] [create] Created (PullQEl_nms7best/conv62_97 | timeout: 10s)
[2026-08-28 16:21:11.114] [4623] [HailoRT] [info] [edge_elements.cpp:287] [create] Created (HwReadEl6best/conv63_97 | hw_frame_size: 480)
[2026-08-28 16:21:11.114] [4623] [HailoRT] [info] [queue_elements.cpp:657] [create] Created (PullQEl_nms6best/conv63_97 | timeout: 10s)
[2026-08-28 16:21:11.114] [4623] [HailoRT] [info] [queue_elements.cpp:800] [create] Created (UserBufQEl_post_infer0best/yolov8_nms_postprocess | timeout: 10s)
[2026-08-28 16:21:11.114] [4623] [HailoRT] [info] [vstream.cpp:1114] [OutputVStreamImpl] Creating best/yolov8_nms_postprocess...
[2026-08-28 16:21:11.114] [4623] [HailoRT] [info] [vstream_builder.cpp:622] [create_output_post_process_nms] Output pipeline 'best/yolov8_nms_postprocess': HW >> (HwReadEl1best/conv41_97 | hw_frame_size: 409600) >> (PullQEl_nms1best/conv41_97) >> (HwReadEl0best/conv42_97 | hw_frame_size: 6400) >> (PullQEl_nms0best/conv42_97) >> (HwReadEl4best/conv52_97 | hw_frame_size: 102400) >> (PullQEl_nms4best/conv52_97) >> (HwReadEl2best/conv53_97 | hw_frame_size: 1600) >> (PullQEl_nms2best/conv53_97) >> (HwReadEl7best/conv62_97 | hw_frame_size: 30720) >> (PullQEl_nms7best/conv62_97) >> (HwReadEl6best/conv63_97 | hw_frame_size: 480) >> (PullQEl_nms6best/conv63_97) >> (NmsPPMuxEl0YOLOV8-Post-Process | Op YOLOV8, Name: YOLOV8-Post-Process, Score threshold: 0.250, IoU threshold: 0.70, Classes: 1, Cross classes: false, NMS results order: BY_CLASS, Max bboxes per class: 100, Image height: 640, Image width: 640) >> (UserBufQEl_post_infer0best/yolov8_nms_postprocess | timeout: 10s)
[2026-08-28 16:21:11.124] [6878] [HailoRT] [info] [vdevice_native_stream.cpp:331] [read_impl] Failed read from stream HAILO_STREAM_ABORT(63) (device: 0001:01:00.0)
[2026-08-28 16:21:11.124] [6882] [HailoRT] [info] [vdevice_native_stream.cpp:331] [read_impl] Failed read from stream HAILO_STREAM_ABORT(63) (device: 0001:01:00.0)
[2026-08-28 16:21:11.124] [6882] [HailoRT] [info] [edge_elements.cpp:396] [run_pull] Reading from stream was aborted!
[2026-08-28 16:21:11.124] [6881] [HailoRT] [info] [vdevice_native_stream.cpp:331] [read_impl] Failed read from stream HAILO_STREAM_ABORT(63) (device: 0001:01:00.0)
[2026-08-28 16:21:11.124] [6883] [HailoRT] [info] [vdevice_native_stream.cpp:331] [read_impl] Failed read from stream HAILO_STREAM_ABORT(63) (device: 0001:01:00.0)
[2026-08-28 16:21:11.124] [6883] [HailoRT] [info] [edge_elements.cpp:396] [run_pull] Reading from stream was aborted!
[2026-08-28 16:21:11.124] [6882] [HailoRT] [info] [queue_elements.cpp:738] [run_in_thread] run_pull of queue element PullQEl_nms7best/conv62_97 was aborted!
[2026-08-28 16:21:11.124] [6881] [HailoRT] [info] [edge_elements.cpp:396] [run_pull] Reading from stream was aborted!
[2026-08-28 16:21:11.124] [6879] [HailoRT] [info] [vdevice_native_stream.cpp:331] [read_impl] Failed read from stream HAILO_STREAM_ABORT(63) (device: 0001:01:00.0)
[2026-08-28 16:21:11.124] [6881] [HailoRT] [info] [queue_elements.cpp:738] [run_in_thread] run_pull of queue element PullQEl_nms2best/conv53_97 was aborted!
[2026-08-28 16:21:11.124] [6883] [HailoRT] [info] [queue_elements.cpp:738] [run_in_thread] run_pull of queue element PullQEl_nms6best/conv63_97 was aborted!
[2026-08-28 16:21:11.124] [6878] [HailoRT] [info] [edge_elements.cpp:396] [run_pull] Reading from stream was aborted!
[2026-08-28 16:21:11.124] [6879] [HailoRT] [info] [edge_elements.cpp:396] [run_pull] Reading from stream was aborted!
[2026-08-28 16:21:11.124] [6878] [HailoRT] [info] [queue_elements.cpp:738] [run_in_thread] run_pull of queue element PullQEl_nms1best/conv41_97 was aborted!
[2026-08-28 16:21:11.124] [6880] [HailoRT] [info] [vdevice_native_stream.cpp:331] [read_impl] Failed read from stream HAILO_STREAM_ABORT(63) (device: 0001:01:00.0)
[2026-08-28 16:21:11.124] [6880] [HailoRT] [info] [edge_elements.cpp:396] [run_pull] Reading from stream was aborted!
[2026-08-28 16:21:11.124] [6879] [HailoRT] [info] [queue_elements.cpp:738] [run_in_thread] run_pull of queue element PullQEl_nms0best/conv42_97 was aborted!
[2026-08-28 16:21:11.124] [6880] [HailoRT] [info] [queue_elements.cpp:738] [run_in_thread] run_pull of queue element PullQEl_nms4best/conv52_97 was aborted!
[2026-08-28 16:21:11.124] [6884] [HailoRT] [info] [queue_elements.cpp:68] [operator()] Thread in element UserBufQEl_post_infer0best/yolov8_nms_postprocess is not running anymore, exiting..
[2026-08-28 16:21:11.124] [4623] [HailoRT] [info] [queue_elements.cpp:46] [~BaseQueueElement] Queue element UserBufQEl_post_infer0best/yolov8_nms_postprocess has 0 frames in his Queue on destruction
[2026-08-28 16:21:11.124] [6883] [HailoRT] [info] [queue_elements.cpp:68] [operator()] Thread in element PullQEl_nms6best/conv63_97 is not running anymore, exiting..
[2026-08-28 16:21:11.124] [4623] [HailoRT] [info] [queue_elements.cpp:46] [~BaseQueueElement] Queue element PullQEl_nms6best/conv63_97 has 0 frames in his Queue on destruction
[2026-08-28 16:21:11.124] [6882] [HailoRT] [info] [queue_elements.cpp:68] [operator()] Thread in element PullQEl_nms7best/conv62_97 is not running anymore, exiting..
[2026-08-28 16:21:11.124] [4623] [HailoRT] [info] [queue_elements.cpp:46] [~BaseQueueElement] Queue element PullQEl_nms7best/conv62_97 has 0 frames in his Queue on destruction
[2026-08-28 16:21:11.124] [6881] [HailoRT] [info] [queue_elements.cpp:68] [operator()] Thread in element PullQEl_nms2best/conv53_97 is not running anymore, exiting..
[2026-08-28 16:21:11.124] [4623] [HailoRT] [info] [queue_elements.cpp:46] [~BaseQueueElement] Queue element PullQEl_nms2best/conv53_97 has 0 frames in his Queue on destruction
[2026-08-28 16:21:11.124] [6880] [HailoRT] [info] [queue_elements.cpp:68] [operator()] Thread in element PullQEl_nms4best/conv52_97 is not running anymore, exiting..
[2026-08-28 16:21:11.124] [4623] [HailoRT] [info] [queue_elements.cpp:46] [~BaseQueueElement] Queue element PullQEl_nms4best/conv52_97 has 0 frames in his Queue on destruction
[2026-08-28 16:21:11.125] [6879] [HailoRT] [info] [queue_elements.cpp:68] [operator()] Thread in element PullQEl_nms0best/conv42_97 is not running anymore, exiting..
[2026-08-28 16:21:11.125] [4623] [HailoRT] [info] [queue_elements.cpp:46] [~BaseQueueElement] Queue element PullQEl_nms0best/conv42_97 has 0 frames in his Queue on destruction
[2026-08-28 16:21:11.125] [6878] [HailoRT] [info] [queue_elements.cpp:68] [operator()] Thread in element PullQEl_nms1best/conv41_97 is not running anymore, exiting..
[2026-08-28 16:21:11.125] [4623] [HailoRT] [info] [queue_elements.cpp:46] [~BaseQueueElement] Queue element PullQEl_nms1best/conv41_97 has 0 frames in his Queue on destruction
[2026-08-28 16:21:11.125] [6877] [HailoRT] [info] [queue_elements.cpp:68] [operator()] Thread in element PushQEl3best/input_layer1 is not running anymore, exiting..
[2026-08-28 16:21:11.125] [4623] [HailoRT] [info] [queue_elements.cpp:46] [~BaseQueueElement] Queue element PushQEl3best/input_layer1 has 0 frames in his Queue on destruction
[2026-08-28 16:21:11.125] [4623] [HailoRT] [info] [core_op.cpp:186] [deactivate] Deactivating took 0.426113 ms
[2026-08-28 16:21:11.125] [4623] [HailoRT] [info] [core_op.cpp:186] [deactivate] Deactivating took 0.435483 ms
[2026-08-28 16:21:11.146] [4623] [HailoRT] [info] [core_op.cpp:156] [activate] Activating best took 0.442335 milliseconds. Note that the function is asynchronous and thus the network is not fully activated yet.
[2026-08-28 16:21:11.146] [4623] [HailoRT] [info] [core_op.cpp:156] [activate] Activating best took 0.463001 milliseconds. Note that the function is asynchronous and thus the network is not fully activated yet.
[2026-08-28 16:21:11.146] [4623] [HailoRT] [info] [edge_elements.cpp:52] [create] Created (HwWriteEl3best/input_layer1 | hw_frame_size: 1228800)
[2026-08-28 16:21:11.146] [4623] [HailoRT] [info] [queue_elements.cpp:284] [create] Created (PushQEl3best/input_layer1 | timeout: 10s)
[2026-08-28 16:21:11.146] [4623] [HailoRT] [info] [filter_elements.cpp:101] [create] Created (PreInferEl3best/input_layer1 | Reorder - src_order: NHWC, src_shape: (640, 640, 3), dst_order: NHCW, dst_shape: (640, 640, 3))
[2026-08-28 16:21:11.146] [4623] [HailoRT] [info] [vstream.cpp:754] [InputVStreamImpl] Creating best/input_layer1...
[2026-08-28 16:21:11.146] [4623] [HailoRT] [info] [vstream_builder.cpp:102] [create_inputs] Input pipeline 'best/input_layer1': (PreInferEl3best/input_layer1 | Reorder - src_order: NHWC, src_shape: (640, 640, 3), dst_order: NHCW, dst_shape: (640, 640, 3)) >> (PushQEl3best/input_layer1 | timeout: 10s) >> (HwWriteEl3best/input_layer1 | hw_frame_size: 1228800) >> HW
[2026-08-28 16:21:11.147] [4623] [HailoRT] [info] [multi_io_elements.cpp:135] [create] Created (NmsPPMuxEl0YOLOV8-Post-Process | Op YOLOV8, Name: YOLOV8-Post-Process, Score threshold: 0.250, IoU threshold: 0.70, Classes: 1, Cross classes: false, NMS results order: BY_CLASS, Max bboxes per class: 100, Image height: 640, Image width: 640)
[2026-08-28 16:21:11.147] [4623] [HailoRT] [info] [edge_elements.cpp:287] [create] Created (HwReadEl1best/conv41_97 | hw_frame_size: 409600)
[2026-08-28 16:21:11.147] [4623] [HailoRT] [info] [queue_elements.cpp:657] [create] Created (PullQEl_nms1best/conv41_97 | timeout: 10s)
[2026-08-28 16:21:11.147] [4623] [HailoRT] [info] [edge_elements.cpp:287] [create] Created (HwReadEl0best/conv42_97 | hw_frame_size: 6400)
[2026-08-28 16:21:11.147] [4623] [HailoRT] [info] [queue_elements.cpp:657] [create] Created (PullQEl_nms0best/conv42_97 | timeout: 10s)
[2026-08-28 16:21:11.147] [4623] [HailoRT] [info] [edge_elements.cpp:287] [create] Created (HwReadEl4best/conv52_97 | hw_frame_size: 102400)
[2026-08-28 16:21:11.147] [4623] [HailoRT] [info] [queue_elements.cpp:657] [create] Created (PullQEl_nms4best/conv52_97 | timeout: 10s)
[2026-08-28 16:21:11.147] [4623] [HailoRT] [info] [edge_elements.cpp:287] [create] Created (HwReadEl2best/conv53_97 | hw_frame_size: 1600)
[2026-08-28 16:21:11.147] [4623] [HailoRT] [info] [queue_elements.cpp:657] [create] Created (PullQEl_nms2best/conv53_97 | timeout: 10s)
[2026-08-28 16:21:11.147] [4623] [HailoRT] [info] [edge_elements.cpp:287] [create] Created (HwReadEl7best/conv62_97 | hw_frame_size: 30720)
[2026-08-28 16:21:11.147] [4623] [HailoRT] [info] [queue_elements.cpp:657] [create] Created (PullQEl_nms7best/conv62_97 | timeout: 10s)
[2026-08-28 16:21:11.147] [4623] [HailoRT] [info] [edge_elements.cpp:287] [create] Created (HwReadEl6best/conv63_97 | hw_frame_size: 480)
[2026-08-28 16:21:11.147] [4623] [HailoRT] [info] [queue_elements.cpp:657] [create] Created (PullQEl_nms6best/conv63_97 | timeout: 10s)
[2026-08-28 16:21:11.147] [4623] [HailoRT] [info] [queue_elements.cpp:800] [create] Created (UserBufQEl_post_infer0best/yolov8_nms_postprocess | timeout: 10s)
[2026-08-28 16:21:11.147] [4623] [HailoRT] [info] [vstream.cpp:1114] [OutputVStreamImpl] Creating best/yolov8_nms_postprocess...
[2026-08-28 16:21:11.147] [4623] [HailoRT] [info] [vstream_builder.cpp:622] [create_output_post_process_nms] Output pipeline 'best/yolov8_nms_postprocess': HW >> (HwReadEl1best/conv41_97 | hw_frame_size: 409600) >> (PullQEl_nms1best/conv41_97) >> (HwReadEl0best/conv42_97 | hw_frame_size: 6400) >> (PullQEl_nms0best/conv42_97) >> (HwReadEl4best/conv52_97 | hw_frame_size: 102400) >> (PullQEl_nms4best/conv52_97) >> (HwReadEl2best/conv53_97 | hw_frame_size: 1600) >> (PullQEl_nms2best/conv53_97) >> (HwReadEl7best/conv62_97 | hw_frame_size: 30720) >> (PullQEl_nms7best/conv62_97) >> (HwReadEl6best/conv63_97 | hw_frame_size: 480) >> (PullQEl_nms6best/conv63_97) >> (NmsPPMuxEl0YOLOV8-Post-Process | Op YOLOV8, Name: YOLOV8-Post-Process, Score threshold: 0.250, IoU threshold: 0.70, Classes: 1, Cross classes: false, NMS results order: BY_CLASS, Max bboxes per class: 100, Image height: 640, Image width: 640) >> (UserBufQEl_post_infer0best/yolov8_nms_postprocess | timeout: 10s)
[2026-08-28 16:21:11.157] [6888] [HailoRT] [info] [vdevice_native_stream.cpp:331] [read_impl] Failed read from stream HAILO_STREAM_ABORT(63) (device: 0001:01:00.0)
[2026-08-28 16:21:11.157] [6892] [HailoRT] [info] [vdevice_native_stream.cpp:331] [read_impl] Failed read from stream HAILO_STREAM_ABORT(63) (device: 0001:01:00.0)
[2026-08-28 16:21:11.157] [6892] [HailoRT] [info] [edge_elements.cpp:396] [run_pull] Reading from stream was aborted!
[2026-08-28 16:21:11.157] [6893] [HailoRT] [info] [vdevice_native_stream.cpp:331] [read_impl] Failed read from stream HAILO_STREAM_ABORT(63) (device: 0001:01:00.0)
[2026-08-28 16:21:11.157] [6891] [HailoRT] [info] [vdevice_native_stream.cpp:331] [read_impl] Failed read from stream HAILO_STREAM_ABORT(63) (device: 0001:01:00.0)
[2026-08-28 16:21:11.157] [6893] [HailoRT] [info] [edge_elements.cpp:396] [run_pull] Reading from stream was aborted!
[2026-08-28 16:21:11.157] [6889] [HailoRT] [info] [vdevice_native_stream.cpp:331] [read_impl] Failed read from stream HAILO_STREAM_ABORT(63) (device: 0001:01:00.0)
[2026-08-28 16:21:11.157] [6891] [HailoRT] [info] [edge_elements.cpp:396] [run_pull] Reading from stream was aborted!
[2026-08-28 16:21:11.157] [6889] [HailoRT] [info] [edge_elements.cpp:396] [run_pull] Reading from stream was aborted!
[2026-08-28 16:21:11.157] [6890] [HailoRT] [info] [vdevice_native_stream.cpp:331] [read_impl] Failed read from stream HAILO_STREAM_ABORT(63) (device: 0001:01:00.0)
[2026-08-28 16:21:11.157] [6890] [HailoRT] [info] [edge_elements.cpp:396] [run_pull] Reading from stream was aborted!
[2026-08-28 16:21:11.157] [6889] [HailoRT] [info] [queue_elements.cpp:738] [run_in_thread] run_pull of queue element PullQEl_nms0best/conv42_97 was aborted!
[2026-08-28 16:21:11.157] [6891] [HailoRT] [info] [queue_elements.cpp:738] [run_in_thread] run_pull of queue element PullQEl_nms2best/conv53_97 was aborted!
[2026-08-28 16:21:11.157] [6890] [HailoRT] [info] [queue_elements.cpp:738] [run_in_thread] run_pull of queue element PullQEl_nms4best/conv52_97 was aborted!
[2026-08-28 16:21:11.157] [6892] [HailoRT] [info] [queue_elements.cpp:738] [run_in_thread] run_pull of queue element PullQEl_nms7best/conv62_97 was aborted!
[2026-08-28 16:21:11.157] [6888] [HailoRT] [info] [edge_elements.cpp:396] [run_pull] Reading from stream was aborted!
[2026-08-28 16:21:11.157] [6893] [HailoRT] [info] [queue_elements.cpp:738] [run_in_thread] run_pull of queue element PullQEl_nms6best/conv63_97 was aborted!
[2026-08-28 16:21:11.157] [6888] [HailoRT] [info] [queue_elements.cpp:738] [run_in_thread] run_pull of queue element PullQEl_nms1best/conv41_97 was aborted!
[2026-08-28 16:21:11.157] [6894] [HailoRT] [info] [queue_elements.cpp:68] [operator()] Thread in element UserBufQEl_post_infer0best/yolov8_nms_postprocess is not running anymore, exiting..
[2026-08-28 16:21:11.157] [4623] [HailoRT] [info] [queue_elements.cpp:46] [~BaseQueueElement] Queue element UserBufQEl_post_infer0best/yolov8_nms_postprocess has 0 frames in his Queue on destruction
[2026-08-28 16:21:11.157] [6893] [HailoRT] [info] [queue_elements.cpp:68] [operator()] Thread in element PullQEl_nms6best/conv63_97 is not running anymore, exiting..
[2026-08-28 16:21:11.158] [4623] [HailoRT] [info] [queue_elements.cpp:46] [~BaseQueueElement] Queue element PullQEl_nms6best/conv63_97 has 0 frames in his Queue on destruction
[2026-08-28 16:21:11.158] [6892] [HailoRT] [info] [queue_elements.cpp:68] [operator()] Thread in element PullQEl_nms7best/conv62_97 is not running anymore, exiting..
[2026-08-28 16:21:11.158] [4623] [HailoRT] [info] [queue_elements.cpp:46] [~BaseQueueElement] Queue element PullQEl_nms7best/conv62_97 has 0 frames in his Queue on destruction
[2026-08-28 16:21:11.158] [6891] [HailoRT] [info] [queue_elements.cpp:68] [operator()] Thread in element PullQEl_nms2best/conv53_97 is not running anymore, exiting..
[2026-08-28 16:21:11.158] [4623] [HailoRT] [info] [queue_elements.cpp:46] [~BaseQueueElement] Queue element PullQEl_nms2best/conv53_97 has 0 frames in his Queue on destruction
[2026-08-28 16:21:11.158] [6890] [HailoRT] [info] [queue_elements.cpp:68] [operator()] Thread in element PullQEl_nms4best/conv52_97 is not running anymore, exiting..
[2026-08-28 16:21:11.158] [4623] [HailoRT] [info] [queue_elements.cpp:46] [~BaseQueueElement] Queue element PullQEl_nms4best/conv52_97 has 0 frames in his Queue on destruction
[2026-08-28 16:21:11.158] [6889] [HailoRT] [info] [queue_elements.cpp:68] [operator()] Thread in element PullQEl_nms0best/conv42_97 is not running anymore, exiting..
[2026-08-28 16:21:11.158] [4623] [HailoRT] [info] [queue_elements.cpp:46] [~BaseQueueElement] Queue element PullQEl_nms0best/conv42_97 has 0 frames in his Queue on destruction
[2026-08-28 16:21:11.158] [6888] [HailoRT] [info] [queue_elements.cpp:68] [operator()] Thread in element PullQEl_nms1best/conv41_97 is not running anymore, exiting..
[2026-08-28 16:21:11.158] [4623] [HailoRT] [info] [queue_elements.cpp:46] [~BaseQueueElement] Queue element PullQEl_nms1best/conv41_97 has 0 frames in his Queue on destruction
[2026-08-28 16:21:11.158] [6887] [HailoRT] [info] [queue_elements.cpp:68] [operator()] Thread in element PushQEl3best/input_layer1 is not running anymore, exiting..
[2026-08-28 16:21:11.158] [4623] [HailoRT] [info] [queue_elements.cpp:46] [~BaseQueueElement] Queue element PushQEl3best/input_layer1 has 0 frames in his Queue on destruction
[2026-08-28 16:21:11.158] [4623] [HailoRT] [info] [core_op.cpp:186] [deactivate] Deactivating took 0.426113 ms
[2026-08-28 16:21:11.158] [4623] [HailoRT] [info] [core_op.cpp:186] [deactivate] Deactivating took 0.435761 ms
[2026-08-28 16:21:11.179] [4623] [HailoRT] [info] [core_op.cpp:156] [activate] Activating best took 0.435724 milliseconds. Note that the function is asynchronous and thus the network is not fully activated yet.
[2026-08-28 16:21:11.179] [4623] [HailoRT] [info] [core_op.cpp:156] [activate] Activating best took 0.456482 milliseconds. Note that the function is asynchronous and thus the network is not fully activated yet.
[2026-08-28 16:21:11.180] [4623] [HailoRT] [info] [edge_elements.cpp:52] [create] Created (HwWriteEl3best/input_layer1 | hw_frame_size: 1228800)
[2026-08-28 16:21:11.180] [4623] [HailoRT] [info] [queue_elements.cpp:284] [create] Created (PushQEl3best/input_layer1 | timeout: 10s)
[2026-08-28 16:21:11.180] [4623] [HailoRT] [info] [filter_elements.cpp:101] [create] Created (PreInferEl3best/input_layer1 | Reorder - src_order: NHWC, src_shape: (640, 640, 3), dst_order: NHCW, dst_shape: (640, 640, 3))
[2026-08-28 16:21:11.180] [4623] [HailoRT] [info] [vstream.cpp:754] [InputVStreamImpl] Creating best/input_layer1...
[2026-08-28 16:21:11.180] [4623] [HailoRT] [info] [vstream_builder.cpp:102] [create_inputs] Input pipeline 'best/input_layer1': (PreInferEl3best/input_layer1 | Reorder - src_order: NHWC, src_shape: (640, 640, 3), dst_order: NHCW, dst_shape: (640, 640, 3)) >> (PushQEl3best/input_layer1 | timeout: 10s) >> (HwWriteEl3best/input_layer1 | hw_frame_size: 1228800) >> HW
[2026-08-28 16:21:11.180] [4623] [HailoRT] [info] [multi_io_elements.cpp:135] [create] Created (NmsPPMuxEl0YOLOV8-Post-Process | Op YOLOV8, Name: YOLOV8-Post-Process, Score threshold: 0.250, IoU threshold: 0.70, Classes: 1, Cross classes: false, NMS results order: BY_CLASS, Max bboxes per class: 100, Image height: 640, Image width: 640)
[2026-08-28 16:21:11.180] [4623] [HailoRT] [info] [edge_elements.cpp:287] [create] Created (HwReadEl1best/conv41_97 | hw_frame_size: 409600)
[2026-08-28 16:21:11.180] [4623] [HailoRT] [info] [queue_elements.cpp:657] [create] Created (PullQEl_nms1best/conv41_97 | timeout: 10s)
[2026-08-28 16:21:11.180] [4623] [HailoRT] [info] [edge_elements.cpp:287] [create] Created (HwReadEl0best/conv42_97 | hw_frame_size: 6400)
[2026-08-28 16:21:11.180] [4623] [HailoRT] [info] [queue_elements.cpp:657] [create] Created (PullQEl_nms0best/conv42_97 | timeout: 10s)
[2026-08-28 16:21:11.180] [4623] [HailoRT] [info] [edge_elements.cpp:287] [create] Created (HwReadEl4best/conv52_97 | hw_frame_size: 102400)
[2026-08-28 16:21:11.180] [4623] [HailoRT] [info] [queue_elements.cpp:657] [create] Created (PullQEl_nms4best/conv52_97 | timeout: 10s)
[2026-08-28 16:21:11.180] [4623] [HailoRT] [info] [edge_elements.cpp:287] [create] Created (HwReadEl2best/conv53_97 | hw_frame_size: 1600)
[2026-08-28 16:21:11.180] [4623] [HailoRT] [info] [queue_elements.cpp:657] [create] Created (PullQEl_nms2best/conv53_97 | timeout: 10s)
[2026-08-28 16:21:11.180] [4623] [HailoRT] [info] [edge_elements.cpp:287] [create] Created (HwReadEl7best/conv62_97 | hw_frame_size: 30720)
[2026-08-28 16:21:11.180] [4623] [HailoRT] [info] [queue_elements.cpp:657] [create] Created (PullQEl_nms7best/conv62_97 | timeout: 10s)
[2026-08-28 16:21:11.180] [4623] [HailoRT] [info] [edge_elements.cpp:287] [create] Created (HwReadEl6best/conv63_97 | hw_frame_size: 480)
[2026-08-28 16:21:11.180] [4623] [HailoRT] [info] [queue_elements.cpp:657] [create] Created (PullQEl_nms6best/conv63_97 | timeout: 10s)
[2026-08-28 16:21:11.180] [4623] [HailoRT] [info] [queue_elements.cpp:800] [create] Created (UserBufQEl_post_infer0best/yolov8_nms_postprocess | timeout: 10s)
[2026-08-28 16:21:11.180] [4623] [HailoRT] [info] [vstream.cpp:1114] [OutputVStreamImpl] Creating best/yolov8_nms_postprocess...
[2026-08-28 16:21:11.180] [4623] [HailoRT] [info] [vstream_builder.cpp:622] [create_output_post_process_nms] Output pipeline 'best/yolov8_nms_postprocess': HW >> (HwReadEl1best/conv41_97 | hw_frame_size: 409600) >> (PullQEl_nms1best/conv41_97) >> (HwReadEl0best/conv42_97 | hw_frame_size: 6400) >> (PullQEl_nms0best/conv42_97) >> (HwReadEl4best/conv52_97 | hw_frame_size: 102400) >> (PullQEl_nms4best/conv52_97) >> (HwReadEl2best/conv53_97 | hw_frame_size: 1600) >> (PullQEl_nms2best/conv53_97) >> (HwReadEl7best/conv62_97 | hw_frame_size: 30720) >> (PullQEl_nms7best/conv62_97) >> (HwReadEl6best/conv63_97 | hw_frame_size: 480) >> (PullQEl_nms6best/conv63_97) >> (NmsPPMuxEl0YOLOV8-Post-Process | Op YOLOV8, Name: YOLOV8-Post-Process, Score threshold: 0.250, IoU threshold: 0.70, Classes: 1, Cross classes: false, NMS results order: BY_CLASS, Max bboxes per class: 100, Image height: 640, Image width: 640) >> (UserBufQEl_post_infer0best/yolov8_nms_postprocess | timeout: 10s)
[2026-08-28 16:21:11.191] [6899] [HailoRT] [info] [vdevice_native_stream.cpp:331] [read_impl] Failed read from stream HAILO_STREAM_ABORT(63) (device: 0001:01:00.0)
[2026-08-28 16:21:11.191] [6898] [HailoRT] [info] [vdevice_native_stream.cpp:331] [read_impl] Failed read from stream HAILO_STREAM_ABORT(63) (device: 0001:01:00.0)
[2026-08-28 16:21:11.191] [6900] [HailoRT] [info] [vdevice_native_stream.cpp:331] [read_impl] Failed read from stream HAILO_STREAM_ABORT(63) (device: 0001:01:00.0)
[2026-08-28 16:21:11.191] [6900] [HailoRT] [info] [edge_elements.cpp:396] [run_pull] Reading from stream was aborted!
[2026-08-28 16:21:11.191] [6903] [HailoRT] [info] [vdevice_native_stream.cpp:331] [read_impl] Failed read from stream HAILO_STREAM_ABORT(63) (device: 0001:01:00.0)
[2026-08-28 16:21:11.191] [6903] [HailoRT] [info] [edge_elements.cpp:396] [run_pull] Reading from stream was aborted!
[2026-08-28 16:21:11.191] [6900] [HailoRT] [info] [queue_elements.cpp:738] [run_in_thread] run_pull of queue element PullQEl_nms4best/conv52_97 was aborted!
[2026-08-28 16:21:11.191] [6903] [HailoRT] [info] [queue_elements.cpp:738] [run_in_thread] run_pull of queue element PullQEl_nms6best/conv63_97 was aborted!
[2026-08-28 16:21:11.191] [6898] [HailoRT] [info] [edge_elements.cpp:396] [run_pull] Reading from stream was aborted!
[2026-08-28 16:21:11.191] [6899] [HailoRT] [info] [edge_elements.cpp:396] [run_pull] Reading from stream was aborted!
[2026-08-28 16:21:11.191] [6898] [HailoRT] [info] [queue_elements.cpp:738] [run_in_thread] run_pull of queue element PullQEl_nms1best/conv41_97 was aborted!
[2026-08-28 16:21:11.191] [6901] [HailoRT] [info] [vdevice_native_stream.cpp:331] [read_impl] Failed read from stream HAILO_STREAM_ABORT(63) (device: 0001:01:00.0)
[2026-08-28 16:21:11.191] [6899] [HailoRT] [info] [queue_elements.cpp:738] [run_in_thread] run_pull of queue element PullQEl_nms0best/conv42_97 was aborted!
[2026-08-28 16:21:11.191] [6901] [HailoRT] [info] [edge_elements.cpp:396] [run_pull] Reading from stream was aborted!
[2026-08-28 16:21:11.191] [6901] [HailoRT] [info] [queue_elements.cpp:738] [run_in_thread] run_pull of queue element PullQEl_nms2best/conv53_97 was aborted!
[2026-08-28 16:21:11.191] [6902] [HailoRT] [info] [vdevice_native_stream.cpp:331] [read_impl] Failed read from stream HAILO_STREAM_ABORT(63) (device: 0001:01:00.0)
[2026-08-28 16:21:11.191] [6902] [HailoRT] [info] [edge_elements.cpp:396] [run_pull] Reading from stream was aborted!
[2026-08-28 16:21:11.191] [6902] [HailoRT] [info] [queue_elements.cpp:738] [run_in_thread] run_pull of queue element PullQEl_nms7best/conv62_97 was aborted!
[2026-08-28 16:21:11.191] [6904] [HailoRT] [info] [queue_elements.cpp:68] [operator()] Thread in element UserBufQEl_post_infer0best/yolov8_nms_postprocess is not running anymore, exiting..
[2026-08-28 16:21:11.191] [4623] [HailoRT] [info] [queue_elements.cpp:46] [~BaseQueueElement] Queue element UserBufQEl_post_infer0best/yolov8_nms_postprocess has 0 frames in his Queue on destruction
[2026-08-28 16:21:11.191] [6903] [HailoRT] [info] [queue_elements.cpp:68] [operator()] Thread in element PullQEl_nms6best/conv63_97 is not running anymore, exiting..
[2026-08-28 16:21:11.191] [4623] [HailoRT] [info] [queue_elements.cpp:46] [~BaseQueueElement] Queue element PullQEl_nms6best/conv63_97 has 0 frames in his Queue on destruction
[2026-08-28 16:21:11.191] [6902] [HailoRT] [info] [queue_elements.cpp:68] [operator()] Thread in element PullQEl_nms7best/conv62_97 is not running anymore, exiting..
[2026-08-28 16:21:11.191] [4623] [HailoRT] [info] [queue_elements.cpp:46] [~BaseQueueElement] Queue element PullQEl_nms7best/conv62_97 has 0 frames in his Queue on destruction
[2026-08-28 16:21:11.191] [6901] [HailoRT] [info] [queue_elements.cpp:68] [operator()] Thread in element PullQEl_nms2best/conv53_97 is not running anymore, exiting..
[2026-08-28 16:21:11.191] [4623] [HailoRT] [info] [queue_elements.cpp:46] [~BaseQueueElement] Queue element PullQEl_nms2best/conv53_97 has 0 frames in his Queue on destruction
[2026-08-28 16:21:11.191] [6900] [HailoRT] [info] [queue_elements.cpp:68] [operator()] Thread in element PullQEl_nms4best/conv52_97 is not running anymore, exiting..
[2026-08-28 16:21:11.191] [4623] [HailoRT] [info] [queue_elements.cpp:46] [~BaseQueueElement] Queue element PullQEl_nms4best/conv52_97 has 0 frames in his Queue on destruction
[2026-08-28 16:21:11.191] [6899] [HailoRT] [info] [queue_elements.cpp:68] [operator()] Thread in element PullQEl_nms0best/conv42_97 is not running anymore, exiting..
[2026-08-28 16:21:11.191] [4623] [HailoRT] [info] [queue_elements.cpp:46] [~BaseQueueElement] Queue element PullQEl_nms0best/conv42_97 has 0 frames in his Queue on destruction
[2026-08-28 16:21:11.191] [6898] [HailoRT] [info] [queue_elements.cpp:68] [operator()] Thread in element PullQEl_nms1best/conv41_97 is not running anymore, exiting..
[2026-08-28 16:21:11.191] [4623] [HailoRT] [info] [queue_elements.cpp:46] [~BaseQueueElement] Queue element PullQEl_nms1best/conv41_97 has 0 frames in his Queue on destruction
[2026-08-28 16:21:11.191] [6897] [HailoRT] [info] [queue_elements.cpp:68] [operator()] Thread in element PushQEl3best/input_layer1 is not running anymore, exiting..
[2026-08-28 16:21:11.191] [4623] [HailoRT] [info] [queue_elements.cpp:46] [~BaseQueueElement] Queue element PushQEl3best/input_layer1 has 0 frames in his Queue on destruction
[2026-08-28 16:21:11.192] [4623] [HailoRT] [info] [core_op.cpp:186] [deactivate] Deactivating took 0.417243 ms
[2026-08-28 16:21:11.192] [4623] [HailoRT] [info] [core_op.cpp:186] [deactivate] Deactivating took 0.42652 ms
[2026-08-28 16:21:11.212] [4623] [HailoRT] [info] [core_op.cpp:156] [activate] Activating best took 0.493721 milliseconds. Note that the function is asynchronous and thus the network is not fully activated yet.
[2026-08-28 16:21:11.212] [4623] [HailoRT] [info] [core_op.cpp:156] [activate] Activating best took 0.513239 milliseconds. Note that the function is asynchronous and thus the network is not fully activated yet.
[2026-08-28 16:21:11.213] [4623] [HailoRT] [info] [edge_elements.cpp:52] [create] Created (HwWriteEl3best/input_layer1 | hw_frame_size: 1228800)
[2026-08-28 16:21:11.213] [4623] [HailoRT] [info] [queue_elements.cpp:284] [create] Created (PushQEl3best/input_layer1 | timeout: 10s)
[2026-08-28 16:21:11.213] [4623] [HailoRT] [info] [filter_elements.cpp:101] [create] Created (PreInferEl3best/input_layer1 | Reorder - src_order: NHWC, src_shape: (640, 640, 3), dst_order: NHCW, dst_shape: (640, 640, 3))
[2026-08-28 16:21:11.213] [4623] [HailoRT] [info] [vstream.cpp:754] [InputVStreamImpl] Creating best/input_layer1...
[2026-08-28 16:21:11.213] [4623] [HailoRT] [info] [vstream_builder.cpp:102] [create_inputs] Input pipeline 'best/input_layer1': (PreInferEl3best/input_layer1 | Reorder - src_order: NHWC, src_shape: (640, 640, 3), dst_order: NHCW, dst_shape: (640, 640, 3)) >> (PushQEl3best/input_layer1 | timeout: 10s) >> (HwWriteEl3best/input_layer1 | hw_frame_size: 1228800) >> HW
[2026-08-28 16:21:11.213] [4623] [HailoRT] [info] [multi_io_elements.cpp:135] [create] Created (NmsPPMuxEl0YOLOV8-Post-Process | Op YOLOV8, Name: YOLOV8-Post-Process, Score threshold: 0.250, IoU threshold: 0.70, Classes: 1, Cross classes: false, NMS results order: BY_CLASS, Max bboxes per class: 100, Image height: 640, Image width: 640)
[2026-08-28 16:21:11.213] [4623] [HailoRT] [info] [edge_elements.cpp:287] [create] Created (HwReadEl1best/conv41_97 | hw_frame_size: 409600)
[2026-08-28 16:21:11.213] [4623] [HailoRT] [info] [queue_elements.cpp:657] [create] Created (PullQEl_nms1best/conv41_97 | timeout: 10s)
[2026-08-28 16:21:11.213] [4623] [HailoRT] [info] [edge_elements.cpp:287] [create] Created (HwReadEl0best/conv42_97 | hw_frame_size: 6400)
[2026-08-28 16:21:11.213] [4623] [HailoRT] [info] [queue_elements.cpp:657] [create] Created (PullQEl_nms0best/conv42_97 | timeout: 10s)
[2026-08-28 16:21:11.213] [4623] [HailoRT] [info] [edge_elements.cpp:287] [create] Created (HwReadEl4best/conv52_97 | hw_frame_size: 102400)
[2026-08-28 16:21:11.213] [4623] [HailoRT] [info] [queue_elements.cpp:657] [create] Created (PullQEl_nms4best/conv52_97 | timeout: 10s)
[2026-08-28 16:21:11.213] [4623] [HailoRT] [info] [edge_elements.cpp:287] [create] Created (HwReadEl2best/conv53_97 | hw_frame_size: 1600)
[2026-08-28 16:21:11.213] [4623] [HailoRT] [info] [queue_elements.cpp:657] [create] Created (PullQEl_nms2best/conv53_97 | timeout: 10s)
[2026-08-28 16:21:11.213] [4623] [HailoRT] [info] [edge_elements.cpp:287] [create] Created (HwReadEl7best/conv62_97 | hw_frame_size: 30720)
[2026-08-28 16:21:11.213] [4623] [HailoRT] [info] [queue_elements.cpp:657] [create] Created (PullQEl_nms7best/conv62_97 | timeout: 10s)
[2026-08-28 16:21:11.213] [4623] [HailoRT] [info] [edge_elements.cpp:287] [create] Created (HwReadEl6best/conv63_97 | hw_frame_size: 480)
[2026-08-28 16:21:11.213] [4623] [HailoRT] [info] [queue_elements.cpp:657] [create] Created (PullQEl_nms6best/conv63_97 | timeout: 10s)
[2026-08-28 16:21:11.213] [4623] [HailoRT] [info] [queue_elements.cpp:800] [create] Created (UserBufQEl_post_infer0best/yolov8_nms_postprocess | timeout: 10s)
[2026-08-28 16:21:11.213] [4623] [HailoRT] [info] [vstream.cpp:1114] [OutputVStreamImpl] Creating best/yolov8_nms_postprocess...
[2026-08-28 16:21:11.213] [4623] [HailoRT] [info] [vstream_builder.cpp:622] [create_output_post_process_nms] Output pipeline 'best/yolov8_nms_postprocess': HW >> (HwReadEl1best/conv41_97 | hw_frame_size: 409600) >> (PullQEl_nms1best/conv41_97) >> (HwReadEl0best/conv42_97 | hw_frame_size: 6400) >> (PullQEl_nms0best/conv42_97) >> (HwReadEl4best/conv52_97 | hw_frame_size: 102400) >> (PullQEl_nms4best/conv52_97) >> (HwReadEl2best/conv53_97 | hw_frame_size: 1600) >> (PullQEl_nms2best/conv53_97) >> (HwReadEl7best/conv62_97 | hw_frame_size: 30720) >> (PullQEl_nms7best/conv62_97) >> (HwReadEl6best/conv63_97 | hw_frame_size: 480) >> (PullQEl_nms6best/conv63_97) >> (NmsPPMuxEl0YOLOV8-Post-Process | Op YOLOV8, Name: YOLOV8-Post-Process, Score threshold: 0.250, IoU threshold: 0.70, Classes: 1, Cross classes: false, NMS results order: BY_CLASS, Max bboxes per class: 100, Image height: 640, Image width: 640) >> (UserBufQEl_post_infer0best/yolov8_nms_postprocess | timeout: 10s)
[2026-08-28 16:21:11.224] [6908] [HailoRT] [info] [vdevice_native_stream.cpp:331] [read_impl] Failed read from stream HAILO_STREAM_ABORT(63) (device: 0001:01:00.0)
[2026-08-28 16:21:11.224] [6908] [HailoRT] [info] [edge_elements.cpp:396] [run_pull] Reading from stream was aborted!
[2026-08-28 16:21:11.224] [6910] [HailoRT] [info] [vdevice_native_stream.cpp:331] [read_impl] Failed read from stream HAILO_STREAM_ABORT(63) (device: 0001:01:00.0)
[2026-08-28 16:21:11.224] [6913] [HailoRT] [info] [vdevice_native_stream.cpp:331] [read_impl] Failed read from stream HAILO_STREAM_ABORT(63) (device: 0001:01:00.0)
[2026-08-28 16:21:11.224] [6912] [HailoRT] [info] [vdevice_native_stream.cpp:331] [read_impl] Failed read from stream HAILO_STREAM_ABORT(63) (device: 0001:01:00.0)
[2026-08-28 16:21:11.224] [6913] [HailoRT] [info] [edge_elements.cpp:396] [run_pull] Reading from stream was aborted!
[2026-08-28 16:21:11.224] [6912] [HailoRT] [info] [edge_elements.cpp:396] [run_pull] Reading from stream was aborted!
[2026-08-28 16:21:11.224] [6911] [HailoRT] [info] [vdevice_native_stream.cpp:331] [read_impl] Failed read from stream HAILO_STREAM_ABORT(63) (device: 0001:01:00.0)
[2026-08-28 16:21:11.224] [6911] [HailoRT] [info] [edge_elements.cpp:396] [run_pull] Reading from stream was aborted!
[2026-08-28 16:21:11.224] [6913] [HailoRT] [info] [queue_elements.cpp:738] [run_in_thread] run_pull of queue element PullQEl_nms6best/conv63_97 was aborted!
[2026-08-28 16:21:11.224] [6909] [HailoRT] [info] [vdevice_native_stream.cpp:331] [read_impl] Failed read from stream HAILO_STREAM_ABORT(63) (device: 0001:01:00.0)
[2026-08-28 16:21:11.224] [6909] [HailoRT] [info] [edge_elements.cpp:396] [run_pull] Reading from stream was aborted!
[2026-08-28 16:21:11.224] [6911] [HailoRT] [info] [queue_elements.cpp:738] [run_in_thread] run_pull of queue element PullQEl_nms2best/conv53_97 was aborted!
[2026-08-28 16:21:11.224] [6909] [HailoRT] [info] [queue_elements.cpp:738] [run_in_thread] run_pull of queue element PullQEl_nms0best/conv42_97 was aborted!
[2026-08-28 16:21:11.224] [6908] [HailoRT] [info] [queue_elements.cpp:738] [run_in_thread] run_pull of queue element PullQEl_nms1best/conv41_97 was aborted!
[2026-08-28 16:21:11.224] [6912] [HailoRT] [info] [queue_elements.cpp:738] [run_in_thread] run_pull of queue element PullQEl_nms7best/conv62_97 was aborted!
[2026-08-28 16:21:11.224] [6910] [HailoRT] [info] [edge_elements.cpp:396] [run_pull] Reading from stream was aborted!
[2026-08-28 16:21:11.224] [6910] [HailoRT] [info] [queue_elements.cpp:738] [run_in_thread] run_pull of queue element PullQEl_nms4best/conv52_97 was aborted!
[2026-08-28 16:21:11.224] [6914] [HailoRT] [info] [queue_elements.cpp:68] [operator()] Thread in element UserBufQEl_post_infer0best/yolov8_nms_postprocess is not running anymore, exiting..
[2026-08-28 16:21:11.224] [4623] [HailoRT] [info] [queue_elements.cpp:46] [~BaseQueueElement] Queue element UserBufQEl_post_infer0best/yolov8_nms_postprocess has 0 frames in his Queue on destruction
[2026-08-28 16:21:11.224] [6913] [HailoRT] [info] [queue_elements.cpp:68] [operator()] Thread in element PullQEl_nms6best/conv63_97 is not running anymore, exiting..
[2026-08-28 16:21:11.224] [4623] [HailoRT] [info] [queue_elements.cpp:46] [~BaseQueueElement] Queue element PullQEl_nms6best/conv63_97 has 0 frames in his Queue on destruction
[2026-08-28 16:21:11.224] [6912] [HailoRT] [info] [queue_elements.cpp:68] [operator()] Thread in element PullQEl_nms7best/conv62_97 is not running anymore, exiting..
[2026-08-28 16:21:11.224] [4623] [HailoRT] [info] [queue_elements.cpp:46] [~BaseQueueElement] Queue element PullQEl_nms7best/conv62_97 has 0 frames in his Queue on destruction
[2026-08-28 16:21:11.224] [6911] [HailoRT] [info] [queue_elements.cpp:68] [operator()] Thread in element PullQEl_nms2best/conv53_97 is not running anymore, exiting..
[2026-08-28 16:21:11.224] [4623] [HailoRT] [info] [queue_elements.cpp:46] [~BaseQueueElement] Queue element PullQEl_nms2best/conv53_97 has 0 frames in his Queue on destruction
[2026-08-28 16:21:11.224] [6910] [HailoRT] [info] [queue_elements.cpp:68] [operator()] Thread in element PullQEl_nms4best/conv52_97 is not running anymore, exiting..
[2026-08-28 16:21:11.224] [4623] [HailoRT] [info] [queue_elements.cpp:46] [~BaseQueueElement] Queue element PullQEl_nms4best/conv52_97 has 0 frames in his Queue on destruction
[2026-08-28 16:21:11.224] [6909] [HailoRT] [info] [queue_elements.cpp:68] [operator()] Thread in element PullQEl_nms0best/conv42_97 is not running anymore, exiting..
[2026-08-28 16:21:11.224] [4623] [HailoRT] [info] [queue_elements.cpp:46] [~BaseQueueElement] Queue element PullQEl_nms0best/conv42_97 has 0 frames in his Queue on destruction
[2026-08-28 16:21:11.224] [6908] [HailoRT] [info] [queue_elements.cpp:68] [operator()] Thread in element PullQEl_nms1best/conv41_97 is not running anymore, exiting..
[2026-08-28 16:21:11.224] [4623] [HailoRT] [info] [queue_elements.cpp:46] [~BaseQueueElement] Queue element PullQEl_nms1best/conv41_97 has 0 frames in his Queue on destruction
[2026-08-28 16:21:11.224] [6907] [HailoRT] [info] [queue_elements.cpp:68] [operator()] Thread in element PushQEl3best/input_layer1 is not running anymore, exiting..
[2026-08-28 16:21:11.224] [4623] [HailoRT] [info] [queue_elements.cpp:46] [~BaseQueueElement] Queue element PushQEl3best/input_layer1 has 0 frames in his Queue on destruction
[2026-08-28 16:21:11.224] [4623] [HailoRT] [info] [core_op.cpp:186] [deactivate] Deactivating took 0.401447 ms
[2026-08-28 16:21:11.224] [4623] [HailoRT] [info] [core_op.cpp:186] [deactivate] Deactivating took 0.409817 ms
[2026-08-28 16:21:11.245] [4623] [HailoRT] [info] [core_op.cpp:156] [activate] Activating best took 0.474463 milliseconds. Note that the function is asynchronous and thus the network is not fully activated yet.
[2026-08-28 16:21:11.245] [4623] [HailoRT] [info] [core_op.cpp:156] [activate] Activating best took 0.495554 milliseconds. Note that the function is asynchronous and thus the network is not fully activated yet.
[2026-08-28 16:21:11.245] [4623] [HailoRT] [info] [edge_elements.cpp:52] [create] Created (HwWriteEl3best/input_layer1 | hw_frame_size: 1228800)
[2026-08-28 16:21:11.245] [4623] [HailoRT] [info] [queue_elements.cpp:284] [create] Created (PushQEl3best/input_layer1 | timeout: 10s)
[2026-08-28 16:21:11.245] [4623] [HailoRT] [info] [filter_elements.cpp:101] [create] Created (PreInferEl3best/input_layer1 | Reorder - src_order: NHWC, src_shape: (640, 640, 3), dst_order: NHCW, dst_shape: (640, 640, 3))
[2026-08-28 16:21:11.245] [4623] [HailoRT] [info] [vstream.cpp:754] [InputVStreamImpl] Creating best/input_layer1...
[2026-08-28 16:21:11.246] [4623] [HailoRT] [info] [vstream_builder.cpp:102] [create_inputs] Input pipeline 'best/input_layer1': (PreInferEl3best/input_layer1 | Reorder - src_order: NHWC, src_shape: (640, 640, 3), dst_order: NHCW, dst_shape: (640, 640, 3)) >> (PushQEl3best/input_layer1 | timeout: 10s) >> (HwWriteEl3best/input_layer1 | hw_frame_size: 1228800) >> HW
[2026-08-28 16:21:11.246] [4623] [HailoRT] [info] [multi_io_elements.cpp:135] [create] Created (NmsPPMuxEl0YOLOV8-Post-Process | Op YOLOV8, Name: YOLOV8-Post-Process, Score threshold: 0.250, IoU threshold: 0.70, Classes: 1, Cross classes: false, NMS results order: BY_CLASS, Max bboxes per class: 100, Image height: 640, Image width: 640)
[2026-08-28 16:21:11.246] [4623] [HailoRT] [info] [edge_elements.cpp:287] [create] Created (HwReadEl1best/conv41_97 | hw_frame_size: 409600)
[2026-08-28 16:21:11.246] [4623] [HailoRT] [info] [queue_elements.cpp:657] [create] Created (PullQEl_nms1best/conv41_97 | timeout: 10s)
[2026-08-28 16:21:11.246] [4623] [HailoRT] [info] [edge_elements.cpp:287] [create] Created (HwReadEl0best/conv42_97 | hw_frame_size: 6400)
[2026-08-28 16:21:11.246] [4623] [HailoRT] [info] [queue_elements.cpp:657] [create] Created (PullQEl_nms0best/conv42_97 | timeout: 10s)
[2026-08-28 16:21:11.246] [4623] [HailoRT] [info] [edge_elements.cpp:287] [create] Created (HwReadEl4best/conv52_97 | hw_frame_size: 102400)
[2026-08-28 16:21:11.246] [4623] [HailoRT] [info] [queue_elements.cpp:657] [create] Created (PullQEl_nms4best/conv52_97 | timeout: 10s)
[2026-08-28 16:21:11.246] [4623] [HailoRT] [info] [edge_elements.cpp:287] [create] Created (HwReadEl2best/conv53_97 | hw_frame_size: 1600)
[2026-08-28 16:21:11.246] [4623] [HailoRT] [info] [queue_elements.cpp:657] [create] Created (PullQEl_nms2best/conv53_97 | timeout: 10s)
[2026-08-28 16:21:11.246] [4623] [HailoRT] [info] [edge_elements.cpp:287] [create] Created (HwReadEl7best/conv62_97 | hw_frame_size: 30720)
[2026-08-28 16:21:11.246] [4623] [HailoRT] [info] [queue_elements.cpp:657] [create] Created (PullQEl_nms7best/conv62_97 | timeout: 10s)
[2026-08-28 16:21:11.246] [4623] [HailoRT] [info] [edge_elements.cpp:287] [create] Created (HwReadEl6best/conv63_97 | hw_frame_size: 480)
[2026-08-28 16:21:11.246] [4623] [HailoRT] [info] [queue_elements.cpp:657] [create] Created (PullQEl_nms6best/conv63_97 | timeout: 10s)
[2026-08-28 16:21:11.246] [4623] [HailoRT] [info] [queue_elements.cpp:800] [create] Created (UserBufQEl_post_infer0best/yolov8_nms_postprocess | timeout: 10s)
[2026-08-28 16:21:11.246] [4623] [HailoRT] [info] [vstream.cpp:1114] [OutputVStreamImpl] Creating best/yolov8_nms_postprocess...
[2026-08-28 16:21:11.246] [4623] [HailoRT] [info] [vstream_builder.cpp:622] [create_output_post_process_nms] Output pipeline 'best/yolov8_nms_postprocess': HW >> (HwReadEl1best/conv41_97 | hw_frame_size: 409600) >> (PullQEl_nms1best/conv41_97) >> (HwReadEl0best/conv42_97 | hw_frame_size: 6400) >> (PullQEl_nms0best/conv42_97) >> (HwReadEl4best/conv52_97 | hw_frame_size: 102400) >> (PullQEl_nms4best/conv52_97) >> (HwReadEl2best/conv53_97 | hw_frame_size: 1600) >> (PullQEl_nms2best/conv53_97) >> (HwReadEl7best/conv62_97 | hw_frame_size: 30720) >> (PullQEl_nms7best/conv62_97) >> (HwReadEl6best/conv63_97 | hw_frame_size: 480) >> (PullQEl_nms6best/conv63_97) >> (NmsPPMuxEl0YOLOV8-Post-Process | Op YOLOV8, Name: YOLOV8-Post-Process, Score threshold: 0.250, IoU threshold: 0.70, Classes: 1, Cross classes: false, NMS results order: BY_CLASS, Max bboxes per class: 100, Image height: 640, Image width: 640) >> (UserBufQEl_post_infer0best/yolov8_nms_postprocess | timeout: 10s)
[2026-08-28 16:21:11.256] [6919] [HailoRT] [info] [vdevice_native_stream.cpp:331] [read_impl] Failed read from stream HAILO_STREAM_ABORT(63) (device: 0001:01:00.0)
[2026-08-28 16:21:11.256] [6919] [HailoRT] [info] [edge_elements.cpp:396] [run_pull] Reading from stream was aborted!
[2026-08-28 16:21:11.256] [6920] [HailoRT] [info] [vdevice_native_stream.cpp:331] [read_impl] Failed read from stream HAILO_STREAM_ABORT(63) (device: 0001:01:00.0)
[2026-08-28 16:21:11.256] [6920] [HailoRT] [info] [edge_elements.cpp:396] [run_pull] Reading from stream was aborted!
[2026-08-28 16:21:11.256] [6921] [HailoRT] [info] [vdevice_native_stream.cpp:331] [read_impl] Failed read from stream HAILO_STREAM_ABORT(63) (device: 0001:01:00.0)
[2026-08-28 16:21:11.256] [6920] [HailoRT] [info] [queue_elements.cpp:738] [run_in_thread] run_pull of queue element PullQEl_nms4best/conv52_97 was aborted!
[2026-08-28 16:21:11.256] [6921] [HailoRT] [info] [edge_elements.cpp:396] [run_pull] Reading from stream was aborted!
[2026-08-28 16:21:11.256] [6923] [HailoRT] [info] [vdevice_native_stream.cpp:331] [read_impl] Failed read from stream HAILO_STREAM_ABORT(63) (device: 0001:01:00.0)
[2026-08-28 16:21:11.256] [6921] [HailoRT] [info] [queue_elements.cpp:738] [run_in_thread] run_pull of queue element PullQEl_nms2best/conv53_97 was aborted!
[2026-08-28 16:21:11.256] [6922] [HailoRT] [info] [vdevice_native_stream.cpp:331] [read_impl] Failed read from stream HAILO_STREAM_ABORT(63) (device: 0001:01:00.0)
[2026-08-28 16:21:11.256] [6922] [HailoRT] [info] [edge_elements.cpp:396] [run_pull] Reading from stream was aborted!
[2026-08-28 16:21:11.256] [6923] [HailoRT] [info] [edge_elements.cpp:396] [run_pull] Reading from stream was aborted!
[2026-08-28 16:21:11.256] [6918] [HailoRT] [info] [vdevice_native_stream.cpp:331] [read_impl] Failed read from stream HAILO_STREAM_ABORT(63) (device: 0001:01:00.0)
[2026-08-28 16:21:11.256] [6919] [HailoRT] [info] [queue_elements.cpp:738] [run_in_thread] run_pull of queue element PullQEl_nms0best/conv42_97 was aborted!
[2026-08-28 16:21:11.256] [6918] [HailoRT] [info] [edge_elements.cpp:396] [run_pull] Reading from stream was aborted!
[2026-08-28 16:21:11.256] [6923] [HailoRT] [info] [queue_elements.cpp:738] [run_in_thread] run_pull of queue element PullQEl_nms6best/conv63_97 was aborted!
[2026-08-28 16:21:11.256] [6918] [HailoRT] [info] [queue_elements.cpp:738] [run_in_thread] run_pull of queue element PullQEl_nms1best/conv41_97 was aborted!
[2026-08-28 16:21:11.256] [6922] [HailoRT] [info] [queue_elements.cpp:738] [run_in_thread] run_pull of queue element PullQEl_nms7best/conv62_97 was aborted!
[2026-08-28 16:21:11.256] [6924] [HailoRT] [info] [queue_elements.cpp:68] [operator()] Thread in element UserBufQEl_post_infer0best/yolov8_nms_postprocess is not running anymore, exiting..
[2026-08-28 16:21:11.256] [4623] [HailoRT] [info] [queue_elements.cpp:46] [~BaseQueueElement] Queue element UserBufQEl_post_infer0best/yolov8_nms_postprocess has 0 frames in his Queue on destruction
[2026-08-28 16:21:11.257] [6923] [HailoRT] [info] [queue_elements.cpp:68] [operator()] Thread in element PullQEl_nms6best/conv63_97 is not running anymore, exiting..
[2026-08-28 16:21:11.257] [4623] [HailoRT] [info] [queue_elements.cpp:46] [~BaseQueueElement] Queue element PullQEl_nms6best/conv63_97 has 0 frames in his Queue on destruction
[2026-08-28 16:21:11.257] [6922] [HailoRT] [info] [queue_elements.cpp:68] [operator()] Thread in element PullQEl_nms7best/conv62_97 is not running anymore, exiting..
[2026-08-28 16:21:11.257] [4623] [HailoRT] [info] [queue_elements.cpp:46] [~BaseQueueElement] Queue element PullQEl_nms7best/conv62_97 has 0 frames in his Queue on destruction
[2026-08-28 16:21:11.257] [6921] [HailoRT] [info] [queue_elements.cpp:68] [operator()] Thread in element PullQEl_nms2best/conv53_97 is not running anymore, exiting..
[2026-08-28 16:21:11.257] [4623] [HailoRT] [info] [queue_elements.cpp:46] [~BaseQueueElement] Queue element PullQEl_nms2best/conv53_97 has 0 frames in his Queue on destruction
[2026-08-28 16:21:11.257] [6920] [HailoRT] [info] [queue_elements.cpp:68] [operator()] Thread in element PullQEl_nms4best/conv52_97 is not running anymore, exiting..
[2026-08-28 16:21:11.257] [4623] [HailoRT] [info] [queue_elements.cpp:46] [~BaseQueueElement] Queue element PullQEl_nms4best/conv52_97 has 0 frames in his Queue on destruction
[2026-08-28 16:21:11.257] [6919] [HailoRT] [info] [queue_elements.cpp:68] [operator()] Thread in element PullQEl_nms0best/conv42_97 is not running anymore, exiting..
[2026-08-28 16:21:11.257] [4623] [HailoRT] [info] [queue_elements.cpp:46] [~BaseQueueElement] Queue element PullQEl_nms0best/conv42_97 has 0 frames in his Queue on destruction
[2026-08-28 16:21:11.257] [6918] [HailoRT] [info] [queue_elements.cpp:68] [operator()] Thread in element PullQEl_nms1best/conv41_97 is not running anymore, exiting..
[2026-08-28 16:21:11.257] [4623] [HailoRT] [info] [queue_elements.cpp:46] [~BaseQueueElement] Queue element PullQEl_nms1best/conv41_97 has 0 frames in his Queue on destruction
[2026-08-28 16:21:11.257] [6917] [HailoRT] [info] [queue_elements.cpp:68] [operator()] Thread in element PushQEl3best/input_layer1 is not running anymore, exiting..
[2026-08-28 16:21:11.257] [4623] [HailoRT] [info] [queue_elements.cpp:46] [~BaseQueueElement] Queue element PushQEl3best/input_layer1 has 0 frames in his Queue on destruction
[2026-08-28 16:21:11.257] [4623] [HailoRT] [info] [core_op.cpp:186] [deactivate] Deactivating took 0.40104 ms
[2026-08-28 16:21:11.257] [4623] [HailoRT] [info] [core_op.cpp:186] [deactivate] Deactivating took 0.409817 ms
[2026-08-28 16:21:11.278] [4623] [HailoRT] [info] [core_op.cpp:156] [activate] Activating best took 0.440483 milliseconds. Note that the function is asynchronous and thus the network is not fully activated yet.
[2026-08-28 16:21:11.278] [4623] [HailoRT] [info] [core_op.cpp:156] [activate] Activating best took 0.460982 milliseconds. Note that the function is asynchronous and thus the network is not fully activated yet.
[2026-08-28 16:21:11.278] [4623] [HailoRT] [info] [edge_elements.cpp:52] [create] Created (HwWriteEl3best/input_layer1 | hw_frame_size: 1228800)
[2026-08-28 16:21:11.278] [4623] [HailoRT] [info] [queue_elements.cpp:284] [create] Created (PushQEl3best/input_layer1 | timeout: 10s)
[2026-08-28 16:21:11.278] [4623] [HailoRT] [info] [filter_elements.cpp:101] [create] Created (PreInferEl3best/input_layer1 | Reorder - src_order: NHWC, src_shape: (640, 640, 3), dst_order: NHCW, dst_shape: (640, 640, 3))
[2026-08-28 16:21:11.278] [4623] [HailoRT] [info] [vstream.cpp:754] [InputVStreamImpl] Creating best/input_layer1...
[2026-08-28 16:21:11.278] [4623] [HailoRT] [info] [vstream_builder.cpp:102] [create_inputs] Input pipeline 'best/input_layer1': (PreInferEl3best/input_layer1 | Reorder - src_order: NHWC, src_shape: (640, 640, 3), dst_order: NHCW, dst_shape: (640, 640, 3)) >> (PushQEl3best/input_layer1 | timeout: 10s) >> (HwWriteEl3best/input_layer1 | hw_frame_size: 1228800) >> HW
[2026-08-28 16:21:11.278] [4623] [HailoRT] [info] [multi_io_elements.cpp:135] [create] Created (NmsPPMuxEl0YOLOV8-Post-Process | Op YOLOV8, Name: YOLOV8-Post-Process, Score threshold: 0.250, IoU threshold: 0.70, Classes: 1, Cross classes: false, NMS results order: BY_CLASS, Max bboxes per class: 100, Image height: 640, Image width: 640)
[2026-08-28 16:21:11.278] [4623] [HailoRT] [info] [edge_elements.cpp:287] [create] Created (HwReadEl1best/conv41_97 | hw_frame_size: 409600)
[2026-08-28 16:21:11.278] [4623] [HailoRT] [info] [queue_elements.cpp:657] [create] Created (PullQEl_nms1best/conv41_97 | timeout: 10s)
[2026-08-28 16:21:11.278] [4623] [HailoRT] [info] [edge_elements.cpp:287] [create] Created (HwReadEl0best/conv42_97 | hw_frame_size: 6400)
[2026-08-28 16:21:11.278] [4623] [HailoRT] [info] [queue_elements.cpp:657] [create] Created (PullQEl_nms0best/conv42_97 | timeout: 10s)
[2026-08-28 16:21:11.278] [4623] [HailoRT] [info] [edge_elements.cpp:287] [create] Created (HwReadEl4best/conv52_97 | hw_frame_size: 102400)
[2026-08-28 16:21:11.278] [4623] [HailoRT] [info] [queue_elements.cpp:657] [create] Created (PullQEl_nms4best/conv52_97 | timeout: 10s)
[2026-08-28 16:21:11.278] [4623] [HailoRT] [info] [edge_elements.cpp:287] [create] Created (HwReadEl2best/conv53_97 | hw_frame_size: 1600)
[2026-08-28 16:21:11.278] [4623] [HailoRT] [info] [queue_elements.cpp:657] [create] Created (PullQEl_nms2best/conv53_97 | timeout: 10s)
[2026-08-28 16:21:11.278] [4623] [HailoRT] [info] [edge_elements.cpp:287] [create] Created (HwReadEl7best/conv62_97 | hw_frame_size: 30720)
[2026-08-28 16:21:11.278] [4623] [HailoRT] [info] [queue_elements.cpp:657] [create] Created (PullQEl_nms7best/conv62_97 | timeout: 10s)
[2026-08-28 16:21:11.278] [4623] [HailoRT] [info] [edge_elements.cpp:287] [create] Created (HwReadEl6best/conv63_97 | hw_frame_size: 480)
[2026-08-28 16:21:11.278] [4623] [HailoRT] [info] [queue_elements.cpp:657] [create] Created (PullQEl_nms6best/conv63_97 | timeout: 10s)
[2026-08-28 16:21:11.278] [4623] [HailoRT] [info] [queue_elements.cpp:800] [create] Created (UserBufQEl_post_infer0best/yolov8_nms_postprocess | timeout: 10s)
[2026-08-28 16:21:11.279] [4623] [HailoRT] [info] [vstream.cpp:1114] [OutputVStreamImpl] Creating best/yolov8_nms_postprocess...
[2026-08-28 16:21:11.279] [4623] [HailoRT] [info] [vstream_builder.cpp:622] [create_output_post_process_nms] Output pipeline 'best/yolov8_nms_postprocess': HW >> (HwReadEl1best/conv41_97 | hw_frame_size: 409600) >> (PullQEl_nms1best/conv41_97) >> (HwReadEl0best/conv42_97 | hw_frame_size: 6400) >> (PullQEl_nms0best/conv42_97) >> (HwReadEl4best/conv52_97 | hw_frame_size: 102400) >> (PullQEl_nms4best/conv52_97) >> (HwReadEl2best/conv53_97 | hw_frame_size: 1600) >> (PullQEl_nms2best/conv53_97) >> (HwReadEl7best/conv62_97 | hw_frame_size: 30720) >> (PullQEl_nms7best/conv62_97) >> (HwReadEl6best/conv63_97 | hw_frame_size: 480) >> (PullQEl_nms6best/conv63_97) >> (NmsPPMuxEl0YOLOV8-Post-Process | Op YOLOV8, Name: YOLOV8-Post-Process, Score threshold: 0.250, IoU threshold: 0.70, Classes: 1, Cross classes: false, NMS results order: BY_CLASS, Max bboxes per class: 100, Image height: 640, Image width: 640) >> (UserBufQEl_post_infer0best/yolov8_nms_postprocess | timeout: 10s)
[2026-08-28 16:21:11.289] [6928] [HailoRT] [info] [vdevice_native_stream.cpp:331] [read_impl] Failed read from stream HAILO_STREAM_ABORT(63) (device: 0001:01:00.0)
[2026-08-28 16:21:11.289] [6932] [HailoRT] [info] [vdevice_native_stream.cpp:331] [read_impl] Failed read from stream HAILO_STREAM_ABORT(63) (device: 0001:01:00.0)
[2026-08-28 16:21:11.289] [6932] [HailoRT] [info] [edge_elements.cpp:396] [run_pull] Reading from stream was aborted!
[2026-08-28 16:21:11.289] [6931] [HailoRT] [info] [vdevice_native_stream.cpp:331] [read_impl] Failed read from stream HAILO_STREAM_ABORT(63) (device: 0001:01:00.0)
[2026-08-28 16:21:11.289] [6933] [HailoRT] [info] [vdevice_native_stream.cpp:331] [read_impl] Failed read from stream HAILO_STREAM_ABORT(63) (device: 0001:01:00.0)
[2026-08-28 16:21:11.289] [6932] [HailoRT] [info] [queue_elements.cpp:738] [run_in_thread] run_pull of queue element PullQEl_nms7best/conv62_97 was aborted!
[2026-08-28 16:21:11.289] [6928] [HailoRT] [info] [edge_elements.cpp:396] [run_pull] Reading from stream was aborted!
[2026-08-28 16:21:11.289] [6930] [HailoRT] [info] [vdevice_native_stream.cpp:331] [read_impl] Failed read from stream HAILO_STREAM_ABORT(63) (device: 0001:01:00.0)
[2026-08-28 16:21:11.289] [6930] [HailoRT] [info] [edge_elements.cpp:396] [run_pull] Reading from stream was aborted!
[2026-08-28 16:21:11.289] [6931] [HailoRT] [info] [edge_elements.cpp:396] [run_pull] Reading from stream was aborted!
[2026-08-28 16:21:11.289] [6929] [HailoRT] [info] [vdevice_native_stream.cpp:331] [read_impl] Failed read from stream HAILO_STREAM_ABORT(63) (device: 0001:01:00.0)
[2026-08-28 16:21:11.289] [6931] [HailoRT] [info] [queue_elements.cpp:738] [run_in_thread] run_pull of queue element PullQEl_nms2best/conv53_97 was aborted!
[2026-08-28 16:21:11.289] [6933] [HailoRT] [info] [edge_elements.cpp:396] [run_pull] Reading from stream was aborted!
[2026-08-28 16:21:11.289] [6929] [HailoRT] [info] [edge_elements.cpp:396] [run_pull] Reading from stream was aborted!
[2026-08-28 16:21:11.289] [6928] [HailoRT] [info] [queue_elements.cpp:738] [run_in_thread] run_pull of queue element PullQEl_nms1best/conv41_97 was aborted!
[2026-08-28 16:21:11.289] [6930] [HailoRT] [info] [queue_elements.cpp:738] [run_in_thread] run_pull of queue element PullQEl_nms4best/conv52_97 was aborted!
[2026-08-28 16:21:11.289] [6929] [HailoRT] [info] [queue_elements.cpp:738] [run_in_thread] run_pull of queue element PullQEl_nms0best/conv42_97 was aborted!
[2026-08-28 16:21:11.289] [6933] [HailoRT] [info] [queue_elements.cpp:738] [run_in_thread] run_pull of queue element PullQEl_nms6best/conv63_97 was aborted!
[2026-08-28 16:21:11.289] [6934] [HailoRT] [info] [queue_elements.cpp:68] [operator()] Thread in element UserBufQEl_post_infer0best/yolov8_nms_postprocess is not running anymore, exiting..
[2026-08-28 16:21:11.289] [4623] [HailoRT] [info] [queue_elements.cpp:46] [~BaseQueueElement] Queue element UserBufQEl_post_infer0best/yolov8_nms_postprocess has 0 frames in his Queue on destruction
[2026-08-28 16:21:11.289] [6933] [HailoRT] [info] [queue_elements.cpp:68] [operator()] Thread in element PullQEl_nms6best/conv63_97 is not running anymore, exiting..
[2026-08-28 16:21:11.289] [4623] [HailoRT] [info] [queue_elements.cpp:46] [~BaseQueueElement] Queue element PullQEl_nms6best/conv63_97 has 0 frames in his Queue on destruction
[2026-08-28 16:21:11.289] [6932] [HailoRT] [info] [queue_elements.cpp:68] [operator()] Thread in element PullQEl_nms7best/conv62_97 is not running anymore, exiting..
[2026-08-28 16:21:11.289] [4623] [HailoRT] [info] [queue_elements.cpp:46] [~BaseQueueElement] Queue element PullQEl_nms7best/conv62_97 has 0 frames in his Queue on destruction
[2026-08-28 16:21:11.289] [6931] [HailoRT] [info] [queue_elements.cpp:68] [operator()] Thread in element PullQEl_nms2best/conv53_97 is not running anymore, exiting..
[2026-08-28 16:21:11.289] [4623] [HailoRT] [info] [queue_elements.cpp:46] [~BaseQueueElement] Queue element PullQEl_nms2best/conv53_97 has 0 frames in his Queue on destruction
[2026-08-28 16:21:11.289] [6930] [HailoRT] [info] [queue_elements.cpp:68] [operator()] Thread in element PullQEl_nms4best/conv52_97 is not running anymore, exiting..
[2026-08-28 16:21:11.289] [4623] [HailoRT] [info] [queue_elements.cpp:46] [~BaseQueueElement] Queue element PullQEl_nms4best/conv52_97 has 0 frames in his Queue on destruction
[2026-08-28 16:21:11.289] [6929] [HailoRT] [info] [queue_elements.cpp:68] [operator()] Thread in element PullQEl_nms0best/conv42_97 is not running anymore, exiting..
[2026-08-28 16:21:11.289] [4623] [HailoRT] [info] [queue_elements.cpp:46] [~BaseQueueElement] Queue element PullQEl_nms0best/conv42_97 has 0 frames in his Queue on destruction
[2026-08-28 16:21:11.289] [6928] [HailoRT] [info] [queue_elements.cpp:68] [operator()] Thread in element PullQEl_nms1best/conv41_97 is not running anymore, exiting..
[2026-08-28 16:21:11.289] [4623] [HailoRT] [info] [queue_elements.cpp:46] [~BaseQueueElement] Queue element PullQEl_nms1best/conv41_97 has 0 frames in his Queue on destruction
[2026-08-28 16:21:11.289] [6927] [HailoRT] [info] [queue_elements.cpp:68] [operator()] Thread in element PushQEl3best/input_layer1 is not running anymore, exiting..
[2026-08-28 16:21:11.289] [4623] [HailoRT] [info] [queue_elements.cpp:46] [~BaseQueueElement] Queue element PushQEl3best/input_layer1 has 0 frames in his Queue on destruction
[2026-08-28 16:21:11.290] [4623] [HailoRT] [info] [core_op.cpp:186] [deactivate] Deactivating took 0.40254 ms
[2026-08-28 16:21:11.290] [4623] [HailoRT] [info] [core_op.cpp:186] [deactivate] Deactivating took 0.410965 ms
[2026-08-28 16:21:11.310] [4623] [HailoRT] [info] [core_op.cpp:156] [activate] Activating best took 0.454537 milliseconds. Note that the function is asynchronous and thus the network is not fully activated yet.
[2026-08-28 16:21:11.310] [4623] [HailoRT] [info] [core_op.cpp:156] [activate] Activating best took 0.47413 milliseconds. Note that the function is asynchronous and thus the network is not fully activated yet.
[2026-08-28 16:21:11.310] [4623] [HailoRT] [info] [edge_elements.cpp:52] [create] Created (HwWriteEl3best/input_layer1 | hw_frame_size: 1228800)
[2026-08-28 16:21:11.310] [4623] [HailoRT] [info] [queue_elements.cpp:284] [create] Created (PushQEl3best/input_layer1 | timeout: 10s)
[2026-08-28 16:21:11.310] [4623] [HailoRT] [info] [filter_elements.cpp:101] [create] Created (PreInferEl3best/input_layer1 | Reorder - src_order: NHWC, src_shape: (640, 640, 3), dst_order: NHCW, dst_shape: (640, 640, 3))
[2026-08-28 16:21:11.310] [4623] [HailoRT] [info] [vstream.cpp:754] [InputVStreamImpl] Creating best/input_layer1...
[2026-08-28 16:21:11.310] [4623] [HailoRT] [info] [vstream_builder.cpp:102] [create_inputs] Input pipeline 'best/input_layer1': (PreInferEl3best/input_layer1 | Reorder - src_order: NHWC, src_shape: (640, 640, 3), dst_order: NHCW, dst_shape: (640, 640, 3)) >> (PushQEl3best/input_layer1 | timeout: 10s) >> (HwWriteEl3best/input_layer1 | hw_frame_size: 1228800) >> HW
[2026-08-28 16:21:11.310] [4623] [HailoRT] [info] [multi_io_elements.cpp:135] [create] Created (NmsPPMuxEl0YOLOV8-Post-Process | Op YOLOV8, Name: YOLOV8-Post-Process, Score threshold: 0.250, IoU threshold: 0.70, Classes: 1, Cross classes: false, NMS results order: BY_CLASS, Max bboxes per class: 100, Image height: 640, Image width: 640)
[2026-08-28 16:21:11.310] [4623] [HailoRT] [info] [edge_elements.cpp:287] [create] Created (HwReadEl1best/conv41_97 | hw_frame_size: 409600)
[2026-08-28 16:21:11.310] [4623] [HailoRT] [info] [queue_elements.cpp:657] [create] Created (PullQEl_nms1best/conv41_97 | timeout: 10s)
[2026-08-28 16:21:11.311] [4623] [HailoRT] [info] [edge_elements.cpp:287] [create] Created (HwReadEl0best/conv42_97 | hw_frame_size: 6400)
[2026-08-28 16:21:11.311] [4623] [HailoRT] [info] [queue_elements.cpp:657] [create] Created (PullQEl_nms0best/conv42_97 | timeout: 10s)
[2026-08-28 16:21:11.311] [4623] [HailoRT] [info] [edge_elements.cpp:287] [create] Created (HwReadEl4best/conv52_97 | hw_frame_size: 102400)
[2026-08-28 16:21:11.311] [4623] [HailoRT] [info] [queue_elements.cpp:657] [create] Created (PullQEl_nms4best/conv52_97 | timeout: 10s)
[2026-08-28 16:21:11.311] [4623] [HailoRT] [info] [edge_elements.cpp:287] [create] Created (HwReadEl2best/conv53_97 | hw_frame_size: 1600)
[2026-08-28 16:21:11.311] [4623] [HailoRT] [info] [queue_elements.cpp:657] [create] Created (PullQEl_nms2best/conv53_97 | timeout: 10s)
[2026-08-28 16:21:11.311] [4623] [HailoRT] [info] [edge_elements.cpp:287] [create] Created (HwReadEl7best/conv62_97 | hw_frame_size: 30720)
[2026-08-28 16:21:11.311] [4623] [HailoRT] [info] [queue_elements.cpp:657] [create] Created (PullQEl_nms7best/conv62_97 | timeout: 10s)
[2026-08-28 16:21:11.311] [4623] [HailoRT] [info] [edge_elements.cpp:287] [create] Created (HwReadEl6best/conv63_97 | hw_frame_size: 480)
[2026-08-28 16:21:11.311] [4623] [HailoRT] [info] [queue_elements.cpp:657] [create] Created (PullQEl_nms6best/conv63_97 | timeout: 10s)
[2026-08-28 16:21:11.311] [4623] [HailoRT] [info] [queue_elements.cpp:800] [create] Created (UserBufQEl_post_infer0best/yolov8_nms_postprocess | timeout: 10s)
[2026-08-28 16:21:11.311] [4623] [HailoRT] [info] [vstream.cpp:1114] [OutputVStreamImpl] Creating best/yolov8_nms_postprocess...
[2026-08-28 16:21:11.311] [4623] [HailoRT] [info] [vstream_builder.cpp:622] [create_output_post_process_nms] Output pipeline 'best/yolov8_nms_postprocess': HW >> (HwReadEl1best/conv41_97 | hw_frame_size: 409600) >> (PullQEl_nms1best/conv41_97) >> (HwReadEl0best/conv42_97 | hw_frame_size: 6400) >> (PullQEl_nms0best/conv42_97) >> (HwReadEl4best/conv52_97 | hw_frame_size: 102400) >> (PullQEl_nms4best/conv52_97) >> (HwReadEl2best/conv53_97 | hw_frame_size: 1600) >> (PullQEl_nms2best/conv53_97) >> (HwReadEl7best/conv62_97 | hw_frame_size: 30720) >> (PullQEl_nms7best/conv62_97) >> (HwReadEl6best/conv63_97 | hw_frame_size: 480) >> (PullQEl_nms6best/conv63_97) >> (NmsPPMuxEl0YOLOV8-Post-Process | Op YOLOV8, Name: YOLOV8-Post-Process, Score threshold: 0.250, IoU threshold: 0.70, Classes: 1, Cross classes: false, NMS results order: BY_CLASS, Max bboxes per class: 100, Image height: 640, Image width: 640) >> (UserBufQEl_post_infer0best/yolov8_nms_postprocess | timeout: 10s)
[2026-08-28 16:21:11.321] [6938] [HailoRT] [info] [vdevice_native_stream.cpp:331] [read_impl] Failed read from stream HAILO_STREAM_ABORT(63) (device: 0001:01:00.0)
[2026-08-28 16:21:11.321] [6942] [HailoRT] [info] [vdevice_native_stream.cpp:331] [read_impl] Failed read from stream HAILO_STREAM_ABORT(63) (device: 0001:01:00.0)
[2026-08-28 16:21:11.321] [6942] [HailoRT] [info] [edge_elements.cpp:396] [run_pull] Reading from stream was aborted!
[2026-08-28 16:21:11.321] [6943] [HailoRT] [info] [vdevice_native_stream.cpp:331] [read_impl] Failed read from stream HAILO_STREAM_ABORT(63) (device: 0001:01:00.0)
[2026-08-28 16:21:11.321] [6940] [HailoRT] [info] [vdevice_native_stream.cpp:331] [read_impl] Failed read from stream HAILO_STREAM_ABORT(63) (device: 0001:01:00.0)
[2026-08-28 16:21:11.321] [6941] [HailoRT] [info] [vdevice_native_stream.cpp:331] [read_impl] Failed read from stream HAILO_STREAM_ABORT(63) (device: 0001:01:00.0)
[2026-08-28 16:21:11.321] [6942] [HailoRT] [info] [queue_elements.cpp:738] [run_in_thread] run_pull of queue element PullQEl_nms7best/conv62_97 was aborted!
[2026-08-28 16:21:11.321] [6941] [HailoRT] [info] [edge_elements.cpp:396] [run_pull] Reading from stream was aborted!
[2026-08-28 16:21:11.321] [6940] [HailoRT] [info] [edge_elements.cpp:396] [run_pull] Reading from stream was aborted!
[2026-08-28 16:21:11.321] [6941] [HailoRT] [info] [queue_elements.cpp:738] [run_in_thread] run_pull of queue element PullQEl_nms2best/conv53_97 was aborted!
[2026-08-28 16:21:11.321] [6940] [HailoRT] [info] [queue_elements.cpp:738] [run_in_thread] run_pull of queue element PullQEl_nms4best/conv52_97 was aborted!
[2026-08-28 16:21:11.321] [6939] [HailoRT] [info] [vdevice_native_stream.cpp:331] [read_impl] Failed read from stream HAILO_STREAM_ABORT(63) (device: 0001:01:00.0)
[2026-08-28 16:21:11.321] [6939] [HailoRT] [info] [edge_elements.cpp:396] [run_pull] Reading from stream was aborted!
[2026-08-28 16:21:11.321] [6943] [HailoRT] [info] [edge_elements.cpp:396] [run_pull] Reading from stream was aborted!
[2026-08-28 16:21:11.321] [6938] [HailoRT] [info] [edge_elements.cpp:396] [run_pull] Reading from stream was aborted!
[2026-08-28 16:21:11.321] [6939] [HailoRT] [info] [queue_elements.cpp:738] [run_in_thread] run_pull of queue element PullQEl_nms0best/conv42_97 was aborted!
[2026-08-28 16:21:11.321] [6943] [HailoRT] [info] [queue_elements.cpp:738] [run_in_thread] run_pull of queue element PullQEl_nms6best/conv63_97 was aborted!
[2026-08-28 16:21:11.321] [6938] [HailoRT] [info] [queue_elements.cpp:738] [run_in_thread] run_pull of queue element PullQEl_nms1best/conv41_97 was aborted!
[2026-08-28 16:21:11.321] [6944] [HailoRT] [info] [queue_elements.cpp:68] [operator()] Thread in element UserBufQEl_post_infer0best/yolov8_nms_postprocess is not running anymore, exiting..
[2026-08-28 16:21:11.321] [4623] [HailoRT] [info] [queue_elements.cpp:46] [~BaseQueueElement] Queue element UserBufQEl_post_infer0best/yolov8_nms_postprocess has 0 frames in his Queue on destruction
[2026-08-28 16:21:11.321] [6943] [HailoRT] [info] [queue_elements.cpp:68] [operator()] Thread in element PullQEl_nms6best/conv63_97 is not running anymore, exiting..
[2026-08-28 16:21:11.321] [4623] [HailoRT] [info] [queue_elements.cpp:46] [~BaseQueueElement] Queue element PullQEl_nms6best/conv63_97 has 0 frames in his Queue on destruction
[2026-08-28 16:21:11.321] [6942] [HailoRT] [info] [queue_elements.cpp:68] [operator()] Thread in element PullQEl_nms7best/conv62_97 is not running anymore, exiting..
[2026-08-28 16:21:11.321] [4623] [HailoRT] [info] [queue_elements.cpp:46] [~BaseQueueElement] Queue element PullQEl_nms7best/conv62_97 has 0 frames in his Queue on destruction
[2026-08-28 16:21:11.322] [6941] [HailoRT] [info] [queue_elements.cpp:68] [operator()] Thread in element PullQEl_nms2best/conv53_97 is not running anymore, exiting..
[2026-08-28 16:21:11.322] [4623] [HailoRT] [info] [queue_elements.cpp:46] [~BaseQueueElement] Queue element PullQEl_nms2best/conv53_97 has 0 frames in his Queue on destruction
[2026-08-28 16:21:11.322] [6940] [HailoRT] [info] [queue_elements.cpp:68] [operator()] Thread in element PullQEl_nms4best/conv52_97 is not running anymore, exiting..
[2026-08-28 16:21:11.322] [4623] [HailoRT] [info] [queue_elements.cpp:46] [~BaseQueueElement] Queue element PullQEl_nms4best/conv52_97 has 0 frames in his Queue on destruction
[2026-08-28 16:21:11.322] [6939] [HailoRT] [info] [queue_elements.cpp:68] [operator()] Thread in element PullQEl_nms0best/conv42_97 is not running anymore, exiting..
[2026-08-28 16:21:11.322] [4623] [HailoRT] [info] [queue_elements.cpp:46] [~BaseQueueElement] Queue element PullQEl_nms0best/conv42_97 has 0 frames in his Queue on destruction
[2026-08-28 16:21:11.322] [6938] [HailoRT] [info] [queue_elements.cpp:68] [operator()] Thread in element PullQEl_nms1best/conv41_97 is not running anymore, exiting..
[2026-08-28 16:21:11.322] [4623] [HailoRT] [info] [queue_elements.cpp:46] [~BaseQueueElement] Queue element PullQEl_nms1best/conv41_97 has 0 frames in his Queue on destruction
[2026-08-28 16:21:11.322] [6937] [HailoRT] [info] [queue_elements.cpp:68] [operator()] Thread in element PushQEl3best/input_layer1 is not running anymore, exiting..
[2026-08-28 16:21:11.322] [4623] [HailoRT] [info] [queue_elements.cpp:46] [~BaseQueueElement] Queue element PushQEl3best/input_layer1 has 0 frames in his Queue on destruction
[2026-08-28 16:21:11.322] [4623] [HailoRT] [info] [core_op.cpp:186] [deactivate] Deactivating took 0.399614 ms
[2026-08-28 16:21:11.322] [4623] [HailoRT] [info] [core_op.cpp:186] [deactivate] Deactivating took 0.408022 ms
[2026-08-28 16:21:11.343] [4623] [HailoRT] [info] [core_op.cpp:156] [activate] Activating best took 0.439631 milliseconds. Note that the function is asynchronous and thus the network is not fully activated yet.
[2026-08-28 16:21:11.343] [4623] [HailoRT] [info] [core_op.cpp:156] [activate] Activating best took 0.459538 milliseconds. Note that the function is asynchronous and thus the network is not fully activated yet.
[2026-08-28 16:21:11.343] [4623] [HailoRT] [info] [edge_elements.cpp:52] [create] Created (HwWriteEl3best/input_layer1 | hw_frame_size: 1228800)
[2026-08-28 16:21:11.343] [4623] [HailoRT] [info] [queue_elements.cpp:284] [create] Created (PushQEl3best/input_layer1 | timeout: 10s)
[2026-08-28 16:21:11.343] [4623] [HailoRT] [info] [filter_elements.cpp:101] [create] Created (PreInferEl3best/input_layer1 | Reorder - src_order: NHWC, src_shape: (640, 640, 3), dst_order: NHCW, dst_shape: (640, 640, 3))
[2026-08-28 16:21:11.343] [4623] [HailoRT] [info] [vstream.cpp:754] [InputVStreamImpl] Creating best/input_layer1...
[2026-08-28 16:21:11.343] [4623] [HailoRT] [info] [vstream_builder.cpp:102] [create_inputs] Input pipeline 'best/input_layer1': (PreInferEl3best/input_layer1 | Reorder - src_order: NHWC, src_shape: (640, 640, 3), dst_order: NHCW, dst_shape: (640, 640, 3)) >> (PushQEl3best/input_layer1 | timeout: 10s) >> (HwWriteEl3best/input_layer1 | hw_frame_size: 1228800) >> HW
[2026-08-28 16:21:11.343] [4623] [HailoRT] [info] [multi_io_elements.cpp:135] [create] Created (NmsPPMuxEl0YOLOV8-Post-Process | Op YOLOV8, Name: YOLOV8-Post-Process, Score threshold: 0.250, IoU threshold: 0.70, Classes: 1, Cross classes: false, NMS results order: BY_CLASS, Max bboxes per class: 100, Image height: 640, Image width: 640)
[2026-08-28 16:21:11.343] [4623] [HailoRT] [info] [edge_elements.cpp:287] [create] Created (HwReadEl1best/conv41_97 | hw_frame_size: 409600)
[2026-08-28 16:21:11.343] [4623] [HailoRT] [info] [queue_elements.cpp:657] [create] Created (PullQEl_nms1best/conv41_97 | timeout: 10s)
[2026-08-28 16:21:11.343] [4623] [HailoRT] [info] [edge_elements.cpp:287] [create] Created (HwReadEl0best/conv42_97 | hw_frame_size: 6400)
[2026-08-28 16:21:11.343] [4623] [HailoRT] [info] [queue_elements.cpp:657] [create] Created (PullQEl_nms0best/conv42_97 | timeout: 10s)
[2026-08-28 16:21:11.343] [4623] [HailoRT] [info] [edge_elements.cpp:287] [create] Created (HwReadEl4best/conv52_97 | hw_frame_size: 102400)
[2026-08-28 16:21:11.343] [4623] [HailoRT] [info] [queue_elements.cpp:657] [create] Created (PullQEl_nms4best/conv52_97 | timeout: 10s)
[2026-08-28 16:21:11.343] [4623] [HailoRT] [info] [edge_elements.cpp:287] [create] Created (HwReadEl2best/conv53_97 | hw_frame_size: 1600)
[2026-08-28 16:21:11.343] [4623] [HailoRT] [info] [queue_elements.cpp:657] [create] Created (PullQEl_nms2best/conv53_97 | timeout: 10s)
[2026-08-28 16:21:11.343] [4623] [HailoRT] [info] [edge_elements.cpp:287] [create] Created (HwReadEl7best/conv62_97 | hw_frame_size: 30720)
[2026-08-28 16:21:11.343] [4623] [HailoRT] [info] [queue_elements.cpp:657] [create] Created (PullQEl_nms7best/conv62_97 | timeout: 10s)
[2026-08-28 16:21:11.343] [4623] [HailoRT] [info] [edge_elements.cpp:287] [create] Created (HwReadEl6best/conv63_97 | hw_frame_size: 480)
[2026-08-28 16:21:11.343] [4623] [HailoRT] [info] [queue_elements.cpp:657] [create] Created (PullQEl_nms6best/conv63_97 | timeout: 10s)
[2026-08-28 16:21:11.343] [4623] [HailoRT] [info] [queue_elements.cpp:800] [create] Created (UserBufQEl_post_infer0best/yolov8_nms_postprocess | timeout: 10s)
[2026-08-28 16:21:11.343] [4623] [HailoRT] [info] [vstream.cpp:1114] [OutputVStreamImpl] Creating best/yolov8_nms_postprocess...
[2026-08-28 16:21:11.343] [4623] [HailoRT] [info] [vstream_builder.cpp:622] [create_output_post_process_nms] Output pipeline 'best/yolov8_nms_postprocess': HW >> (HwReadEl1best/conv41_97 | hw_frame_size: 409600) >> (PullQEl_nms1best/conv41_97) >> (HwReadEl0best/conv42_97 | hw_frame_size: 6400) >> (PullQEl_nms0best/conv42_97) >> (HwReadEl4best/conv52_97 | hw_frame_size: 102400) >> (PullQEl_nms4best/conv52_97) >> (HwReadEl2best/conv53_97 | hw_frame_size: 1600) >> (PullQEl_nms2best/conv53_97) >> (HwReadEl7best/conv62_97 | hw_frame_size: 30720) >> (PullQEl_nms7best/conv62_97) >> (HwReadEl6best/conv63_97 | hw_frame_size: 480) >> (PullQEl_nms6best/conv63_97) >> (NmsPPMuxEl0YOLOV8-Post-Process | Op YOLOV8, Name: YOLOV8-Post-Process, Score threshold: 0.250, IoU threshold: 0.70, Classes: 1, Cross classes: false, NMS results order: BY_CLASS, Max bboxes per class: 100, Image height: 640, Image width: 640) >> (UserBufQEl_post_infer0best/yolov8_nms_postprocess | timeout: 10s)
[2026-08-28 16:21:11.354] [6949] [HailoRT] [info] [vdevice_native_stream.cpp:331] [read_impl] Failed read from stream HAILO_STREAM_ABORT(63) (device: 0001:01:00.0)
[2026-08-28 16:21:11.354] [6950] [HailoRT] [info] [vdevice_native_stream.cpp:331] [read_impl] Failed read from stream HAILO_STREAM_ABORT(63) (device: 0001:01:00.0)
[2026-08-28 16:21:11.354] [6951] [HailoRT] [info] [vdevice_native_stream.cpp:331] [read_impl] Failed read from stream HAILO_STREAM_ABORT(63) (device: 0001:01:00.0)
[2026-08-28 16:21:11.354] [6951] [HailoRT] [info] [edge_elements.cpp:396] [run_pull] Reading from stream was aborted!
[2026-08-28 16:21:11.354] [6950] [HailoRT] [info] [edge_elements.cpp:396] [run_pull] Reading from stream was aborted!
[2026-08-28 16:21:11.354] [6952] [HailoRT] [info] [vdevice_native_stream.cpp:331] [read_impl] Failed read from stream HAILO_STREAM_ABORT(63) (device: 0001:01:00.0)
[2026-08-28 16:21:11.354] [6948] [HailoRT] [info] [vdevice_native_stream.cpp:331] [read_impl] Failed read from stream HAILO_STREAM_ABORT(63) (device: 0001:01:00.0)
[2026-08-28 16:21:11.354] [6952] [HailoRT] [info] [edge_elements.cpp:396] [run_pull] Reading from stream was aborted!
[2026-08-28 16:21:11.354] [6953] [HailoRT] [info] [vdevice_native_stream.cpp:331] [read_impl] Failed read from stream HAILO_STREAM_ABORT(63) (device: 0001:01:00.0)
[2026-08-28 16:21:11.354] [6950] [HailoRT] [info] [queue_elements.cpp:738] [run_in_thread] run_pull of queue element PullQEl_nms4best/conv52_97 was aborted!
[2026-08-28 16:21:11.354] [6953] [HailoRT] [info] [edge_elements.cpp:396] [run_pull] Reading from stream was aborted!
[2026-08-28 16:21:11.354] [6952] [HailoRT] [info] [queue_elements.cpp:738] [run_in_thread] run_pull of queue element PullQEl_nms7best/conv62_97 was aborted!
[2026-08-28 16:21:11.354] [6953] [HailoRT] [info] [queue_elements.cpp:738] [run_in_thread] run_pull of queue element PullQEl_nms6best/conv63_97 was aborted!
[2026-08-28 16:21:11.354] [6949] [HailoRT] [info] [edge_elements.cpp:396] [run_pull] Reading from stream was aborted!
[2026-08-28 16:21:11.354] [6948] [HailoRT] [info] [edge_elements.cpp:396] [run_pull] Reading from stream was aborted!
[2026-08-28 16:21:11.354] [6949] [HailoRT] [info] [queue_elements.cpp:738] [run_in_thread] run_pull of queue element PullQEl_nms0best/conv42_97 was aborted!
[2026-08-28 16:21:11.354] [6948] [HailoRT] [info] [queue_elements.cpp:738] [run_in_thread] run_pull of queue element PullQEl_nms1best/conv41_97 was aborted!
[2026-08-28 16:21:11.354] [6951] [HailoRT] [info] [queue_elements.cpp:738] [run_in_thread] run_pull of queue element PullQEl_nms2best/conv53_97 was aborted!
[2026-08-28 16:21:11.354] [6954] [HailoRT] [info] [queue_elements.cpp:68] [operator()] Thread in element UserBufQEl_post_infer0best/yolov8_nms_postprocess is not running anymore, exiting..
[2026-08-28 16:21:11.354] [4623] [HailoRT] [info] [queue_elements.cpp:46] [~BaseQueueElement] Queue element UserBufQEl_post_infer0best/yolov8_nms_postprocess has 0 frames in his Queue on destruction
[2026-08-28 16:21:11.354] [6953] [HailoRT] [info] [queue_elements.cpp:68] [operator()] Thread in element PullQEl_nms6best/conv63_97 is not running anymore, exiting..
[2026-08-28 16:21:11.354] [4623] [HailoRT] [info] [queue_elements.cpp:46] [~BaseQueueElement] Queue element PullQEl_nms6best/conv63_97 has 0 frames in his Queue on destruction
[2026-08-28 16:21:11.354] [6952] [HailoRT] [info] [queue_elements.cpp:68] [operator()] Thread in element PullQEl_nms7best/conv62_97 is not running anymore, exiting..
[2026-08-28 16:21:11.354] [4623] [HailoRT] [info] [queue_elements.cpp:46] [~BaseQueueElement] Queue element PullQEl_nms7best/conv62_97 has 0 frames in his Queue on destruction
[2026-08-28 16:21:11.354] [6951] [HailoRT] [info] [queue_elements.cpp:68] [operator()] Thread in element PullQEl_nms2best/conv53_97 is not running anymore, exiting..
[2026-08-28 16:21:11.354] [4623] [HailoRT] [info] [queue_elements.cpp:46] [~BaseQueueElement] Queue element PullQEl_nms2best/conv53_97 has 0 frames in his Queue on destruction
[2026-08-28 16:21:11.354] [6950] [HailoRT] [info] [queue_elements.cpp:68] [operator()] Thread in element PullQEl_nms4best/conv52_97 is not running anymore, exiting..
[2026-08-28 16:21:11.354] [4623] [HailoRT] [info] [queue_elements.cpp:46] [~BaseQueueElement] Queue element PullQEl_nms4best/conv52_97 has 0 frames in his Queue on destruction
[2026-08-28 16:21:11.354] [6949] [HailoRT] [info] [queue_elements.cpp:68] [operator()] Thread in element PullQEl_nms0best/conv42_97 is not running anymore, exiting..
[2026-08-28 16:21:11.354] [4623] [HailoRT] [info] [queue_elements.cpp:46] [~BaseQueueElement] Queue element PullQEl_nms0best/conv42_97 has 0 frames in his Queue on destruction
[2026-08-28 16:21:11.354] [6948] [HailoRT] [info] [queue_elements.cpp:68] [operator()] Thread in element PullQEl_nms1best/conv41_97 is not running anymore, exiting..
[2026-08-28 16:21:11.354] [4623] [HailoRT] [info] [queue_elements.cpp:46] [~BaseQueueElement] Queue element PullQEl_nms1best/conv41_97 has 0 frames in his Queue on destruction
[2026-08-28 16:21:11.354] [6947] [HailoRT] [info] [queue_elements.cpp:68] [operator()] Thread in element PushQEl3best/input_layer1 is not running anymore, exiting..
[2026-08-28 16:21:11.354] [4623] [HailoRT] [info] [queue_elements.cpp:46] [~BaseQueueElement] Queue element PushQEl3best/input_layer1 has 0 frames in his Queue on destruction
[2026-08-28 16:21:11.355] [4623] [HailoRT] [info] [core_op.cpp:186] [deactivate] Deactivating took 0.401095 ms
[2026-08-28 16:21:11.355] [4623] [HailoRT] [info] [core_op.cpp:186] [deactivate] Deactivating took 0.409614 ms
[2026-08-28 16:21:11.375] [4623] [HailoRT] [info] [core_op.cpp:156] [activate] Activating best took 0.457834 milliseconds. Note that the function is asynchronous and thus the network is not fully activated yet.
[2026-08-28 16:21:11.375] [4623] [HailoRT] [info] [core_op.cpp:156] [activate] Activating best took 0.478371 milliseconds. Note that the function is asynchronous and thus the network is not fully activated yet.
[2026-08-28 16:21:11.375] [4623] [HailoRT] [info] [edge_elements.cpp:52] [create] Created (HwWriteEl3best/input_layer1 | hw_frame_size: 1228800)
[2026-08-28 16:21:11.375] [4623] [HailoRT] [info] [queue_elements.cpp:284] [create] Created (PushQEl3best/input_layer1 | timeout: 10s)
[2026-08-28 16:21:11.375] [4623] [HailoRT] [info] [filter_elements.cpp:101] [create] Created (PreInferEl3best/input_layer1 | Reorder - src_order: NHWC, src_shape: (640, 640, 3), dst_order: NHCW, dst_shape: (640, 640, 3))
[2026-08-28 16:21:11.375] [4623] [HailoRT] [info] [vstream.cpp:754] [InputVStreamImpl] Creating best/input_layer1...
[2026-08-28 16:21:11.375] [4623] [HailoRT] [info] [vstream_builder.cpp:102] [create_inputs] Input pipeline 'best/input_layer1': (PreInferEl3best/input_layer1 | Reorder - src_order: NHWC, src_shape: (640, 640, 3), dst_order: NHCW, dst_shape: (640, 640, 3)) >> (PushQEl3best/input_layer1 | timeout: 10s) >> (HwWriteEl3best/input_layer1 | hw_frame_size: 1228800) >> HW
[2026-08-28 16:21:11.375] [4623] [HailoRT] [info] [multi_io_elements.cpp:135] [create] Created (NmsPPMuxEl0YOLOV8-Post-Process | Op YOLOV8, Name: YOLOV8-Post-Process, Score threshold: 0.250, IoU threshold: 0.70, Classes: 1, Cross classes: false, NMS results order: BY_CLASS, Max bboxes per class: 100, Image height: 640, Image width: 640)
[2026-08-28 16:21:11.375] [4623] [HailoRT] [info] [edge_elements.cpp:287] [create] Created (HwReadEl1best/conv41_97 | hw_frame_size: 409600)
[2026-08-28 16:21:11.375] [4623] [HailoRT] [info] [queue_elements.cpp:657] [create] Created (PullQEl_nms1best/conv41_97 | timeout: 10s)
[2026-08-28 16:21:11.375] [4623] [HailoRT] [info] [edge_elements.cpp:287] [create] Created (HwReadEl0best/conv42_97 | hw_frame_size: 6400)
[2026-08-28 16:21:11.375] [4623] [HailoRT] [info] [queue_elements.cpp:657] [create] Created (PullQEl_nms0best/conv42_97 | timeout: 10s)
[2026-08-28 16:21:11.375] [4623] [HailoRT] [info] [edge_elements.cpp:287] [create] Created (HwReadEl4best/conv52_97 | hw_frame_size: 102400)
[2026-08-28 16:21:11.375] [4623] [HailoRT] [info] [queue_elements.cpp:657] [create] Created (PullQEl_nms4best/conv52_97 | timeout: 10s)
[2026-08-28 16:21:11.375] [4623] [HailoRT] [info] [edge_elements.cpp:287] [create] Created (HwReadEl2best/conv53_97 | hw_frame_size: 1600)
[2026-08-28 16:21:11.375] [4623] [HailoRT] [info] [queue_elements.cpp:657] [create] Created (PullQEl_nms2best/conv53_97 | timeout: 10s)
[2026-08-28 16:21:11.375] [4623] [HailoRT] [info] [edge_elements.cpp:287] [create] Created (HwReadEl7best/conv62_97 | hw_frame_size: 30720)
[2026-08-28 16:21:11.375] [4623] [HailoRT] [info] [queue_elements.cpp:657] [create] Created (PullQEl_nms7best/conv62_97 | timeout: 10s)
[2026-08-28 16:21:11.375] [4623] [HailoRT] [info] [edge_elements.cpp:287] [create] Created (HwReadEl6best/conv63_97 | hw_frame_size: 480)
[2026-08-28 16:21:11.375] [4623] [HailoRT] [info] [queue_elements.cpp:657] [create] Created (PullQEl_nms6best/conv63_97 | timeout: 10s)
[2026-08-28 16:21:11.375] [4623] [HailoRT] [info] [queue_elements.cpp:800] [create] Created (UserBufQEl_post_infer0best/yolov8_nms_postprocess | timeout: 10s)
[2026-08-28 16:21:11.375] [4623] [HailoRT] [info] [vstream.cpp:1114] [OutputVStreamImpl] Creating best/yolov8_nms_postprocess...
[2026-08-28 16:21:11.375] [4623] [HailoRT] [info] [vstream_builder.cpp:622] [create_output_post_process_nms] Output pipeline 'best/yolov8_nms_postprocess': HW >> (HwReadEl1best/conv41_97 | hw_frame_size: 409600) >> (PullQEl_nms1best/conv41_97) >> (HwReadEl0best/conv42_97 | hw_frame_size: 6400) >> (PullQEl_nms0best/conv42_97) >> (HwReadEl4best/conv52_97 | hw_frame_size: 102400) >> (PullQEl_nms4best/conv52_97) >> (HwReadEl2best/conv53_97 | hw_frame_size: 1600) >> (PullQEl_nms2best/conv53_97) >> (HwReadEl7best/conv62_97 | hw_frame_size: 30720) >> (PullQEl_nms7best/conv62_97) >> (HwReadEl6best/conv63_97 | hw_frame_size: 480) >> (PullQEl_nms6best/conv63_97) >> (NmsPPMuxEl0YOLOV8-Post-Process | Op YOLOV8, Name: YOLOV8-Post-Process, Score threshold: 0.250, IoU threshold: 0.70, Classes: 1, Cross classes: false, NMS results order: BY_CLASS, Max bboxes per class: 100, Image height: 640, Image width: 640) >> (UserBufQEl_post_infer0best/yolov8_nms_postprocess | timeout: 10s)
[2026-08-28 16:21:11.386] [6958] [HailoRT] [info] [vdevice_native_stream.cpp:331] [read_impl] Failed read from stream HAILO_STREAM_ABORT(63) (device: 0001:01:00.0)
[2026-08-28 16:21:11.386] [6963] [HailoRT] [info] [vdevice_native_stream.cpp:331] [read_impl] Failed read from stream HAILO_STREAM_ABORT(63) (device: 0001:01:00.0)
[2026-08-28 16:21:11.386] [6963] [HailoRT] [info] [edge_elements.cpp:396] [run_pull] Reading from stream was aborted!
[2026-08-28 16:21:11.386] [6961] [HailoRT] [info] [vdevice_native_stream.cpp:331] [read_impl] Failed read from stream HAILO_STREAM_ABORT(63) (device: 0001:01:00.0)
[2026-08-28 16:21:11.386] [6961] [HailoRT] [info] [edge_elements.cpp:396] [run_pull] Reading from stream was aborted!
[2026-08-28 16:21:11.386] [6963] [HailoRT] [info] [queue_elements.cpp:738] [run_in_thread] run_pull of queue element PullQEl_nms6best/conv63_97 was aborted!
[2026-08-28 16:21:11.386] [6961] [HailoRT] [info] [queue_elements.cpp:738] [run_in_thread] run_pull of queue element PullQEl_nms2best/conv53_97 was aborted!
[2026-08-28 16:21:11.386] [6960] [HailoRT] [info] [vdevice_native_stream.cpp:331] [read_impl] Failed read from stream HAILO_STREAM_ABORT(63) (device: 0001:01:00.0)
[2026-08-28 16:21:11.386] [6960] [HailoRT] [info] [edge_elements.cpp:396] [run_pull] Reading from stream was aborted!
[2026-08-28 16:21:11.386] [6960] [HailoRT] [info] [queue_elements.cpp:738] [run_in_thread] run_pull of queue element PullQEl_nms4best/conv52_97 was aborted!
[2026-08-28 16:21:11.386] [6958] [HailoRT] [info] [edge_elements.cpp:396] [run_pull] Reading from stream was aborted!
[2026-08-28 16:21:11.386] [6958] [HailoRT] [info] [queue_elements.cpp:738] [run_in_thread] run_pull of queue element PullQEl_nms1best/conv41_97 was aborted!
[2026-08-28 16:21:11.386] [6962] [HailoRT] [info] [vdevice_native_stream.cpp:331] [read_impl] Failed read from stream HAILO_STREAM_ABORT(63) (device: 0001:01:00.0)
[2026-08-28 16:21:11.386] [6962] [HailoRT] [info] [edge_elements.cpp:396] [run_pull] Reading from stream was aborted!
[2026-08-28 16:21:11.386] [6962] [HailoRT] [info] [queue_elements.cpp:738] [run_in_thread] run_pull of queue element PullQEl_nms7best/conv62_97 was aborted!
[2026-08-28 16:21:11.386] [6959] [HailoRT] [info] [vdevice_native_stream.cpp:331] [read_impl] Failed read from stream HAILO_STREAM_ABORT(63) (device: 0001:01:00.0)
[2026-08-28 16:21:11.386] [6959] [HailoRT] [info] [edge_elements.cpp:396] [run_pull] Reading from stream was aborted!
[2026-08-28 16:21:11.386] [6959] [HailoRT] [info] [queue_elements.cpp:738] [run_in_thread] run_pull of queue element PullQEl_nms0best/conv42_97 was aborted!
[2026-08-28 16:21:11.386] [6964] [HailoRT] [info] [queue_elements.cpp:68] [operator()] Thread in element UserBufQEl_post_infer0best/yolov8_nms_postprocess is not running anymore, exiting..
[2026-08-28 16:21:11.386] [4623] [HailoRT] [info] [queue_elements.cpp:46] [~BaseQueueElement] Queue element UserBufQEl_post_infer0best/yolov8_nms_postprocess has 0 frames in his Queue on destruction
[2026-08-28 16:21:11.386] [6963] [HailoRT] [info] [queue_elements.cpp:68] [operator()] Thread in element PullQEl_nms6best/conv63_97 is not running anymore, exiting..
[2026-08-28 16:21:11.386] [4623] [HailoRT] [info] [queue_elements.cpp:46] [~BaseQueueElement] Queue element PullQEl_nms6best/conv63_97 has 0 frames in his Queue on destruction
[2026-08-28 16:21:11.386] [6962] [HailoRT] [info] [queue_elements.cpp:68] [operator()] Thread in element PullQEl_nms7best/conv62_97 is not running anymore, exiting..
[2026-08-28 16:21:11.386] [4623] [HailoRT] [info] [queue_elements.cpp:46] [~BaseQueueElement] Queue element PullQEl_nms7best/conv62_97 has 0 frames in his Queue on destruction
[2026-08-28 16:21:11.386] [6961] [HailoRT] [info] [queue_elements.cpp:68] [operator()] Thread in element PullQEl_nms2best/conv53_97 is not running anymore, exiting..
[2026-08-28 16:21:11.386] [4623] [HailoRT] [info] [queue_elements.cpp:46] [~BaseQueueElement] Queue element PullQEl_nms2best/conv53_97 has 0 frames in his Queue on destruction
[2026-08-28 16:21:11.386] [6960] [HailoRT] [info] [queue_elements.cpp:68] [operator()] Thread in element PullQEl_nms4best/conv52_97 is not running anymore, exiting..
[2026-08-28 16:21:11.386] [4623] [HailoRT] [info] [queue_elements.cpp:46] [~BaseQueueElement] Queue element PullQEl_nms4best/conv52_97 has 0 frames in his Queue on destruction
[2026-08-28 16:21:11.386] [6959] [HailoRT] [info] [queue_elements.cpp:68] [operator()] Thread in element PullQEl_nms0best/conv42_97 is not running anymore, exiting..
[2026-08-28 16:21:11.386] [4623] [HailoRT] [info] [queue_elements.cpp:46] [~BaseQueueElement] Queue element PullQEl_nms0best/conv42_97 has 0 frames in his Queue on destruction
[2026-08-28 16:21:11.386] [6958] [HailoRT] [info] [queue_elements.cpp:68] [operator()] Thread in element PullQEl_nms1best/conv41_97 is not running anymore, exiting..
[2026-08-28 16:21:11.386] [4623] [HailoRT] [info] [queue_elements.cpp:46] [~BaseQueueElement] Queue element PullQEl_nms1best/conv41_97 has 0 frames in his Queue on destruction
[2026-08-28 16:21:11.386] [6957] [HailoRT] [info] [queue_elements.cpp:68] [operator()] Thread in element PushQEl3best/input_layer1 is not running anymore, exiting..
[2026-08-28 16:21:11.386] [4623] [HailoRT] [info] [queue_elements.cpp:46] [~BaseQueueElement] Queue element PushQEl3best/input_layer1 has 0 frames in his Queue on destruction
[2026-08-28 16:21:11.387] [4623] [HailoRT] [info] [core_op.cpp:186] [deactivate] Deactivating took 0.400651 ms
[2026-08-28 16:21:11.387] [4623] [HailoRT] [info] [core_op.cpp:186] [deactivate] Deactivating took 0.40978 ms
[2026-08-28 16:21:11.406] [4623] [HailoRT] [info] [core_op.cpp:156] [activate] Activating best took 0.443946 milliseconds. Note that the function is asynchronous and thus the network is not fully activated yet.
[2026-08-28 16:21:11.407] [4623] [HailoRT] [info] [core_op.cpp:156] [activate] Activating best took 0.495129 milliseconds. Note that the function is asynchronous and thus the network is not fully activated yet.
[2026-08-28 16:21:11.407] [4623] [HailoRT] [info] [edge_elements.cpp:52] [create] Created (HwWriteEl3best/input_layer1 | hw_frame_size: 1228800)
[2026-08-28 16:21:11.407] [4623] [HailoRT] [info] [queue_elements.cpp:284] [create] Created (PushQEl3best/input_layer1 | timeout: 10s)
[2026-08-28 16:21:11.407] [4623] [HailoRT] [info] [filter_elements.cpp:101] [create] Created (PreInferEl3best/input_layer1 | Reorder - src_order: NHWC, src_shape: (640, 640, 3), dst_order: NHCW, dst_shape: (640, 640, 3))
[2026-08-28 16:21:11.407] [4623] [HailoRT] [info] [vstream.cpp:754] [InputVStreamImpl] Creating best/input_layer1...
[2026-08-28 16:21:11.407] [4623] [HailoRT] [info] [vstream_builder.cpp:102] [create_inputs] Input pipeline 'best/input_layer1': (PreInferEl3best/input_layer1 | Reorder - src_order: NHWC, src_shape: (640, 640, 3), dst_order: NHCW, dst_shape: (640, 640, 3)) >> (PushQEl3best/input_layer1 | timeout: 10s) >> (HwWriteEl3best/input_layer1 | hw_frame_size: 1228800) >> HW
[2026-08-28 16:21:11.407] [4623] [HailoRT] [info] [multi_io_elements.cpp:135] [create] Created (NmsPPMuxEl0YOLOV8-Post-Process | Op YOLOV8, Name: YOLOV8-Post-Process, Score threshold: 0.250, IoU threshold: 0.70, Classes: 1, Cross classes: false, NMS results order: BY_CLASS, Max bboxes per class: 100, Image height: 640, Image width: 640)
[2026-08-28 16:21:11.407] [4623] [HailoRT] [info] [edge_elements.cpp:287] [create] Created (HwReadEl1best/conv41_97 | hw_frame_size: 409600)
[2026-08-28 16:21:11.407] [4623] [HailoRT] [info] [queue_elements.cpp:657] [create] Created (PullQEl_nms1best/conv41_97 | timeout: 10s)
[2026-08-28 16:21:11.407] [4623] [HailoRT] [info] [edge_elements.cpp:287] [create] Created (HwReadEl0best/conv42_97 | hw_frame_size: 6400)
[2026-08-28 16:21:11.407] [4623] [HailoRT] [info] [queue_elements.cpp:657] [create] Created (PullQEl_nms0best/conv42_97 | timeout: 10s)
[2026-08-28 16:21:11.407] [4623] [HailoRT] [info] [edge_elements.cpp:287] [create] Created (HwReadEl4best/conv52_97 | hw_frame_size: 102400)
[2026-08-28 16:21:11.407] [4623] [HailoRT] [info] [queue_elements.cpp:657] [create] Created (PullQEl_nms4best/conv52_97 | timeout: 10s)
[2026-08-28 16:21:11.407] [4623] [HailoRT] [info] [edge_elements.cpp:287] [create] Created (HwReadEl2best/conv53_97 | hw_frame_size: 1600)
[2026-08-28 16:21:11.407] [4623] [HailoRT] [info] [queue_elements.cpp:657] [create] Created (PullQEl_nms2best/conv53_97 | timeout: 10s)
[2026-08-28 16:21:11.407] [4623] [HailoRT] [info] [edge_elements.cpp:287] [create] Created (HwReadEl7best/conv62_97 | hw_frame_size: 30720)
[2026-08-28 16:21:11.407] [4623] [HailoRT] [info] [queue_elements.cpp:657] [create] Created (PullQEl_nms7best/conv62_97 | timeout: 10s)
[2026-08-28 16:21:11.407] [4623] [HailoRT] [info] [edge_elements.cpp:287] [create] Created (HwReadEl6best/conv63_97 | hw_frame_size: 480)
[2026-08-28 16:21:11.407] [4623] [HailoRT] [info] [queue_elements.cpp:657] [create] Created (PullQEl_nms6best/conv63_97 | timeout: 10s)
[2026-08-28 16:21:11.407] [4623] [HailoRT] [info] [queue_elements.cpp:800] [create] Created (UserBufQEl_post_infer0best/yolov8_nms_postprocess | timeout: 10s)
[2026-08-28 16:21:11.407] [4623] [HailoRT] [info] [vstream.cpp:1114] [OutputVStreamImpl] Creating best/yolov8_nms_postprocess...
[2026-08-28 16:21:11.407] [4623] [HailoRT] [info] [vstream_builder.cpp:622] [create_output_post_process_nms] Output pipeline 'best/yolov8_nms_postprocess': HW >> (HwReadEl1best/conv41_97 | hw_frame_size: 409600) >> (PullQEl_nms1best/conv41_97) >> (HwReadEl0best/conv42_97 | hw_frame_size: 6400) >> (PullQEl_nms0best/conv42_97) >> (HwReadEl4best/conv52_97 | hw_frame_size: 102400) >> (PullQEl_nms4best/conv52_97) >> (HwReadEl2best/conv53_97 | hw_frame_size: 1600) >> (PullQEl_nms2best/conv53_97) >> (HwReadEl7best/conv62_97 | hw_frame_size: 30720) >> (PullQEl_nms7best/conv62_97) >> (HwReadEl6best/conv63_97 | hw_frame_size: 480) >> (PullQEl_nms6best/conv63_97) >> (NmsPPMuxEl0YOLOV8-Post-Process | Op YOLOV8, Name: YOLOV8-Post-Process, Score threshold: 0.250, IoU threshold: 0.70, Classes: 1, Cross classes: false, NMS results order: BY_CLASS, Max bboxes per class: 100, Image height: 640, Image width: 640) >> (UserBufQEl_post_infer0best/yolov8_nms_postprocess | timeout: 10s)
[2026-08-28 16:21:11.418] [6969] [HailoRT] [info] [vdevice_native_stream.cpp:331] [read_impl] Failed read from stream HAILO_STREAM_ABORT(63) (device: 0001:01:00.0)
[2026-08-28 16:21:11.418] [6971] [HailoRT] [info] [vdevice_native_stream.cpp:331] [read_impl] Failed read from stream HAILO_STREAM_ABORT(63) (device: 0001:01:00.0)
[2026-08-28 16:21:11.418] [6969] [HailoRT] [info] [edge_elements.cpp:396] [run_pull] Reading from stream was aborted!
[2026-08-28 16:21:11.418] [6971] [HailoRT] [info] [edge_elements.cpp:396] [run_pull] Reading from stream was aborted!
[2026-08-28 16:21:11.418] [6969] [HailoRT] [info] [queue_elements.cpp:738] [run_in_thread] run_pull of queue element PullQEl_nms0best/conv42_97 was aborted!
[2026-08-28 16:21:11.418] [6968] [HailoRT] [info] [vdevice_native_stream.cpp:331] [read_impl] Failed read from stream HAILO_STREAM_ABORT(63) (device: 0001:01:00.0)
[2026-08-28 16:21:11.418] [6968] [HailoRT] [info] [edge_elements.cpp:396] [run_pull] Reading from stream was aborted!
[2026-08-28 16:21:11.418] [6968] [HailoRT] [info] [queue_elements.cpp:738] [run_in_thread] run_pull of queue element PullQEl_nms1best/conv41_97 was aborted!
[2026-08-28 16:21:11.418] [6972] [HailoRT] [info] [vdevice_native_stream.cpp:331] [read_impl] Failed read from stream HAILO_STREAM_ABORT(63) (device: 0001:01:00.0)
[2026-08-28 16:21:11.418] [6972] [HailoRT] [info] [edge_elements.cpp:396] [run_pull] Reading from stream was aborted!
[2026-08-28 16:21:11.418] [6972] [HailoRT] [info] [queue_elements.cpp:738] [run_in_thread] run_pull of queue element PullQEl_nms7best/conv62_97 was aborted!
[2026-08-28 16:21:11.418] [6973] [HailoRT] [info] [vdevice_native_stream.cpp:331] [read_impl] Failed read from stream HAILO_STREAM_ABORT(63) (device: 0001:01:00.0)
[2026-08-28 16:21:11.418] [6973] [HailoRT] [info] [edge_elements.cpp:396] [run_pull] Reading from stream was aborted!
[2026-08-28 16:21:11.418] [6973] [HailoRT] [info] [queue_elements.cpp:738] [run_in_thread] run_pull of queue element PullQEl_nms6best/conv63_97 was aborted!
[2026-08-28 16:21:11.418] [6971] [HailoRT] [info] [queue_elements.cpp:738] [run_in_thread] run_pull of queue element PullQEl_nms2best/conv53_97 was aborted!
[2026-08-28 16:21:11.418] [6970] [HailoRT] [info] [vdevice_native_stream.cpp:331] [read_impl] Failed read from stream HAILO_STREAM_ABORT(63) (device: 0001:01:00.0)
[2026-08-28 16:21:11.418] [6970] [HailoRT] [info] [edge_elements.cpp:396] [run_pull] Reading from stream was aborted!
[2026-08-28 16:21:11.418] [6970] [HailoRT] [info] [queue_elements.cpp:738] [run_in_thread] run_pull of queue element PullQEl_nms4best/conv52_97 was aborted!
[2026-08-28 16:21:11.418] [6974] [HailoRT] [info] [queue_elements.cpp:68] [operator()] Thread in element UserBufQEl_post_infer0best/yolov8_nms_postprocess is not running anymore, exiting..
[2026-08-28 16:21:11.418] [4623] [HailoRT] [info] [queue_elements.cpp:46] [~BaseQueueElement] Queue element UserBufQEl_post_infer0best/yolov8_nms_postprocess has 0 frames in his Queue on destruction
[2026-08-28 16:21:11.418] [6973] [HailoRT] [info] [queue_elements.cpp:68] [operator()] Thread in element PullQEl_nms6best/conv63_97 is not running anymore, exiting..
[2026-08-28 16:21:11.418] [4623] [HailoRT] [info] [queue_elements.cpp:46] [~BaseQueueElement] Queue element PullQEl_nms6best/conv63_97 has 0 frames in his Queue on destruction
[2026-08-28 16:21:11.418] [6972] [HailoRT] [info] [queue_elements.cpp:68] [operator()] Thread in element PullQEl_nms7best/conv62_97 is not running anymore, exiting..
[2026-08-28 16:21:11.418] [4623] [HailoRT] [info] [queue_elements.cpp:46] [~BaseQueueElement] Queue element PullQEl_nms7best/conv62_97 has 0 frames in his Queue on destruction
[2026-08-28 16:21:11.418] [6971] [HailoRT] [info] [queue_elements.cpp:68] [operator()] Thread in element PullQEl_nms2best/conv53_97 is not running anymore, exiting..
[2026-08-28 16:21:11.418] [4623] [HailoRT] [info] [queue_elements.cpp:46] [~BaseQueueElement] Queue element PullQEl_nms2best/conv53_97 has 0 frames in his Queue on destruction
[2026-08-28 16:21:11.418] [6970] [HailoRT] [info] [queue_elements.cpp:68] [operator()] Thread in element PullQEl_nms4best/conv52_97 is not running anymore, exiting..
[2026-08-28 16:21:11.418] [4623] [HailoRT] [info] [queue_elements.cpp:46] [~BaseQueueElement] Queue element PullQEl_nms4best/conv52_97 has 0 frames in his Queue on destruction
[2026-08-28 16:21:11.418] [6969] [HailoRT] [info] [queue_elements.cpp:68] [operator()] Thread in element PullQEl_nms0best/conv42_97 is not running anymore, exiting..
[2026-08-28 16:21:11.418] [4623] [HailoRT] [info] [queue_elements.cpp:46] [~BaseQueueElement] Queue element PullQEl_nms0best/conv42_97 has 0 frames in his Queue on destruction
[2026-08-28 16:21:11.418] [6968] [HailoRT] [info] [queue_elements.cpp:68] [operator()] Thread in element PullQEl_nms1best/conv41_97 is not running anymore, exiting..
[2026-08-28 16:21:11.418] [4623] [HailoRT] [info] [queue_elements.cpp:46] [~BaseQueueElement] Queue element PullQEl_nms1best/conv41_97 has 0 frames in his Queue on destruction
[2026-08-28 16:21:11.419] [6967] [HailoRT] [info] [queue_elements.cpp:68] [operator()] Thread in element PushQEl3best/input_layer1 is not running anymore, exiting..
[2026-08-28 16:21:11.419] [4623] [HailoRT] [info] [queue_elements.cpp:46] [~BaseQueueElement] Queue element PushQEl3best/input_layer1 has 0 frames in his Queue on destruction
[2026-08-28 16:21:11.419] [4623] [HailoRT] [info] [core_op.cpp:186] [deactivate] Deactivating took 0.41641 ms
[2026-08-28 16:21:11.419] [4623] [HailoRT] [info] [core_op.cpp:186] [deactivate] Deactivating took 0.426317 ms
[2026-08-28 16:21:11.439] [4623] [HailoRT] [info] [core_op.cpp:156] [activate] Activating best took 0.446705 milliseconds. Note that the function is asynchronous and thus the network is not fully activated yet.
[2026-08-28 16:21:11.439] [4623] [HailoRT] [info] [core_op.cpp:156] [activate] Activating best took 0.465408 milliseconds. Note that the function is asynchronous and thus the network is not fully activated yet.
[2026-08-28 16:21:11.439] [4623] [HailoRT] [info] [edge_elements.cpp:52] [create] Created (HwWriteEl3best/input_layer1 | hw_frame_size: 1228800)
[2026-08-28 16:21:11.439] [4623] [HailoRT] [info] [queue_elements.cpp:284] [create] Created (PushQEl3best/input_layer1 | timeout: 10s)
[2026-08-28 16:21:11.439] [4623] [HailoRT] [info] [filter_elements.cpp:101] [create] Created (PreInferEl3best/input_layer1 | Reorder - src_order: NHWC, src_shape: (640, 640, 3), dst_order: NHCW, dst_shape: (640, 640, 3))
[2026-08-28 16:21:11.439] [4623] [HailoRT] [info] [vstream.cpp:754] [InputVStreamImpl] Creating best/input_layer1...
[2026-08-28 16:21:11.439] [4623] [HailoRT] [info] [vstream_builder.cpp:102] [create_inputs] Input pipeline 'best/input_layer1': (PreInferEl3best/input_layer1 | Reorder - src_order: NHWC, src_shape: (640, 640, 3), dst_order: NHCW, dst_shape: (640, 640, 3)) >> (PushQEl3best/input_layer1 | timeout: 10s) >> (HwWriteEl3best/input_layer1 | hw_frame_size: 1228800) >> HW
[2026-08-28 16:21:11.439] [4623] [HailoRT] [info] [multi_io_elements.cpp:135] [create] Created (NmsPPMuxEl0YOLOV8-Post-Process | Op YOLOV8, Name: YOLOV8-Post-Process, Score threshold: 0.250, IoU threshold: 0.70, Classes: 1, Cross classes: false, NMS results order: BY_CLASS, Max bboxes per class: 100, Image height: 640, Image width: 640)
[2026-08-28 16:21:11.439] [4623] [HailoRT] [info] [edge_elements.cpp:287] [create] Created (HwReadEl1best/conv41_97 | hw_frame_size: 409600)
[2026-08-28 16:21:11.439] [4623] [HailoRT] [info] [queue_elements.cpp:657] [create] Created (PullQEl_nms1best/conv41_97 | timeout: 10s)
[2026-08-28 16:21:11.439] [4623] [HailoRT] [info] [edge_elements.cpp:287] [create] Created (HwReadEl0best/conv42_97 | hw_frame_size: 6400)
[2026-08-28 16:21:11.439] [4623] [HailoRT] [info] [queue_elements.cpp:657] [create] Created (PullQEl_nms0best/conv42_97 | timeout: 10s)
[2026-08-28 16:21:11.439] [4623] [HailoRT] [info] [edge_elements.cpp:287] [create] Created (HwReadEl4best/conv52_97 | hw_frame_size: 102400)
[2026-08-28 16:21:11.439] [4623] [HailoRT] [info] [queue_elements.cpp:657] [create] Created (PullQEl_nms4best/conv52_97 | timeout: 10s)
[2026-08-28 16:21:11.439] [4623] [HailoRT] [info] [edge_elements.cpp:287] [create] Created (HwReadEl2best/conv53_97 | hw_frame_size: 1600)
[2026-08-28 16:21:11.440] [4623] [HailoRT] [info] [queue_elements.cpp:657] [create] Created (PullQEl_nms2best/conv53_97 | timeout: 10s)
[2026-08-28 16:21:11.440] [4623] [HailoRT] [info] [edge_elements.cpp:287] [create] Created (HwReadEl7best/conv62_97 | hw_frame_size: 30720)
[2026-08-28 16:21:11.440] [4623] [HailoRT] [info] [queue_elements.cpp:657] [create] Created (PullQEl_nms7best/conv62_97 | timeout: 10s)
[2026-08-28 16:21:11.440] [4623] [HailoRT] [info] [edge_elements.cpp:287] [create] Created (HwReadEl6best/conv63_97 | hw_frame_size: 480)
[2026-08-28 16:21:11.440] [4623] [HailoRT] [info] [queue_elements.cpp:657] [create] Created (PullQEl_nms6best/conv63_97 | timeout: 10s)
[2026-08-28 16:21:11.440] [4623] [HailoRT] [info] [queue_elements.cpp:800] [create] Created (UserBufQEl_post_infer0best/yolov8_nms_postprocess | timeout: 10s)
[2026-08-28 16:21:11.440] [4623] [HailoRT] [info] [vstream.cpp:1114] [OutputVStreamImpl] Creating best/yolov8_nms_postprocess...
[2026-08-28 16:21:11.440] [4623] [HailoRT] [info] [vstream_builder.cpp:622] [create_output_post_process_nms] Output pipeline 'best/yolov8_nms_postprocess': HW >> (HwReadEl1best/conv41_97 | hw_frame_size: 409600) >> (PullQEl_nms1best/conv41_97) >> (HwReadEl0best/conv42_97 | hw_frame_size: 6400) >> (PullQEl_nms0best/conv42_97) >> (HwReadEl4best/conv52_97 | hw_frame_size: 102400) >> (PullQEl_nms4best/conv52_97) >> (HwReadEl2best/conv53_97 | hw_frame_size: 1600) >> (PullQEl_nms2best/conv53_97) >> (HwReadEl7best/conv62_97 | hw_frame_size: 30720) >> (PullQEl_nms7best/conv62_97) >> (HwReadEl6best/conv63_97 | hw_frame_size: 480) >> (PullQEl_nms6best/conv63_97) >> (NmsPPMuxEl0YOLOV8-Post-Process | Op YOLOV8, Name: YOLOV8-Post-Process, Score threshold: 0.250, IoU threshold: 0.70, Classes: 1, Cross classes: false, NMS results order: BY_CLASS, Max bboxes per class: 100, Image height: 640, Image width: 640) >> (UserBufQEl_post_infer0best/yolov8_nms_postprocess | timeout: 10s)
[2026-08-28 16:21:11.450] [6978] [HailoRT] [info] [vdevice_native_stream.cpp:331] [read_impl] Failed read from stream HAILO_STREAM_ABORT(63) (device: 0001:01:00.0)
[2026-08-28 16:21:11.450] [6982] [HailoRT] [info] [vdevice_native_stream.cpp:331] [read_impl] Failed read from stream HAILO_STREAM_ABORT(63) (device: 0001:01:00.0)
[2026-08-28 16:21:11.450] [6982] [HailoRT] [info] [edge_elements.cpp:396] [run_pull] Reading from stream was aborted!
[2026-08-28 16:21:11.450] [6983] [HailoRT] [info] [vdevice_native_stream.cpp:331] [read_impl] Failed read from stream HAILO_STREAM_ABORT(63) (device: 0001:01:00.0)
[2026-08-28 16:21:11.450] [6983] [HailoRT] [info] [edge_elements.cpp:396] [run_pull] Reading from stream was aborted!
[2026-08-28 16:21:11.450] [6981] [HailoRT] [info] [vdevice_native_stream.cpp:331] [read_impl] Failed read from stream HAILO_STREAM_ABORT(63) (device: 0001:01:00.0)
[2026-08-28 16:21:11.450] [6983] [HailoRT] [info] [queue_elements.cpp:738] [run_in_thread] run_pull of queue element PullQEl_nms6best/conv63_97 was aborted!
[2026-08-28 16:21:11.450] [6982] [HailoRT] [info] [queue_elements.cpp:738] [run_in_thread] run_pull of queue element PullQEl_nms7best/conv62_97 was aborted!
[2026-08-28 16:21:11.450] [6978] [HailoRT] [info] [edge_elements.cpp:396] [run_pull] Reading from stream was aborted!
[2026-08-28 16:21:11.450] [6979] [HailoRT] [info] [vdevice_native_stream.cpp:331] [read_impl] Failed read from stream HAILO_STREAM_ABORT(63) (device: 0001:01:00.0)
[2026-08-28 16:21:11.450] [6979] [HailoRT] [info] [edge_elements.cpp:396] [run_pull] Reading from stream was aborted!
[2026-08-28 16:21:11.450] [6978] [HailoRT] [info] [queue_elements.cpp:738] [run_in_thread] run_pull of queue element PullQEl_nms1best/conv41_97 was aborted!
[2026-08-28 16:21:11.450] [6981] [HailoRT] [info] [edge_elements.cpp:396] [run_pull] Reading from stream was aborted!
[2026-08-28 16:21:11.450] [6979] [HailoRT] [info] [queue_elements.cpp:738] [run_in_thread] run_pull of queue element PullQEl_nms0best/conv42_97 was aborted!
[2026-08-28 16:21:11.450] [6980] [HailoRT] [info] [vdevice_native_stream.cpp:331] [read_impl] Failed read from stream HAILO_STREAM_ABORT(63) (device: 0001:01:00.0)
[2026-08-28 16:21:11.450] [6980] [HailoRT] [info] [edge_elements.cpp:396] [run_pull] Reading from stream was aborted!
[2026-08-28 16:21:11.450] [6981] [HailoRT] [info] [queue_elements.cpp:738] [run_in_thread] run_pull of queue element PullQEl_nms2best/conv53_97 was aborted!
[2026-08-28 16:21:11.450] [6980] [HailoRT] [info] [queue_elements.cpp:738] [run_in_thread] run_pull of queue element PullQEl_nms4best/conv52_97 was aborted!
[2026-08-28 16:21:11.450] [6984] [HailoRT] [info] [queue_elements.cpp:68] [operator()] Thread in element UserBufQEl_post_infer0best/yolov8_nms_postprocess is not running anymore, exiting..
[2026-08-28 16:21:11.450] [4623] [HailoRT] [info] [queue_elements.cpp:46] [~BaseQueueElement] Queue element UserBufQEl_post_infer0best/yolov8_nms_postprocess has 0 frames in his Queue on destruction
[2026-08-28 16:21:11.450] [6983] [HailoRT] [info] [queue_elements.cpp:68] [operator()] Thread in element PullQEl_nms6best/conv63_97 is not running anymore, exiting..
[2026-08-28 16:21:11.450] [4623] [HailoRT] [info] [queue_elements.cpp:46] [~BaseQueueElement] Queue element PullQEl_nms6best/conv63_97 has 0 frames in his Queue on destruction
[2026-08-28 16:21:11.450] [6982] [HailoRT] [info] [queue_elements.cpp:68] [operator()] Thread in element PullQEl_nms7best/conv62_97 is not running anymore, exiting..
[2026-08-28 16:21:11.450] [4623] [HailoRT] [info] [queue_elements.cpp:46] [~BaseQueueElement] Queue element PullQEl_nms7best/conv62_97 has 0 frames in his Queue on destruction
[2026-08-28 16:21:11.450] [6981] [HailoRT] [info] [queue_elements.cpp:68] [operator()] Thread in element PullQEl_nms2best/conv53_97 is not running anymore, exiting..
[2026-08-28 16:21:11.450] [4623] [HailoRT] [info] [queue_elements.cpp:46] [~BaseQueueElement] Queue element PullQEl_nms2best/conv53_97 has 0 frames in his Queue on destruction
[2026-08-28 16:21:11.450] [6980] [HailoRT] [info] [queue_elements.cpp:68] [operator()] Thread in element PullQEl_nms4best/conv52_97 is not running anymore, exiting..
[2026-08-28 16:21:11.450] [4623] [HailoRT] [info] [queue_elements.cpp:46] [~BaseQueueElement] Queue element PullQEl_nms4best/conv52_97 has 0 frames in his Queue on destruction
[2026-08-28 16:21:11.450] [6979] [HailoRT] [info] [queue_elements.cpp:68] [operator()] Thread in element PullQEl_nms0best/conv42_97 is not running anymore, exiting..
[2026-08-28 16:21:11.450] [4623] [HailoRT] [info] [queue_elements.cpp:46] [~BaseQueueElement] Queue element PullQEl_nms0best/conv42_97 has 0 frames in his Queue on destruction
[2026-08-28 16:21:11.450] [6978] [HailoRT] [info] [queue_elements.cpp:68] [operator()] Thread in element PullQEl_nms1best/conv41_97 is not running anymore, exiting..
[2026-08-28 16:21:11.450] [4623] [HailoRT] [info] [queue_elements.cpp:46] [~BaseQueueElement] Queue element PullQEl_nms1best/conv41_97 has 0 frames in his Queue on destruction
[2026-08-28 16:21:11.451] [6977] [HailoRT] [info] [queue_elements.cpp:68] [operator()] Thread in element PushQEl3best/input_layer1 is not running anymore, exiting..
[2026-08-28 16:21:11.451] [4623] [HailoRT] [info] [queue_elements.cpp:46] [~BaseQueueElement] Queue element PushQEl3best/input_layer1 has 0 frames in his Queue on destruction
[2026-08-28 16:21:11.451] [4623] [HailoRT] [info] [core_op.cpp:186] [deactivate] Deactivating took 0.677493 ms
[2026-08-28 16:21:11.451] [4623] [HailoRT] [info] [core_op.cpp:186] [deactivate] Deactivating took 0.686473 ms
[2026-08-28 16:21:11.472] [4623] [HailoRT] [info] [core_op.cpp:156] [activate] Activating best took 0.449538 milliseconds. Note that the function is asynchronous and thus the network is not fully activated yet.
[2026-08-28 16:21:11.472] [4623] [HailoRT] [info] [core_op.cpp:156] [activate] Activating best took 0.509702 milliseconds. Note that the function is asynchronous and thus the network is not fully activated yet.
[2026-08-28 16:21:11.472] [4623] [HailoRT] [info] [edge_elements.cpp:52] [create] Created (HwWriteEl3best/input_layer1 | hw_frame_size: 1228800)
[2026-08-28 16:21:11.472] [4623] [HailoRT] [info] [queue_elements.cpp:284] [create] Created (PushQEl3best/input_layer1 | timeout: 10s)
[2026-08-28 16:21:11.472] [4623] [HailoRT] [info] [filter_elements.cpp:101] [create] Created (PreInferEl3best/input_layer1 | Reorder - src_order: NHWC, src_shape: (640, 640, 3), dst_order: NHCW, dst_shape: (640, 640, 3))
[2026-08-28 16:21:11.472] [4623] [HailoRT] [info] [vstream.cpp:754] [InputVStreamImpl] Creating best/input_layer1...
[2026-08-28 16:21:11.472] [4623] [HailoRT] [info] [vstream_builder.cpp:102] [create_inputs] Input pipeline 'best/input_layer1': (PreInferEl3best/input_layer1 | Reorder - src_order: NHWC, src_shape: (640, 640, 3), dst_order: NHCW, dst_shape: (640, 640, 3)) >> (PushQEl3best/input_layer1 | timeout: 10s) >> (HwWriteEl3best/input_layer1 | hw_frame_size: 1228800) >> HW
[2026-08-28 16:21:11.472] [4623] [HailoRT] [info] [multi_io_elements.cpp:135] [create] Created (NmsPPMuxEl0YOLOV8-Post-Process | Op YOLOV8, Name: YOLOV8-Post-Process, Score threshold: 0.250, IoU threshold: 0.70, Classes: 1, Cross classes: false, NMS results order: BY_CLASS, Max bboxes per class: 100, Image height: 640, Image width: 640)
[2026-08-28 16:21:11.472] [4623] [HailoRT] [info] [edge_elements.cpp:287] [create] Created (HwReadEl1best/conv41_97 | hw_frame_size: 409600)
[2026-08-28 16:21:11.472] [4623] [HailoRT] [info] [queue_elements.cpp:657] [create] Created (PullQEl_nms1best/conv41_97 | timeout: 10s)
[2026-08-28 16:21:11.472] [4623] [HailoRT] [info] [edge_elements.cpp:287] [create] Created (HwReadEl0best/conv42_97 | hw_frame_size: 6400)
[2026-08-28 16:21:11.472] [4623] [HailoRT] [info] [queue_elements.cpp:657] [create] Created (PullQEl_nms0best/conv42_97 | timeout: 10s)
[2026-08-28 16:21:11.472] [4623] [HailoRT] [info] [edge_elements.cpp:287] [create] Created (HwReadEl4best/conv52_97 | hw_frame_size: 102400)
[2026-08-28 16:21:11.472] [4623] [HailoRT] [info] [queue_elements.cpp:657] [create] Created (PullQEl_nms4best/conv52_97 | timeout: 10s)
[2026-08-28 16:21:11.472] [4623] [HailoRT] [info] [edge_elements.cpp:287] [create] Created (HwReadEl2best/conv53_97 | hw_frame_size: 1600)
[2026-08-28 16:21:11.472] [4623] [HailoRT] [info] [queue_elements.cpp:657] [create] Created (PullQEl_nms2best/conv53_97 | timeout: 10s)
[2026-08-28 16:21:11.472] [4623] [HailoRT] [info] [edge_elements.cpp:287] [create] Created (HwReadEl7best/conv62_97 | hw_frame_size: 30720)
[2026-08-28 16:21:11.472] [4623] [HailoRT] [info] [queue_elements.cpp:657] [create] Created (PullQEl_nms7best/conv62_97 | timeout: 10s)
[2026-08-28 16:21:11.472] [4623] [HailoRT] [info] [edge_elements.cpp:287] [create] Created (HwReadEl6best/conv63_97 | hw_frame_size: 480)
[2026-08-28 16:21:11.472] [4623] [HailoRT] [info] [queue_elements.cpp:657] [create] Created (PullQEl_nms6best/conv63_97 | timeout: 10s)
[2026-08-28 16:21:11.472] [4623] [HailoRT] [info] [queue_elements.cpp:800] [create] Created (UserBufQEl_post_infer0best/yolov8_nms_postprocess | timeout: 10s)
[2026-08-28 16:21:11.472] [4623] [HailoRT] [info] [vstream.cpp:1114] [OutputVStreamImpl] Creating best/yolov8_nms_postprocess...
[2026-08-28 16:21:11.472] [4623] [HailoRT] [info] [vstream_builder.cpp:622] [create_output_post_process_nms] Output pipeline 'best/yolov8_nms_postprocess': HW >> (HwReadEl1best/conv41_97 | hw_frame_size: 409600) >> (PullQEl_nms1best/conv41_97) >> (HwReadEl0best/conv42_97 | hw_frame_size: 6400) >> (PullQEl_nms0best/conv42_97) >> (HwReadEl4best/conv52_97 | hw_frame_size: 102400) >> (PullQEl_nms4best/conv52_97) >> (HwReadEl2best/conv53_97 | hw_frame_size: 1600) >> (PullQEl_nms2best/conv53_97) >> (HwReadEl7best/conv62_97 | hw_frame_size: 30720) >> (PullQEl_nms7best/conv62_97) >> (HwReadEl6best/conv63_97 | hw_frame_size: 480) >> (PullQEl_nms6best/conv63_97) >> (NmsPPMuxEl0YOLOV8-Post-Process | Op YOLOV8, Name: YOLOV8-Post-Process, Score threshold: 0.250, IoU threshold: 0.70, Classes: 1, Cross classes: false, NMS results order: BY_CLASS, Max bboxes per class: 100, Image height: 640, Image width: 640) >> (UserBufQEl_post_infer0best/yolov8_nms_postprocess | timeout: 10s)
[2026-08-28 16:21:11.483] [6988] [HailoRT] [info] [vdevice_native_stream.cpp:331] [read_impl] Failed read from stream HAILO_STREAM_ABORT(63) (device: 0001:01:00.0)
[2026-08-28 16:21:11.483] [6992] [HailoRT] [info] [vdevice_native_stream.cpp:331] [read_impl] Failed read from stream HAILO_STREAM_ABORT(63) (device: 0001:01:00.0)
[2026-08-28 16:21:11.483] [6992] [HailoRT] [info] [edge_elements.cpp:396] [run_pull] Reading from stream was aborted!
[2026-08-28 16:21:11.483] [6991] [HailoRT] [info] [vdevice_native_stream.cpp:331] [read_impl] Failed read from stream HAILO_STREAM_ABORT(63) (device: 0001:01:00.0)
[2026-08-28 16:21:11.483] [6993] [HailoRT] [info] [vdevice_native_stream.cpp:331] [read_impl] Failed read from stream HAILO_STREAM_ABORT(63) (device: 0001:01:00.0)
[2026-08-28 16:21:11.483] [6992] [HailoRT] [info] [queue_elements.cpp:738] [run_in_thread] run_pull of queue element PullQEl_nms7best/conv62_97 was aborted!
[2026-08-28 16:21:11.483] [6993] [HailoRT] [info] [edge_elements.cpp:396] [run_pull] Reading from stream was aborted!
[2026-08-28 16:21:11.483] [6989] [HailoRT] [info] [vdevice_native_stream.cpp:331] [read_impl] Failed read from stream HAILO_STREAM_ABORT(63) (device: 0001:01:00.0)
[2026-08-28 16:21:11.483] [6989] [HailoRT] [info] [edge_elements.cpp:396] [run_pull] Reading from stream was aborted!
[2026-08-28 16:21:11.483] [6988] [HailoRT] [info] [edge_elements.cpp:396] [run_pull] Reading from stream was aborted!
[2026-08-28 16:21:11.483] [6990] [HailoRT] [info] [vdevice_native_stream.cpp:331] [read_impl] Failed read from stream HAILO_STREAM_ABORT(63) (device: 0001:01:00.0)
[2026-08-28 16:21:11.483] [6993] [HailoRT] [info] [queue_elements.cpp:738] [run_in_thread] run_pull of queue element PullQEl_nms6best/conv63_97 was aborted!
[2026-08-28 16:21:11.483] [6991] [HailoRT] [info] [edge_elements.cpp:396] [run_pull] Reading from stream was aborted!
[2026-08-28 16:21:11.483] [6989] [HailoRT] [info] [queue_elements.cpp:738] [run_in_thread] run_pull of queue element PullQEl_nms0best/conv42_97 was aborted!
[2026-08-28 16:21:11.483] [6990] [HailoRT] [info] [edge_elements.cpp:396] [run_pull] Reading from stream was aborted!
[2026-08-28 16:21:11.483] [6988] [HailoRT] [info] [queue_elements.cpp:738] [run_in_thread] run_pull of queue element PullQEl_nms1best/conv41_97 was aborted!
[2026-08-28 16:21:11.483] [6990] [HailoRT] [info] [queue_elements.cpp:738] [run_in_thread] run_pull of queue element PullQEl_nms4best/conv52_97 was aborted!
[2026-08-28 16:21:11.483] [6991] [HailoRT] [info] [queue_elements.cpp:738] [run_in_thread] run_pull of queue element PullQEl_nms2best/conv53_97 was aborted!
[2026-08-28 16:21:11.483] [6994] [HailoRT] [info] [queue_elements.cpp:68] [operator()] Thread in element UserBufQEl_post_infer0best/yolov8_nms_postprocess is not running anymore, exiting..
[2026-08-28 16:21:11.483] [4623] [HailoRT] [info] [queue_elements.cpp:46] [~BaseQueueElement] Queue element UserBufQEl_post_infer0best/yolov8_nms_postprocess has 0 frames in his Queue on destruction
[2026-08-28 16:21:11.483] [6993] [HailoRT] [info] [queue_elements.cpp:68] [operator()] Thread in element PullQEl_nms6best/conv63_97 is not running anymore, exiting..
[2026-08-28 16:21:11.483] [4623] [HailoRT] [info] [queue_elements.cpp:46] [~BaseQueueElement] Queue element PullQEl_nms6best/conv63_97 has 0 frames in his Queue on destruction
[2026-08-28 16:21:11.483] [6992] [HailoRT] [info] [queue_elements.cpp:68] [operator()] Thread in element PullQEl_nms7best/conv62_97 is not running anymore, exiting..
[2026-08-28 16:21:11.483] [4623] [HailoRT] [info] [queue_elements.cpp:46] [~BaseQueueElement] Queue element PullQEl_nms7best/conv62_97 has 0 frames in his Queue on destruction
[2026-08-28 16:21:11.483] [6991] [HailoRT] [info] [queue_elements.cpp:68] [operator()] Thread in element PullQEl_nms2best/conv53_97 is not running anymore, exiting..
[2026-08-28 16:21:11.483] [4623] [HailoRT] [info] [queue_elements.cpp:46] [~BaseQueueElement] Queue element PullQEl_nms2best/conv53_97 has 0 frames in his Queue on destruction
[2026-08-28 16:21:11.483] [6990] [HailoRT] [info] [queue_elements.cpp:68] [operator()] Thread in element PullQEl_nms4best/conv52_97 is not running anymore, exiting..
[2026-08-28 16:21:11.483] [4623] [HailoRT] [info] [queue_elements.cpp:46] [~BaseQueueElement] Queue element PullQEl_nms4best/conv52_97 has 0 frames in his Queue on destruction
[2026-08-28 16:21:11.483] [6989] [HailoRT] [info] [queue_elements.cpp:68] [operator()] Thread in element PullQEl_nms0best/conv42_97 is not running anymore, exiting..
[2026-08-28 16:21:11.483] [4623] [HailoRT] [info] [queue_elements.cpp:46] [~BaseQueueElement] Queue element PullQEl_nms0best/conv42_97 has 0 frames in his Queue on destruction
[2026-08-28 16:21:11.483] [6988] [HailoRT] [info] [queue_elements.cpp:68] [operator()] Thread in element PullQEl_nms1best/conv41_97 is not running anymore, exiting..
[2026-08-28 16:21:11.483] [4623] [HailoRT] [info] [queue_elements.cpp:46] [~BaseQueueElement] Queue element PullQEl_nms1best/conv41_97 has 0 frames in his Queue on destruction
[2026-08-28 16:21:11.483] [6987] [HailoRT] [info] [queue_elements.cpp:68] [operator()] Thread in element PushQEl3best/input_layer1 is not running anymore, exiting..
[2026-08-28 16:21:11.483] [4623] [HailoRT] [info] [queue_elements.cpp:46] [~BaseQueueElement] Queue element PushQEl3best/input_layer1 has 0 frames in his Queue on destruction
[2026-08-28 16:21:11.484] [4623] [HailoRT] [info] [core_op.cpp:186] [deactivate] Deactivating took 0.399707 ms
[2026-08-28 16:21:11.484] [4623] [HailoRT] [info] [core_op.cpp:186] [deactivate] Deactivating took 0.407947 ms
[2026-08-28 16:21:11.504] [4623] [HailoRT] [info] [core_op.cpp:156] [activate] Activating best took 0.439335 milliseconds. Note that the function is asynchronous and thus the network is not fully activated yet.
[2026-08-28 16:21:11.504] [4623] [HailoRT] [info] [core_op.cpp:156] [activate] Activating best took 0.459167 milliseconds. Note that the function is asynchronous and thus the network is not fully activated yet.
[2026-08-28 16:21:11.505] [4623] [HailoRT] [info] [edge_elements.cpp:52] [create] Created (HwWriteEl3best/input_layer1 | hw_frame_size: 1228800)
[2026-08-28 16:21:11.505] [4623] [HailoRT] [info] [queue_elements.cpp:284] [create] Created (PushQEl3best/input_layer1 | timeout: 10s)
[2026-08-28 16:21:11.505] [4623] [HailoRT] [info] [filter_elements.cpp:101] [create] Created (PreInferEl3best/input_layer1 | Reorder - src_order: NHWC, src_shape: (640, 640, 3), dst_order: NHCW, dst_shape: (640, 640, 3))
[2026-08-28 16:21:11.505] [4623] [HailoRT] [info] [vstream.cpp:754] [InputVStreamImpl] Creating best/input_layer1...
[2026-08-28 16:21:11.505] [4623] [HailoRT] [info] [vstream_builder.cpp:102] [create_inputs] Input pipeline 'best/input_layer1': (PreInferEl3best/input_layer1 | Reorder - src_order: NHWC, src_shape: (640, 640, 3), dst_order: NHCW, dst_shape: (640, 640, 3)) >> (PushQEl3best/input_layer1 | timeout: 10s) >> (HwWriteEl3best/input_layer1 | hw_frame_size: 1228800) >> HW
[2026-08-28 16:21:11.505] [4623] [HailoRT] [info] [multi_io_elements.cpp:135] [create] Created (NmsPPMuxEl0YOLOV8-Post-Process | Op YOLOV8, Name: YOLOV8-Post-Process, Score threshold: 0.250, IoU threshold: 0.70, Classes: 1, Cross classes: false, NMS results order: BY_CLASS, Max bboxes per class: 100, Image height: 640, Image width: 640)
[2026-08-28 16:21:11.505] [4623] [HailoRT] [info] [edge_elements.cpp:287] [create] Created (HwReadEl1best/conv41_97 | hw_frame_size: 409600)
[2026-08-28 16:21:11.505] [4623] [HailoRT] [info] [queue_elements.cpp:657] [create] Created (PullQEl_nms1best/conv41_97 | timeout: 10s)
[2026-08-28 16:21:11.505] [4623] [HailoRT] [info] [edge_elements.cpp:287] [create] Created (HwReadEl0best/conv42_97 | hw_frame_size: 6400)
[2026-08-28 16:21:11.505] [4623] [HailoRT] [info] [queue_elements.cpp:657] [create] Created (PullQEl_nms0best/conv42_97 | timeout: 10s)
[2026-08-28 16:21:11.505] [4623] [HailoRT] [info] [edge_elements.cpp:287] [create] Created (HwReadEl4best/conv52_97 | hw_frame_size: 102400)
[2026-08-28 16:21:11.505] [4623] [HailoRT] [info] [queue_elements.cpp:657] [create] Created (PullQEl_nms4best/conv52_97 | timeout: 10s)
[2026-08-28 16:21:11.505] [4623] [HailoRT] [info] [edge_elements.cpp:287] [create] Created (HwReadEl2best/conv53_97 | hw_frame_size: 1600)
[2026-08-28 16:21:11.505] [4623] [HailoRT] [info] [queue_elements.cpp:657] [create] Created (PullQEl_nms2best/conv53_97 | timeout: 10s)
[2026-08-28 16:21:11.505] [4623] [HailoRT] [info] [edge_elements.cpp:287] [create] Created (HwReadEl7best/conv62_97 | hw_frame_size: 30720)
[2026-08-28 16:21:11.505] [4623] [HailoRT] [info] [queue_elements.cpp:657] [create] Created (PullQEl_nms7best/conv62_97 | timeout: 10s)
[2026-08-28 16:21:11.505] [4623] [HailoRT] [info] [edge_elements.cpp:287] [create] Created (HwReadEl6best/conv63_97 | hw_frame_size: 480)
[2026-08-28 16:21:11.505] [4623] [HailoRT] [info] [queue_elements.cpp:657] [create] Created (PullQEl_nms6best/conv63_97 | timeout: 10s)
[2026-08-28 16:21:11.505] [4623] [HailoRT] [info] [queue_elements.cpp:800] [create] Created (UserBufQEl_post_infer0best/yolov8_nms_postprocess | timeout: 10s)
[2026-08-28 16:21:11.505] [4623] [HailoRT] [info] [vstream.cpp:1114] [OutputVStreamImpl] Creating best/yolov8_nms_postprocess...
[2026-08-28 16:21:11.505] [4623] [HailoRT] [info] [vstream_builder.cpp:622] [create_output_post_process_nms] Output pipeline 'best/yolov8_nms_postprocess': HW >> (HwReadEl1best/conv41_97 | hw_frame_size: 409600) >> (PullQEl_nms1best/conv41_97) >> (HwReadEl0best/conv42_97 | hw_frame_size: 6400) >> (PullQEl_nms0best/conv42_97) >> (HwReadEl4best/conv52_97 | hw_frame_size: 102400) >> (PullQEl_nms4best/conv52_97) >> (HwReadEl2best/conv53_97 | hw_frame_size: 1600) >> (PullQEl_nms2best/conv53_97) >> (HwReadEl7best/conv62_97 | hw_frame_size: 30720) >> (PullQEl_nms7best/conv62_97) >> (HwReadEl6best/conv63_97 | hw_frame_size: 480) >> (PullQEl_nms6best/conv63_97) >> (NmsPPMuxEl0YOLOV8-Post-Process | Op YOLOV8, Name: YOLOV8-Post-Process, Score threshold: 0.250, IoU threshold: 0.70, Classes: 1, Cross classes: false, NMS results order: BY_CLASS, Max bboxes per class: 100, Image height: 640, Image width: 640) >> (UserBufQEl_post_infer0best/yolov8_nms_postprocess | timeout: 10s)
[2026-08-28 16:21:11.516] [6998] [HailoRT] [info] [vdevice_native_stream.cpp:331] [read_impl] Failed read from stream HAILO_STREAM_ABORT(63) (device: 0001:01:00.0)
[2026-08-28 16:21:11.516] [7002] [HailoRT] [info] [vdevice_native_stream.cpp:331] [read_impl] Failed read from stream HAILO_STREAM_ABORT(63) (device: 0001:01:00.0)
[2026-08-28 16:21:11.516] [7002] [HailoRT] [info] [edge_elements.cpp:396] [run_pull] Reading from stream was aborted!
[2026-08-28 16:21:11.516] [7001] [HailoRT] [info] [vdevice_native_stream.cpp:331] [read_impl] Failed read from stream HAILO_STREAM_ABORT(63) (device: 0001:01:00.0)
[2026-08-28 16:21:11.516] [7003] [HailoRT] [info] [vdevice_native_stream.cpp:331] [read_impl] Failed read from stream HAILO_STREAM_ABORT(63) (device: 0001:01:00.0)
[2026-08-28 16:21:11.516] [7002] [HailoRT] [info] [queue_elements.cpp:738] [run_in_thread] run_pull of queue element PullQEl_nms7best/conv62_97 was aborted!
[2026-08-28 16:21:11.516] [7003] [HailoRT] [info] [edge_elements.cpp:396] [run_pull] Reading from stream was aborted!
[2026-08-28 16:21:11.516] [6999] [HailoRT] [info] [vdevice_native_stream.cpp:331] [read_impl] Failed read from stream HAILO_STREAM_ABORT(63) (device: 0001:01:00.0)
[2026-08-28 16:21:11.516] [7003] [HailoRT] [info] [queue_elements.cpp:738] [run_in_thread] run_pull of queue element PullQEl_nms6best/conv63_97 was aborted!
[2026-08-28 16:21:11.516] [6999] [HailoRT] [info] [edge_elements.cpp:396] [run_pull] Reading from stream was aborted!
[2026-08-28 16:21:11.516] [6998] [HailoRT] [info] [edge_elements.cpp:396] [run_pull] Reading from stream was aborted!
[2026-08-28 16:21:11.516] [7000] [HailoRT] [info] [vdevice_native_stream.cpp:331] [read_impl] Failed read from stream HAILO_STREAM_ABORT(63) (device: 0001:01:00.0)
[2026-08-28 16:21:11.516] [6999] [HailoRT] [info] [queue_elements.cpp:738] [run_in_thread] run_pull of queue element PullQEl_nms0best/conv42_97 was aborted!
[2026-08-28 16:21:11.516] [7000] [HailoRT] [info] [edge_elements.cpp:396] [run_pull] Reading from stream was aborted!
[2026-08-28 16:21:11.516] [6998] [HailoRT] [info] [queue_elements.cpp:738] [run_in_thread] run_pull of queue element PullQEl_nms1best/conv41_97 was aborted!
[2026-08-28 16:21:11.516] [7000] [HailoRT] [info] [queue_elements.cpp:738] [run_in_thread] run_pull of queue element PullQEl_nms4best/conv52_97 was aborted!
[2026-08-28 16:21:11.516] [7001] [HailoRT] [info] [edge_elements.cpp:396] [run_pull] Reading from stream was aborted!
[2026-08-28 16:21:11.516] [7001] [HailoRT] [info] [queue_elements.cpp:738] [run_in_thread] run_pull of queue element PullQEl_nms2best/conv53_97 was aborted!
[2026-08-28 16:21:11.516] [7004] [HailoRT] [info] [queue_elements.cpp:68] [operator()] Thread in element UserBufQEl_post_infer0best/yolov8_nms_postprocess is not running anymore, exiting..
[2026-08-28 16:21:11.516] [4623] [HailoRT] [info] [queue_elements.cpp:46] [~BaseQueueElement] Queue element UserBufQEl_post_infer0best/yolov8_nms_postprocess has 0 frames in his Queue on destruction
[2026-08-28 16:21:11.516] [7003] [HailoRT] [info] [queue_elements.cpp:68] [operator()] Thread in element PullQEl_nms6best/conv63_97 is not running anymore, exiting..
[2026-08-28 16:21:11.516] [4623] [HailoRT] [info] [queue_elements.cpp:46] [~BaseQueueElement] Queue element PullQEl_nms6best/conv63_97 has 0 frames in his Queue on destruction
[2026-08-28 16:21:11.516] [7002] [HailoRT] [info] [queue_elements.cpp:68] [operator()] Thread in element PullQEl_nms7best/conv62_97 is not running anymore, exiting..
[2026-08-28 16:21:11.516] [4623] [HailoRT] [info] [queue_elements.cpp:46] [~BaseQueueElement] Queue element PullQEl_nms7best/conv62_97 has 0 frames in his Queue on destruction
[2026-08-28 16:21:11.516] [7001] [HailoRT] [info] [queue_elements.cpp:68] [operator()] Thread in element PullQEl_nms2best/conv53_97 is not running anymore, exiting..
[2026-08-28 16:21:11.516] [4623] [HailoRT] [info] [queue_elements.cpp:46] [~BaseQueueElement] Queue element PullQEl_nms2best/conv53_97 has 0 frames in his Queue on destruction
[2026-08-28 16:21:11.516] [7000] [HailoRT] [info] [queue_elements.cpp:68] [operator()] Thread in element PullQEl_nms4best/conv52_97 is not running anymore, exiting..
[2026-08-28 16:21:11.516] [4623] [HailoRT] [info] [queue_elements.cpp:46] [~BaseQueueElement] Queue element PullQEl_nms4best/conv52_97 has 0 frames in his Queue on destruction
[2026-08-28 16:21:11.516] [6999] [HailoRT] [info] [queue_elements.cpp:68] [operator()] Thread in element PullQEl_nms0best/conv42_97 is not running anymore, exiting..
[2026-08-28 16:21:11.516] [4623] [HailoRT] [info] [queue_elements.cpp:46] [~BaseQueueElement] Queue element PullQEl_nms0best/conv42_97 has 0 frames in his Queue on destruction
[2026-08-28 16:21:11.516] [6998] [HailoRT] [info] [queue_elements.cpp:68] [operator()] Thread in element PullQEl_nms1best/conv41_97 is not running anymore, exiting..
[2026-08-28 16:21:11.516] [4623] [HailoRT] [info] [queue_elements.cpp:46] [~BaseQueueElement] Queue element PullQEl_nms1best/conv41_97 has 0 frames in his Queue on destruction
[2026-08-28 16:21:11.516] [6997] [HailoRT] [info] [queue_elements.cpp:68] [operator()] Thread in element PushQEl3best/input_layer1 is not running anymore, exiting..
[2026-08-28 16:21:11.516] [4623] [HailoRT] [info] [queue_elements.cpp:46] [~BaseQueueElement] Queue element PushQEl3best/input_layer1 has 0 frames in his Queue on destruction
[2026-08-28 16:21:11.516] [4623] [HailoRT] [info] [core_op.cpp:186] [deactivate] Deactivating took 0.401595 ms
[2026-08-28 16:21:11.516] [4623] [HailoRT] [info] [core_op.cpp:186] [deactivate] Deactivating took 0.409965 ms
[2026-08-28 16:21:11.539] [4623] [HailoRT] [info] [core_op.cpp:156] [activate] Activating best took 0.439187 milliseconds. Note that the function is asynchronous and thus the network is not fully activated yet.
[2026-08-28 16:21:11.539] [4623] [HailoRT] [info] [core_op.cpp:156] [activate] Activating best took 0.458297 milliseconds. Note that the function is asynchronous and thus the network is not fully activated yet.
[2026-08-28 16:21:11.540] [4623] [HailoRT] [info] [edge_elements.cpp:52] [create] Created (HwWriteEl3best/input_layer1 | hw_frame_size: 1228800)
[2026-08-28 16:21:11.540] [4623] [HailoRT] [info] [queue_elements.cpp:284] [create] Created (PushQEl3best/input_layer1 | timeout: 10s)
[2026-08-28 16:21:11.540] [4623] [HailoRT] [info] [filter_elements.cpp:101] [create] Created (PreInferEl3best/input_layer1 | Reorder - src_order: NHWC, src_shape: (640, 640, 3), dst_order: NHCW, dst_shape: (640, 640, 3))
[2026-08-28 16:21:11.540] [4623] [HailoRT] [info] [vstream.cpp:754] [InputVStreamImpl] Creating best/input_layer1...
[2026-08-28 16:21:11.540] [4623] [HailoRT] [info] [vstream_builder.cpp:102] [create_inputs] Input pipeline 'best/input_layer1': (PreInferEl3best/input_layer1 | Reorder - src_order: NHWC, src_shape: (640, 640, 3), dst_order: NHCW, dst_shape: (640, 640, 3)) >> (PushQEl3best/input_layer1 | timeout: 10s) >> (HwWriteEl3best/input_layer1 | hw_frame_size: 1228800) >> HW
[2026-08-28 16:21:11.540] [4623] [HailoRT] [info] [multi_io_elements.cpp:135] [create] Created (NmsPPMuxEl0YOLOV8-Post-Process | Op YOLOV8, Name: YOLOV8-Post-Process, Score threshold: 0.250, IoU threshold: 0.70, Classes: 1, Cross classes: false, NMS results order: BY_CLASS, Max bboxes per class: 100, Image height: 640, Image width: 640)
[2026-08-28 16:21:11.540] [4623] [HailoRT] [info] [edge_elements.cpp:287] [create] Created (HwReadEl1best/conv41_97 | hw_frame_size: 409600)
[2026-08-28 16:21:11.540] [4623] [HailoRT] [info] [queue_elements.cpp:657] [create] Created (PullQEl_nms1best/conv41_97 | timeout: 10s)
[2026-08-28 16:21:11.540] [4623] [HailoRT] [info] [edge_elements.cpp:287] [create] Created (HwReadEl0best/conv42_97 | hw_frame_size: 6400)
[2026-08-28 16:21:11.540] [4623] [HailoRT] [info] [queue_elements.cpp:657] [create] Created (PullQEl_nms0best/conv42_97 | timeout: 10s)
[2026-08-28 16:21:11.540] [4623] [HailoRT] [info] [edge_elements.cpp:287] [create] Created (HwReadEl4best/conv52_97 | hw_frame_size: 102400)
[2026-08-28 16:21:11.540] [4623] [HailoRT] [info] [queue_elements.cpp:657] [create] Created (PullQEl_nms4best/conv52_97 | timeout: 10s)
[2026-08-28 16:21:11.540] [4623] [HailoRT] [info] [edge_elements.cpp:287] [create] Created (HwReadEl2best/conv53_97 | hw_frame_size: 1600)
[2026-08-28 16:21:11.540] [4623] [HailoRT] [info] [queue_elements.cpp:657] [create] Created (PullQEl_nms2best/conv53_97 | timeout: 10s)
[2026-08-28 16:21:11.540] [4623] [HailoRT] [info] [edge_elements.cpp:287] [create] Created (HwReadEl7best/conv62_97 | hw_frame_size: 30720)
[2026-08-28 16:21:11.540] [4623] [HailoRT] [info] [queue_elements.cpp:657] [create] Created (PullQEl_nms7best/conv62_97 | timeout: 10s)
[2026-08-28 16:21:11.540] [4623] [HailoRT] [info] [edge_elements.cpp:287] [create] Created (HwReadEl6best/conv63_97 | hw_frame_size: 480)
[2026-08-28 16:21:11.540] [4623] [HailoRT] [info] [queue_elements.cpp:657] [create] Created (PullQEl_nms6best/conv63_97 | timeout: 10s)
[2026-08-28 16:21:11.540] [4623] [HailoRT] [info] [queue_elements.cpp:800] [create] Created (UserBufQEl_post_infer0best/yolov8_nms_postprocess | timeout: 10s)
[2026-08-28 16:21:11.540] [4623] [HailoRT] [info] [vstream.cpp:1114] [OutputVStreamImpl] Creating best/yolov8_nms_postprocess...
[2026-08-28 16:21:11.540] [4623] [HailoRT] [info] [vstream_builder.cpp:622] [create_output_post_process_nms] Output pipeline 'best/yolov8_nms_postprocess': HW >> (HwReadEl1best/conv41_97 | hw_frame_size: 409600) >> (PullQEl_nms1best/conv41_97) >> (HwReadEl0best/conv42_97 | hw_frame_size: 6400) >> (PullQEl_nms0best/conv42_97) >> (HwReadEl4best/conv52_97 | hw_frame_size: 102400) >> (PullQEl_nms4best/conv52_97) >> (HwReadEl2best/conv53_97 | hw_frame_size: 1600) >> (PullQEl_nms2best/conv53_97) >> (HwReadEl7best/conv62_97 | hw_frame_size: 30720) >> (PullQEl_nms7best/conv62_97) >> (HwReadEl6best/conv63_97 | hw_frame_size: 480) >> (PullQEl_nms6best/conv63_97) >> (NmsPPMuxEl0YOLOV8-Post-Process | Op YOLOV8, Name: YOLOV8-Post-Process, Score threshold: 0.250, IoU threshold: 0.70, Classes: 1, Cross classes: false, NMS results order: BY_CLASS, Max bboxes per class: 100, Image height: 640, Image width: 640) >> (UserBufQEl_post_infer0best/yolov8_nms_postprocess | timeout: 10s)
[2026-08-28 16:21:11.551] [7010] [HailoRT] [info] [vdevice_native_stream.cpp:331] [read_impl] Failed read from stream HAILO_STREAM_ABORT(63) (device: 0001:01:00.0)
[2026-08-28 16:21:11.551] [7010] [HailoRT] [info] [edge_elements.cpp:396] [run_pull] Reading from stream was aborted!
[2026-08-28 16:21:11.551] [7009] [HailoRT] [info] [vdevice_native_stream.cpp:331] [read_impl] Failed read from stream HAILO_STREAM_ABORT(63) (device: 0001:01:00.0)
[2026-08-28 16:21:11.551] [7009] [HailoRT] [info] [edge_elements.cpp:396] [run_pull] Reading from stream was aborted!
[2026-08-28 16:21:11.551] [7013] [HailoRT] [info] [vdevice_native_stream.cpp:331] [read_impl] Failed read from stream HAILO_STREAM_ABORT(63) (device: 0001:01:00.0)
[2026-08-28 16:21:11.551] [7013] [HailoRT] [info] [edge_elements.cpp:396] [run_pull] Reading from stream was aborted!
[2026-08-28 16:21:11.551] [7009] [HailoRT] [info] [queue_elements.cpp:738] [run_in_thread] run_pull of queue element PullQEl_nms0best/conv42_97 was aborted!
[2026-08-28 16:21:11.551] [7013] [HailoRT] [info] [queue_elements.cpp:738] [run_in_thread] run_pull of queue element PullQEl_nms6best/conv63_97 was aborted!
[2026-08-28 16:21:11.551] [7012] [HailoRT] [info] [vdevice_native_stream.cpp:331] [read_impl] Failed read from stream HAILO_STREAM_ABORT(63) (device: 0001:01:00.0)
[2026-08-28 16:21:11.551] [7012] [HailoRT] [info] [edge_elements.cpp:396] [run_pull] Reading from stream was aborted!
[2026-08-28 16:21:11.551] [7012] [HailoRT] [info] [queue_elements.cpp:738] [run_in_thread] run_pull of queue element PullQEl_nms7best/conv62_97 was aborted!
[2026-08-28 16:21:11.551] [7010] [HailoRT] [info] [queue_elements.cpp:738] [run_in_thread] run_pull of queue element PullQEl_nms4best/conv52_97 was aborted!
[2026-08-28 16:21:11.551] [7008] [HailoRT] [info] [vdevice_native_stream.cpp:331] [read_impl] Failed read from stream HAILO_STREAM_ABORT(63) (device: 0001:01:00.0)
[2026-08-28 16:21:11.551] [7008] [HailoRT] [info] [edge_elements.cpp:396] [run_pull] Reading from stream was aborted!
[2026-08-28 16:21:11.551] [7008] [HailoRT] [info] [queue_elements.cpp:738] [run_in_thread] run_pull of queue element PullQEl_nms1best/conv41_97 was aborted!
[2026-08-28 16:21:11.551] [7011] [HailoRT] [info] [vdevice_native_stream.cpp:331] [read_impl] Failed read from stream HAILO_STREAM_ABORT(63) (device: 0001:01:00.0)
[2026-08-28 16:21:11.551] [7011] [HailoRT] [info] [edge_elements.cpp:396] [run_pull] Reading from stream was aborted!
[2026-08-28 16:21:11.551] [7011] [HailoRT] [info] [queue_elements.cpp:738] [run_in_thread] run_pull of queue element PullQEl_nms2best/conv53_97 was aborted!
[2026-08-28 16:21:11.551] [7014] [HailoRT] [info] [queue_elements.cpp:68] [operator()] Thread in element UserBufQEl_post_infer0best/yolov8_nms_postprocess is not running anymore, exiting..
[2026-08-28 16:21:11.551] [4623] [HailoRT] [info] [queue_elements.cpp:46] [~BaseQueueElement] Queue element UserBufQEl_post_infer0best/yolov8_nms_postprocess has 0 frames in his Queue on destruction
[2026-08-28 16:21:11.551] [7013] [HailoRT] [info] [queue_elements.cpp:68] [operator()] Thread in element PullQEl_nms6best/conv63_97 is not running anymore, exiting..
[2026-08-28 16:21:11.551] [4623] [HailoRT] [info] [queue_elements.cpp:46] [~BaseQueueElement] Queue element PullQEl_nms6best/conv63_97 has 0 frames in his Queue on destruction
[2026-08-28 16:21:11.551] [7012] [HailoRT] [info] [queue_elements.cpp:68] [operator()] Thread in element PullQEl_nms7best/conv62_97 is not running anymore, exiting..
[2026-08-28 16:21:11.551] [4623] [HailoRT] [info] [queue_elements.cpp:46] [~BaseQueueElement] Queue element PullQEl_nms7best/conv62_97 has 0 frames in his Queue on destruction
[2026-08-28 16:21:11.551] [7011] [HailoRT] [info] [queue_elements.cpp:68] [operator()] Thread in element PullQEl_nms2best/conv53_97 is not running anymore, exiting..
[2026-08-28 16:21:11.551] [4623] [HailoRT] [info] [queue_elements.cpp:46] [~BaseQueueElement] Queue element PullQEl_nms2best/conv53_97 has 0 frames in his Queue on destruction
[2026-08-28 16:21:11.551] [7010] [HailoRT] [info] [queue_elements.cpp:68] [operator()] Thread in element PullQEl_nms4best/conv52_97 is not running anymore, exiting..
[2026-08-28 16:21:11.551] [4623] [HailoRT] [info] [queue_elements.cpp:46] [~BaseQueueElement] Queue element PullQEl_nms4best/conv52_97 has 0 frames in his Queue on destruction
[2026-08-28 16:21:11.551] [7009] [HailoRT] [info] [queue_elements.cpp:68] [operator()] Thread in element PullQEl_nms0best/conv42_97 is not running anymore, exiting..
[2026-08-28 16:21:11.551] [4623] [HailoRT] [info] [queue_elements.cpp:46] [~BaseQueueElement] Queue element PullQEl_nms0best/conv42_97 has 0 frames in his Queue on destruction
[2026-08-28 16:21:11.551] [7008] [HailoRT] [info] [queue_elements.cpp:68] [operator()] Thread in element PullQEl_nms1best/conv41_97 is not running anymore, exiting..
[2026-08-28 16:21:11.551] [4623] [HailoRT] [info] [queue_elements.cpp:46] [~BaseQueueElement] Queue element PullQEl_nms1best/conv41_97 has 0 frames in his Queue on destruction
[2026-08-28 16:21:11.552] [7007] [HailoRT] [info] [queue_elements.cpp:68] [operator()] Thread in element PushQEl3best/input_layer1 is not running anymore, exiting..
[2026-08-28 16:21:11.552] [4623] [HailoRT] [info] [queue_elements.cpp:46] [~BaseQueueElement] Queue element PushQEl3best/input_layer1 has 0 frames in his Queue on destruction
[2026-08-28 16:21:11.552] [4623] [HailoRT] [info] [core_op.cpp:186] [deactivate] Deactivating took 0.417909 ms
[2026-08-28 16:21:11.552] [4623] [HailoRT] [info] [core_op.cpp:186] [deactivate] Deactivating took 0.42815 ms
[2026-08-28 16:21:11.573] [4623] [HailoRT] [info] [core_op.cpp:156] [activate] Activating best took 0.441094 milliseconds. Note that the function is asynchronous and thus the network is not fully activated yet.
[2026-08-28 16:21:11.573] [4623] [HailoRT] [info] [core_op.cpp:156] [activate] Activating best took 0.461131 milliseconds. Note that the function is asynchronous and thus the network is not fully activated yet.
[2026-08-28 16:21:11.573] [4623] [HailoRT] [info] [edge_elements.cpp:52] [create] Created (HwWriteEl3best/input_layer1 | hw_frame_size: 1228800)
[2026-08-28 16:21:11.573] [4623] [HailoRT] [info] [queue_elements.cpp:284] [create] Created (PushQEl3best/input_layer1 | timeout: 10s)
[2026-08-28 16:21:11.573] [4623] [HailoRT] [info] [filter_elements.cpp:101] [create] Created (PreInferEl3best/input_layer1 | Reorder - src_order: NHWC, src_shape: (640, 640, 3), dst_order: NHCW, dst_shape: (640, 640, 3))
[2026-08-28 16:21:11.573] [4623] [HailoRT] [info] [vstream.cpp:754] [InputVStreamImpl] Creating best/input_layer1...
[2026-08-28 16:21:11.573] [4623] [HailoRT] [info] [vstream_builder.cpp:102] [create_inputs] Input pipeline 'best/input_layer1': (PreInferEl3best/input_layer1 | Reorder - src_order: NHWC, src_shape: (640, 640, 3), dst_order: NHCW, dst_shape: (640, 640, 3)) >> (PushQEl3best/input_layer1 | timeout: 10s) >> (HwWriteEl3best/input_layer1 | hw_frame_size: 1228800) >> HW
[2026-08-28 16:21:11.573] [4623] [HailoRT] [info] [multi_io_elements.cpp:135] [create] Created (NmsPPMuxEl0YOLOV8-Post-Process | Op YOLOV8, Name: YOLOV8-Post-Process, Score threshold: 0.250, IoU threshold: 0.70, Classes: 1, Cross classes: false, NMS results order: BY_CLASS, Max bboxes per class: 100, Image height: 640, Image width: 640)
[2026-08-28 16:21:11.573] [4623] [HailoRT] [info] [edge_elements.cpp:287] [create] Created (HwReadEl1best/conv41_97 | hw_frame_size: 409600)
[2026-08-28 16:21:11.573] [4623] [HailoRT] [info] [queue_elements.cpp:657] [create] Created (PullQEl_nms1best/conv41_97 | timeout: 10s)
[2026-08-28 16:21:11.573] [4623] [HailoRT] [info] [edge_elements.cpp:287] [create] Created (HwReadEl0best/conv42_97 | hw_frame_size: 6400)
[2026-08-28 16:21:11.573] [4623] [HailoRT] [info] [queue_elements.cpp:657] [create] Created (PullQEl_nms0best/conv42_97 | timeout: 10s)
[2026-08-28 16:21:11.573] [4623] [HailoRT] [info] [edge_elements.cpp:287] [create] Created (HwReadEl4best/conv52_97 | hw_frame_size: 102400)
[2026-08-28 16:21:11.573] [4623] [HailoRT] [info] [queue_elements.cpp:657] [create] Created (PullQEl_nms4best/conv52_97 | timeout: 10s)
[2026-08-28 16:21:11.573] [4623] [HailoRT] [info] [edge_elements.cpp:287] [create] Created (HwReadEl2best/conv53_97 | hw_frame_size: 1600)
[2026-08-28 16:21:11.573] [4623] [HailoRT] [info] [queue_elements.cpp:657] [create] Created (PullQEl_nms2best/conv53_97 | timeout: 10s)
[2026-08-28 16:21:11.573] [4623] [HailoRT] [info] [edge_elements.cpp:287] [create] Created (HwReadEl7best/conv62_97 | hw_frame_size: 30720)
[2026-08-28 16:21:11.573] [4623] [HailoRT] [info] [queue_elements.cpp:657] [create] Created (PullQEl_nms7best/conv62_97 | timeout: 10s)
[2026-08-28 16:21:11.573] [4623] [HailoRT] [info] [edge_elements.cpp:287] [create] Created (HwReadEl6best/conv63_97 | hw_frame_size: 480)
[2026-08-28 16:21:11.573] [4623] [HailoRT] [info] [queue_elements.cpp:657] [create] Created (PullQEl_nms6best/conv63_97 | timeout: 10s)
[2026-08-28 16:21:11.573] [4623] [HailoRT] [info] [queue_elements.cpp:800] [create] Created (UserBufQEl_post_infer0best/yolov8_nms_postprocess | timeout: 10s)
[2026-08-28 16:21:11.573] [4623] [HailoRT] [info] [vstream.cpp:1114] [OutputVStreamImpl] Creating best/yolov8_nms_postprocess...
[2026-08-28 16:21:11.574] [4623] [HailoRT] [info] [vstream_builder.cpp:622] [create_output_post_process_nms] Output pipeline 'best/yolov8_nms_postprocess': HW >> (HwReadEl1best/conv41_97 | hw_frame_size: 409600) >> (PullQEl_nms1best/conv41_97) >> (HwReadEl0best/conv42_97 | hw_frame_size: 6400) >> (PullQEl_nms0best/conv42_97) >> (HwReadEl4best/conv52_97 | hw_frame_size: 102400) >> (PullQEl_nms4best/conv52_97) >> (HwReadEl2best/conv53_97 | hw_frame_size: 1600) >> (PullQEl_nms2best/conv53_97) >> (HwReadEl7best/conv62_97 | hw_frame_size: 30720) >> (PullQEl_nms7best/conv62_97) >> (HwReadEl6best/conv63_97 | hw_frame_size: 480) >> (PullQEl_nms6best/conv63_97) >> (NmsPPMuxEl0YOLOV8-Post-Process | Op YOLOV8, Name: YOLOV8-Post-Process, Score threshold: 0.250, IoU threshold: 0.70, Classes: 1, Cross classes: false, NMS results order: BY_CLASS, Max bboxes per class: 100, Image height: 640, Image width: 640) >> (UserBufQEl_post_infer0best/yolov8_nms_postprocess | timeout: 10s)
[2026-08-28 16:21:11.584] [7018] [HailoRT] [info] [vdevice_native_stream.cpp:331] [read_impl] Failed read from stream HAILO_STREAM_ABORT(63) (device: 0001:01:00.0)
[2026-08-28 16:21:11.584] [7022] [HailoRT] [info] [vdevice_native_stream.cpp:331] [read_impl] Failed read from stream HAILO_STREAM_ABORT(63) (device: 0001:01:00.0)
[2026-08-28 16:21:11.584] [7022] [HailoRT] [info] [edge_elements.cpp:396] [run_pull] Reading from stream was aborted!
[2026-08-28 16:21:11.584] [7020] [HailoRT] [info] [vdevice_native_stream.cpp:331] [read_impl] Failed read from stream HAILO_STREAM_ABORT(63) (device: 0001:01:00.0)
[2026-08-28 16:21:11.584] [7020] [HailoRT] [info] [edge_elements.cpp:396] [run_pull] Reading from stream was aborted!
[2026-08-28 16:21:11.584] [7022] [HailoRT] [info] [queue_elements.cpp:738] [run_in_thread] run_pull of queue element PullQEl_nms7best/conv62_97 was aborted!
[2026-08-28 16:21:11.584] [7020] [HailoRT] [info] [queue_elements.cpp:738] [run_in_thread] run_pull of queue element PullQEl_nms4best/conv52_97 was aborted!
[2026-08-28 16:21:11.584] [7019] [HailoRT] [info] [vdevice_native_stream.cpp:331] [read_impl] Failed read from stream HAILO_STREAM_ABORT(63) (device: 0001:01:00.0)
[2026-08-28 16:21:11.584] [7018] [HailoRT] [info] [edge_elements.cpp:396] [run_pull] Reading from stream was aborted!
[2026-08-28 16:21:11.584] [7019] [HailoRT] [info] [edge_elements.cpp:396] [run_pull] Reading from stream was aborted!
[2026-08-28 16:21:11.584] [7019] [HailoRT] [info] [queue_elements.cpp:738] [run_in_thread] run_pull of queue element PullQEl_nms0best/conv42_97 was aborted!
[2026-08-28 16:21:11.584] [7021] [HailoRT] [info] [vdevice_native_stream.cpp:331] [read_impl] Failed read from stream HAILO_STREAM_ABORT(63) (device: 0001:01:00.0)
[2026-08-28 16:21:11.584] [7021] [HailoRT] [info] [edge_elements.cpp:396] [run_pull] Reading from stream was aborted!
[2026-08-28 16:21:11.584] [7021] [HailoRT] [info] [queue_elements.cpp:738] [run_in_thread] run_pull of queue element PullQEl_nms2best/conv53_97 was aborted!
[2026-08-28 16:21:11.584] [7023] [HailoRT] [info] [vdevice_native_stream.cpp:331] [read_impl] Failed read from stream HAILO_STREAM_ABORT(63) (device: 0001:01:00.0)
[2026-08-28 16:21:11.584] [7023] [HailoRT] [info] [edge_elements.cpp:396] [run_pull] Reading from stream was aborted!
[2026-08-28 16:21:11.584] [7023] [HailoRT] [info] [queue_elements.cpp:738] [run_in_thread] run_pull of queue element PullQEl_nms6best/conv63_97 was aborted!
[2026-08-28 16:21:11.584] [7018] [HailoRT] [info] [queue_elements.cpp:738] [run_in_thread] run_pull of queue element PullQEl_nms1best/conv41_97 was aborted!
[2026-08-28 16:21:11.584] [7024] [HailoRT] [info] [queue_elements.cpp:68] [operator()] Thread in element UserBufQEl_post_infer0best/yolov8_nms_postprocess is not running anymore, exiting..
[2026-08-28 16:21:11.584] [4623] [HailoRT] [info] [queue_elements.cpp:46] [~BaseQueueElement] Queue element UserBufQEl_post_infer0best/yolov8_nms_postprocess has 0 frames in his Queue on destruction
[2026-08-28 16:21:11.584] [7023] [HailoRT] [info] [queue_elements.cpp:68] [operator()] Thread in element PullQEl_nms6best/conv63_97 is not running anymore, exiting..
[2026-08-28 16:21:11.584] [4623] [HailoRT] [info] [queue_elements.cpp:46] [~BaseQueueElement] Queue element PullQEl_nms6best/conv63_97 has 0 frames in his Queue on destruction
[2026-08-28 16:21:11.584] [7022] [HailoRT] [info] [queue_elements.cpp:68] [operator()] Thread in element PullQEl_nms7best/conv62_97 is not running anymore, exiting..
[2026-08-28 16:21:11.584] [4623] [HailoRT] [info] [queue_elements.cpp:46] [~BaseQueueElement] Queue element PullQEl_nms7best/conv62_97 has 0 frames in his Queue on destruction
[2026-08-28 16:21:11.585] [7021] [HailoRT] [info] [queue_elements.cpp:68] [operator()] Thread in element PullQEl_nms2best/conv53_97 is not running anymore, exiting..
[2026-08-28 16:21:11.585] [4623] [HailoRT] [info] [queue_elements.cpp:46] [~BaseQueueElement] Queue element PullQEl_nms2best/conv53_97 has 0 frames in his Queue on destruction
[2026-08-28 16:21:11.585] [7020] [HailoRT] [info] [queue_elements.cpp:68] [operator()] Thread in element PullQEl_nms4best/conv52_97 is not running anymore, exiting..
[2026-08-28 16:21:11.585] [4623] [HailoRT] [info] [queue_elements.cpp:46] [~BaseQueueElement] Queue element PullQEl_nms4best/conv52_97 has 0 frames in his Queue on destruction
[2026-08-28 16:21:11.585] [7019] [HailoRT] [info] [queue_elements.cpp:68] [operator()] Thread in element PullQEl_nms0best/conv42_97 is not running anymore, exiting..
[2026-08-28 16:21:11.585] [4623] [HailoRT] [info] [queue_elements.cpp:46] [~BaseQueueElement] Queue element PullQEl_nms0best/conv42_97 has 0 frames in his Queue on destruction
[2026-08-28 16:21:11.585] [7018] [HailoRT] [info] [queue_elements.cpp:68] [operator()] Thread in element PullQEl_nms1best/conv41_97 is not running anymore, exiting..
[2026-08-28 16:21:11.585] [4623] [HailoRT] [info] [queue_elements.cpp:46] [~BaseQueueElement] Queue element PullQEl_nms1best/conv41_97 has 0 frames in his Queue on destruction
[2026-08-28 16:21:11.585] [7017] [HailoRT] [info] [queue_elements.cpp:68] [operator()] Thread in element PushQEl3best/input_layer1 is not running anymore, exiting..
[2026-08-28 16:21:11.585] [4623] [HailoRT] [info] [queue_elements.cpp:46] [~BaseQueueElement] Queue element PushQEl3best/input_layer1 has 0 frames in his Queue on destruction
[2026-08-28 16:21:11.585] [4623] [HailoRT] [info] [core_op.cpp:186] [deactivate] Deactivating took 0.419151 ms
[2026-08-28 16:21:11.585] [4623] [HailoRT] [info] [core_op.cpp:186] [deactivate] Deactivating took 0.44452 ms
[2026-08-28 16:21:11.606] [4623] [HailoRT] [info] [core_op.cpp:156] [activate] Activating best took 0.439575 milliseconds. Note that the function is asynchronous and thus the network is not fully activated yet.
[2026-08-28 16:21:11.606] [4623] [HailoRT] [info] [core_op.cpp:156] [activate] Activating best took 0.458926 milliseconds. Note that the function is asynchronous and thus the network is not fully activated yet.
[2026-08-28 16:21:11.606] [4623] [HailoRT] [info] [edge_elements.cpp:52] [create] Created (HwWriteEl3best/input_layer1 | hw_frame_size: 1228800)
[2026-08-28 16:21:11.606] [4623] [HailoRT] [info] [queue_elements.cpp:284] [create] Created (PushQEl3best/input_layer1 | timeout: 10s)
[2026-08-28 16:21:11.606] [4623] [HailoRT] [info] [filter_elements.cpp:101] [create] Created (PreInferEl3best/input_layer1 | Reorder - src_order: NHWC, src_shape: (640, 640, 3), dst_order: NHCW, dst_shape: (640, 640, 3))
[2026-08-28 16:21:11.606] [4623] [HailoRT] [info] [vstream.cpp:754] [InputVStreamImpl] Creating best/input_layer1...
[2026-08-28 16:21:11.606] [4623] [HailoRT] [info] [vstream_builder.cpp:102] [create_inputs] Input pipeline 'best/input_layer1': (PreInferEl3best/input_layer1 | Reorder - src_order: NHWC, src_shape: (640, 640, 3), dst_order: NHCW, dst_shape: (640, 640, 3)) >> (PushQEl3best/input_layer1 | timeout: 10s) >> (HwWriteEl3best/input_layer1 | hw_frame_size: 1228800) >> HW
[2026-08-28 16:21:11.606] [4623] [HailoRT] [info] [multi_io_elements.cpp:135] [create] Created (NmsPPMuxEl0YOLOV8-Post-Process | Op YOLOV8, Name: YOLOV8-Post-Process, Score threshold: 0.250, IoU threshold: 0.70, Classes: 1, Cross classes: false, NMS results order: BY_CLASS, Max bboxes per class: 100, Image height: 640, Image width: 640)
[2026-08-28 16:21:11.606] [4623] [HailoRT] [info] [edge_elements.cpp:287] [create] Created (HwReadEl1best/conv41_97 | hw_frame_size: 409600)
[2026-08-28 16:21:11.607] [4623] [HailoRT] [info] [queue_elements.cpp:657] [create] Created (PullQEl_nms1best/conv41_97 | timeout: 10s)
[2026-08-28 16:21:11.607] [4623] [HailoRT] [info] [edge_elements.cpp:287] [create] Created (HwReadEl0best/conv42_97 | hw_frame_size: 6400)
[2026-08-28 16:21:11.607] [4623] [HailoRT] [info] [queue_elements.cpp:657] [create] Created (PullQEl_nms0best/conv42_97 | timeout: 10s)
[2026-08-28 16:21:11.607] [4623] [HailoRT] [info] [edge_elements.cpp:287] [create] Created (HwReadEl4best/conv52_97 | hw_frame_size: 102400)
[2026-08-28 16:21:11.607] [4623] [HailoRT] [info] [queue_elements.cpp:657] [create] Created (PullQEl_nms4best/conv52_97 | timeout: 10s)
[2026-08-28 16:21:11.607] [4623] [HailoRT] [info] [edge_elements.cpp:287] [create] Created (HwReadEl2best/conv53_97 | hw_frame_size: 1600)
[2026-08-28 16:21:11.607] [4623] [HailoRT] [info] [queue_elements.cpp:657] [create] Created (PullQEl_nms2best/conv53_97 | timeout: 10s)
[2026-08-28 16:21:11.607] [4623] [HailoRT] [info] [edge_elements.cpp:287] [create] Created (HwReadEl7best/conv62_97 | hw_frame_size: 30720)
[2026-08-28 16:21:11.607] [4623] [HailoRT] [info] [queue_elements.cpp:657] [create] Created (PullQEl_nms7best/conv62_97 | timeout: 10s)
[2026-08-28 16:21:11.607] [4623] [HailoRT] [info] [edge_elements.cpp:287] [create] Created (HwReadEl6best/conv63_97 | hw_frame_size: 480)
[2026-08-28 16:21:11.607] [4623] [HailoRT] [info] [queue_elements.cpp:657] [create] Created (PullQEl_nms6best/conv63_97 | timeout: 10s)
[2026-08-28 16:21:11.607] [4623] [HailoRT] [info] [queue_elements.cpp:800] [create] Created (UserBufQEl_post_infer0best/yolov8_nms_postprocess | timeout: 10s)
[2026-08-28 16:21:11.607] [4623] [HailoRT] [info] [vstream.cpp:1114] [OutputVStreamImpl] Creating best/yolov8_nms_postprocess...
[2026-08-28 16:21:11.607] [4623] [HailoRT] [info] [vstream_builder.cpp:622] [create_output_post_process_nms] Output pipeline 'best/yolov8_nms_postprocess': HW >> (HwReadEl1best/conv41_97 | hw_frame_size: 409600) >> (PullQEl_nms1best/conv41_97) >> (HwReadEl0best/conv42_97 | hw_frame_size: 6400) >> (PullQEl_nms0best/conv42_97) >> (HwReadEl4best/conv52_97 | hw_frame_size: 102400) >> (PullQEl_nms4best/conv52_97) >> (HwReadEl2best/conv53_97 | hw_frame_size: 1600) >> (PullQEl_nms2best/conv53_97) >> (HwReadEl7best/conv62_97 | hw_frame_size: 30720) >> (PullQEl_nms7best/conv62_97) >> (HwReadEl6best/conv63_97 | hw_frame_size: 480) >> (PullQEl_nms6best/conv63_97) >> (NmsPPMuxEl0YOLOV8-Post-Process | Op YOLOV8, Name: YOLOV8-Post-Process, Score threshold: 0.250, IoU threshold: 0.70, Classes: 1, Cross classes: false, NMS results order: BY_CLASS, Max bboxes per class: 100, Image height: 640, Image width: 640) >> (UserBufQEl_post_infer0best/yolov8_nms_postprocess | timeout: 10s)
[2026-08-28 16:21:11.618] [7028] [HailoRT] [info] [vdevice_native_stream.cpp:331] [read_impl] Failed read from stream HAILO_STREAM_ABORT(63) (device: 0001:01:00.0)
[2026-08-28 16:21:11.618] [7032] [HailoRT] [info] [vdevice_native_stream.cpp:331] [read_impl] Failed read from stream HAILO_STREAM_ABORT(63) (device: 0001:01:00.0)
[2026-08-28 16:21:11.618] [7032] [HailoRT] [info] [edge_elements.cpp:396] [run_pull] Reading from stream was aborted!
[2026-08-28 16:21:11.618] [7031] [HailoRT] [info] [vdevice_native_stream.cpp:331] [read_impl] Failed read from stream HAILO_STREAM_ABORT(63) (device: 0001:01:00.0)
[2026-08-28 16:21:11.618] [7028] [HailoRT] [info] [edge_elements.cpp:396] [run_pull] Reading from stream was aborted!
[2026-08-28 16:21:11.618] [7032] [HailoRT] [info] [queue_elements.cpp:738] [run_in_thread] run_pull of queue element PullQEl_nms7best/conv62_97 was aborted!
[2026-08-28 16:21:11.618] [7028] [HailoRT] [info] [queue_elements.cpp:738] [run_in_thread] run_pull of queue element PullQEl_nms1best/conv41_97 was aborted!
[2026-08-28 16:21:11.618] [7029] [HailoRT] [info] [vdevice_native_stream.cpp:331] [read_impl] Failed read from stream HAILO_STREAM_ABORT(63) (device: 0001:01:00.0)
[2026-08-28 16:21:11.618] [7029] [HailoRT] [info] [edge_elements.cpp:396] [run_pull] Reading from stream was aborted!
[2026-08-28 16:21:11.618] [7031] [HailoRT] [info] [edge_elements.cpp:396] [run_pull] Reading from stream was aborted!
[2026-08-28 16:21:11.618] [7029] [HailoRT] [info] [queue_elements.cpp:738] [run_in_thread] run_pull of queue element PullQEl_nms0best/conv42_97 was aborted!
[2026-08-28 16:21:11.618] [7031] [HailoRT] [info] [queue_elements.cpp:738] [run_in_thread] run_pull of queue element PullQEl_nms2best/conv53_97 was aborted!
[2026-08-28 16:21:11.618] [7030] [HailoRT] [info] [vdevice_native_stream.cpp:331] [read_impl] Failed read from stream HAILO_STREAM_ABORT(63) (device: 0001:01:00.0)
[2026-08-28 16:21:11.618] [7030] [HailoRT] [info] [edge_elements.cpp:396] [run_pull] Reading from stream was aborted!
[2026-08-28 16:21:11.618] [7030] [HailoRT] [info] [queue_elements.cpp:738] [run_in_thread] run_pull of queue element PullQEl_nms4best/conv52_97 was aborted!
[2026-08-28 16:21:11.618] [7033] [HailoRT] [info] [vdevice_native_stream.cpp:331] [read_impl] Failed read from stream HAILO_STREAM_ABORT(63) (device: 0001:01:00.0)
[2026-08-28 16:21:11.618] [7033] [HailoRT] [info] [edge_elements.cpp:396] [run_pull] Reading from stream was aborted!
[2026-08-28 16:21:11.618] [7033] [HailoRT] [info] [queue_elements.cpp:738] [run_in_thread] run_pull of queue element PullQEl_nms6best/conv63_97 was aborted!
[2026-08-28 16:21:11.618] [7034] [HailoRT] [info] [queue_elements.cpp:68] [operator()] Thread in element UserBufQEl_post_infer0best/yolov8_nms_postprocess is not running anymore, exiting..
[2026-08-28 16:21:11.618] [4623] [HailoRT] [info] [queue_elements.cpp:46] [~BaseQueueElement] Queue element UserBufQEl_post_infer0best/yolov8_nms_postprocess has 0 frames in his Queue on destruction
[2026-08-28 16:21:11.618] [7033] [HailoRT] [info] [queue_elements.cpp:68] [operator()] Thread in element PullQEl_nms6best/conv63_97 is not running anymore, exiting..
[2026-08-28 16:21:11.618] [4623] [HailoRT] [info] [queue_elements.cpp:46] [~BaseQueueElement] Queue element PullQEl_nms6best/conv63_97 has 0 frames in his Queue on destruction
[2026-08-28 16:21:11.618] [7032] [HailoRT] [info] [queue_elements.cpp:68] [operator()] Thread in element PullQEl_nms7best/conv62_97 is not running anymore, exiting..
[2026-08-28 16:21:11.618] [4623] [HailoRT] [info] [queue_elements.cpp:46] [~BaseQueueElement] Queue element PullQEl_nms7best/conv62_97 has 0 frames in his Queue on destruction
[2026-08-28 16:21:11.618] [7031] [HailoRT] [info] [queue_elements.cpp:68] [operator()] Thread in element PullQEl_nms2best/conv53_97 is not running anymore, exiting..
[2026-08-28 16:21:11.618] [4623] [HailoRT] [info] [queue_elements.cpp:46] [~BaseQueueElement] Queue element PullQEl_nms2best/conv53_97 has 0 frames in his Queue on destruction
[2026-08-28 16:21:11.618] [7030] [HailoRT] [info] [queue_elements.cpp:68] [operator()] Thread in element PullQEl_nms4best/conv52_97 is not running anymore, exiting..
[2026-08-28 16:21:11.618] [4623] [HailoRT] [info] [queue_elements.cpp:46] [~BaseQueueElement] Queue element PullQEl_nms4best/conv52_97 has 0 frames in his Queue on destruction
[2026-08-28 16:21:11.618] [7029] [HailoRT] [info] [queue_elements.cpp:68] [operator()] Thread in element PullQEl_nms0best/conv42_97 is not running anymore, exiting..
[2026-08-28 16:21:11.618] [4623] [HailoRT] [info] [queue_elements.cpp:46] [~BaseQueueElement] Queue element PullQEl_nms0best/conv42_97 has 0 frames in his Queue on destruction
[2026-08-28 16:21:11.618] [7028] [HailoRT] [info] [queue_elements.cpp:68] [operator()] Thread in element PullQEl_nms1best/conv41_97 is not running anymore, exiting..
[2026-08-28 16:21:11.618] [4623] [HailoRT] [info] [queue_elements.cpp:46] [~BaseQueueElement] Queue element PullQEl_nms1best/conv41_97 has 0 frames in his Queue on destruction
[2026-08-28 16:21:11.618] [7027] [HailoRT] [info] [queue_elements.cpp:68] [operator()] Thread in element PushQEl3best/input_layer1 is not running anymore, exiting..
[2026-08-28 16:21:11.618] [4623] [HailoRT] [info] [queue_elements.cpp:46] [~BaseQueueElement] Queue element PushQEl3best/input_layer1 has 0 frames in his Queue on destruction
[2026-08-28 16:21:11.619] [4623] [HailoRT] [info] [core_op.cpp:186] [deactivate] Deactivating took 0.416262 ms
[2026-08-28 16:21:11.619] [4623] [HailoRT] [info] [core_op.cpp:186] [deactivate] Deactivating took 0.425854 ms
[2026-08-28 16:21:11.640] [4623] [HailoRT] [info] [core_op.cpp:156] [activate] Activating best took 0.446112 milliseconds. Note that the function is asynchronous and thus the network is not fully activated yet.
[2026-08-28 16:21:11.640] [4623] [HailoRT] [info] [core_op.cpp:156] [activate] Activating best took 0.466871 milliseconds. Note that the function is asynchronous and thus the network is not fully activated yet.
[2026-08-28 16:21:11.640] [4623] [HailoRT] [info] [edge_elements.cpp:52] [create] Created (HwWriteEl3best/input_layer1 | hw_frame_size: 1228800)
[2026-08-28 16:21:11.640] [4623] [HailoRT] [info] [queue_elements.cpp:284] [create] Created (PushQEl3best/input_layer1 | timeout: 10s)
[2026-08-28 16:21:11.640] [4623] [HailoRT] [info] [filter_elements.cpp:101] [create] Created (PreInferEl3best/input_layer1 | Reorder - src_order: NHWC, src_shape: (640, 640, 3), dst_order: NHCW, dst_shape: (640, 640, 3))
[2026-08-28 16:21:11.640] [4623] [HailoRT] [info] [vstream.cpp:754] [InputVStreamImpl] Creating best/input_layer1...
[2026-08-28 16:21:11.640] [4623] [HailoRT] [info] [vstream_builder.cpp:102] [create_inputs] Input pipeline 'best/input_layer1': (PreInferEl3best/input_layer1 | Reorder - src_order: NHWC, src_shape: (640, 640, 3), dst_order: NHCW, dst_shape: (640, 640, 3)) >> (PushQEl3best/input_layer1 | timeout: 10s) >> (HwWriteEl3best/input_layer1 | hw_frame_size: 1228800) >> HW
[2026-08-28 16:21:11.640] [4623] [HailoRT] [info] [multi_io_elements.cpp:135] [create] Created (NmsPPMuxEl0YOLOV8-Post-Process | Op YOLOV8, Name: YOLOV8-Post-Process, Score threshold: 0.250, IoU threshold: 0.70, Classes: 1, Cross classes: false, NMS results order: BY_CLASS, Max bboxes per class: 100, Image height: 640, Image width: 640)
[2026-08-28 16:21:11.640] [4623] [HailoRT] [info] [edge_elements.cpp:287] [create] Created (HwReadEl1best/conv41_97 | hw_frame_size: 409600)
[2026-08-28 16:21:11.640] [4623] [HailoRT] [info] [queue_elements.cpp:657] [create] Created (PullQEl_nms1best/conv41_97 | timeout: 10s)
[2026-08-28 16:21:11.640] [4623] [HailoRT] [info] [edge_elements.cpp:287] [create] Created (HwReadEl0best/conv42_97 | hw_frame_size: 6400)
[2026-08-28 16:21:11.640] [4623] [HailoRT] [info] [queue_elements.cpp:657] [create] Created (PullQEl_nms0best/conv42_97 | timeout: 10s)
[2026-08-28 16:21:11.640] [4623] [HailoRT] [info] [edge_elements.cpp:287] [create] Created (HwReadEl4best/conv52_97 | hw_frame_size: 102400)
[2026-08-28 16:21:11.640] [4623] [HailoRT] [info] [queue_elements.cpp:657] [create] Created (PullQEl_nms4best/conv52_97 | timeout: 10s)
[2026-08-28 16:21:11.640] [4623] [HailoRT] [info] [edge_elements.cpp:287] [create] Created (HwReadEl2best/conv53_97 | hw_frame_size: 1600)
[2026-08-28 16:21:11.640] [4623] [HailoRT] [info] [queue_elements.cpp:657] [create] Created (PullQEl_nms2best/conv53_97 | timeout: 10s)
[2026-08-28 16:21:11.640] [4623] [HailoRT] [info] [edge_elements.cpp:287] [create] Created (HwReadEl7best/conv62_97 | hw_frame_size: 30720)
[2026-08-28 16:21:11.640] [4623] [HailoRT] [info] [queue_elements.cpp:657] [create] Created (PullQEl_nms7best/conv62_97 | timeout: 10s)
[2026-08-28 16:21:11.640] [4623] [HailoRT] [info] [edge_elements.cpp:287] [create] Created (HwReadEl6best/conv63_97 | hw_frame_size: 480)
[2026-08-28 16:21:11.640] [4623] [HailoRT] [info] [queue_elements.cpp:657] [create] Created (PullQEl_nms6best/conv63_97 | timeout: 10s)
[2026-08-28 16:21:11.640] [4623] [HailoRT] [info] [queue_elements.cpp:800] [create] Created (UserBufQEl_post_infer0best/yolov8_nms_postprocess | timeout: 10s)
[2026-08-28 16:21:11.640] [4623] [HailoRT] [info] [vstream.cpp:1114] [OutputVStreamImpl] Creating best/yolov8_nms_postprocess...
[2026-08-28 16:21:11.640] [4623] [HailoRT] [info] [vstream_builder.cpp:622] [create_output_post_process_nms] Output pipeline 'best/yolov8_nms_postprocess': HW >> (HwReadEl1best/conv41_97 | hw_frame_size: 409600) >> (PullQEl_nms1best/conv41_97) >> (HwReadEl0best/conv42_97 | hw_frame_size: 6400) >> (PullQEl_nms0best/conv42_97) >> (HwReadEl4best/conv52_97 | hw_frame_size: 102400) >> (PullQEl_nms4best/conv52_97) >> (HwReadEl2best/conv53_97 | hw_frame_size: 1600) >> (PullQEl_nms2best/conv53_97) >> (HwReadEl7best/conv62_97 | hw_frame_size: 30720) >> (PullQEl_nms7best/conv62_97) >> (HwReadEl6best/conv63_97 | hw_frame_size: 480) >> (PullQEl_nms6best/conv63_97) >> (NmsPPMuxEl0YOLOV8-Post-Process | Op YOLOV8, Name: YOLOV8-Post-Process, Score threshold: 0.250, IoU threshold: 0.70, Classes: 1, Cross classes: false, NMS results order: BY_CLASS, Max bboxes per class: 100, Image height: 640, Image width: 640) >> (UserBufQEl_post_infer0best/yolov8_nms_postprocess | timeout: 10s)
[2026-08-28 16:21:11.651] [7039] [HailoRT] [info] [vdevice_native_stream.cpp:331] [read_impl] Failed read from stream HAILO_STREAM_ABORT(63) (device: 0001:01:00.0)
[2026-08-28 16:21:11.651] [7043] [HailoRT] [info] [vdevice_native_stream.cpp:331] [read_impl] Failed read from stream HAILO_STREAM_ABORT(63) (device: 0001:01:00.0)
[2026-08-28 16:21:11.651] [7043] [HailoRT] [info] [edge_elements.cpp:396] [run_pull] Reading from stream was aborted!
[2026-08-28 16:21:11.651] [7042] [HailoRT] [info] [vdevice_native_stream.cpp:331] [read_impl] Failed read from stream HAILO_STREAM_ABORT(63) (device: 0001:01:00.0)
[2026-08-28 16:21:11.651] [7042] [HailoRT] [info] [edge_elements.cpp:396] [run_pull] Reading from stream was aborted!
[2026-08-28 16:21:11.651] [7043] [HailoRT] [info] [queue_elements.cpp:738] [run_in_thread] run_pull of queue element PullQEl_nms6best/conv63_97 was aborted!
[2026-08-28 16:21:11.651] [7042] [HailoRT] [info] [queue_elements.cpp:738] [run_in_thread] run_pull of queue element PullQEl_nms7best/conv62_97 was aborted!
[2026-08-28 16:21:11.651] [7040] [HailoRT] [info] [vdevice_native_stream.cpp:331] [read_impl] Failed read from stream HAILO_STREAM_ABORT(63) (device: 0001:01:00.0)
[2026-08-28 16:21:11.651] [7039] [HailoRT] [info] [edge_elements.cpp:396] [run_pull] Reading from stream was aborted!
[2026-08-28 16:21:11.651] [7040] [HailoRT] [info] [edge_elements.cpp:396] [run_pull] Reading from stream was aborted!
[2026-08-28 16:21:11.651] [7041] [HailoRT] [info] [vdevice_native_stream.cpp:331] [read_impl] Failed read from stream HAILO_STREAM_ABORT(63) (device: 0001:01:00.0)
[2026-08-28 16:21:11.651] [7041] [HailoRT] [info] [edge_elements.cpp:396] [run_pull] Reading from stream was aborted!
[2026-08-28 16:21:11.651] [7039] [HailoRT] [info] [queue_elements.cpp:738] [run_in_thread] run_pull of queue element PullQEl_nms0best/conv42_97 was aborted!
[2026-08-28 16:21:11.651] [7040] [HailoRT] [info] [queue_elements.cpp:738] [run_in_thread] run_pull of queue element PullQEl_nms4best/conv52_97 was aborted!
[2026-08-28 16:21:11.651] [7038] [HailoRT] [info] [vdevice_native_stream.cpp:331] [read_impl] Failed read from stream HAILO_STREAM_ABORT(63) (device: 0001:01:00.0)
[2026-08-28 16:21:11.651] [7038] [HailoRT] [info] [edge_elements.cpp:396] [run_pull] Reading from stream was aborted!
[2026-08-28 16:21:11.651] [7038] [HailoRT] [info] [queue_elements.cpp:738] [run_in_thread] run_pull of queue element PullQEl_nms1best/conv41_97 was aborted!
[2026-08-28 16:21:11.651] [7041] [HailoRT] [info] [queue_elements.cpp:738] [run_in_thread] run_pull of queue element PullQEl_nms2best/conv53_97 was aborted!
[2026-08-28 16:21:11.651] [7044] [HailoRT] [info] [queue_elements.cpp:68] [operator()] Thread in element UserBufQEl_post_infer0best/yolov8_nms_postprocess is not running anymore, exiting..
[2026-08-28 16:21:11.651] [4623] [HailoRT] [info] [queue_elements.cpp:46] [~BaseQueueElement] Queue element UserBufQEl_post_infer0best/yolov8_nms_postprocess has 0 frames in his Queue on destruction
[2026-08-28 16:21:11.651] [7043] [HailoRT] [info] [queue_elements.cpp:68] [operator()] Thread in element PullQEl_nms6best/conv63_97 is not running anymore, exiting..
[2026-08-28 16:21:11.651] [4623] [HailoRT] [info] [queue_elements.cpp:46] [~BaseQueueElement] Queue element PullQEl_nms6best/conv63_97 has 0 frames in his Queue on destruction
[2026-08-28 16:21:11.651] [7042] [HailoRT] [info] [queue_elements.cpp:68] [operator()] Thread in element PullQEl_nms7best/conv62_97 is not running anymore, exiting..
[2026-08-28 16:21:11.651] [4623] [HailoRT] [info] [queue_elements.cpp:46] [~BaseQueueElement] Queue element PullQEl_nms7best/conv62_97 has 0 frames in his Queue on destruction
[2026-08-28 16:21:11.651] [7041] [HailoRT] [info] [queue_elements.cpp:68] [operator()] Thread in element PullQEl_nms2best/conv53_97 is not running anymore, exiting..
[2026-08-28 16:21:11.651] [4623] [HailoRT] [info] [queue_elements.cpp:46] [~BaseQueueElement] Queue element PullQEl_nms2best/conv53_97 has 0 frames in his Queue on destruction
[2026-08-28 16:21:11.651] [7040] [HailoRT] [info] [queue_elements.cpp:68] [operator()] Thread in element PullQEl_nms4best/conv52_97 is not running anymore, exiting..
[2026-08-28 16:21:11.651] [4623] [HailoRT] [info] [queue_elements.cpp:46] [~BaseQueueElement] Queue element PullQEl_nms4best/conv52_97 has 0 frames in his Queue on destruction
[2026-08-28 16:21:11.651] [7039] [HailoRT] [info] [queue_elements.cpp:68] [operator()] Thread in element PullQEl_nms0best/conv42_97 is not running anymore, exiting..
[2026-08-28 16:21:11.651] [4623] [HailoRT] [info] [queue_elements.cpp:46] [~BaseQueueElement] Queue element PullQEl_nms0best/conv42_97 has 0 frames in his Queue on destruction
[2026-08-28 16:21:11.651] [7038] [HailoRT] [info] [queue_elements.cpp:68] [operator()] Thread in element PullQEl_nms1best/conv41_97 is not running anymore, exiting..
[2026-08-28 16:21:11.651] [4623] [HailoRT] [info] [queue_elements.cpp:46] [~BaseQueueElement] Queue element PullQEl_nms1best/conv41_97 has 0 frames in his Queue on destruction
[2026-08-28 16:21:11.651] [7037] [HailoRT] [info] [queue_elements.cpp:68] [operator()] Thread in element PushQEl3best/input_layer1 is not running anymore, exiting..
[2026-08-28 16:21:11.651] [4623] [HailoRT] [info] [queue_elements.cpp:46] [~BaseQueueElement] Queue element PushQEl3best/input_layer1 has 0 frames in his Queue on destruction
[2026-08-28 16:21:11.652] [4623] [HailoRT] [info] [core_op.cpp:186] [deactivate] Deactivating took 0.412206 ms
[2026-08-28 16:21:11.652] [4623] [HailoRT] [info] [core_op.cpp:186] [deactivate] Deactivating took 0.420817 ms
[2026-08-28 16:21:11.672] [4623] [HailoRT] [info] [core_op.cpp:156] [activate] Activating best took 0.458001 milliseconds. Note that the function is asynchronous and thus the network is not fully activated yet.
[2026-08-28 16:21:11.672] [4623] [HailoRT] [info] [core_op.cpp:156] [activate] Activating best took 0.47937 milliseconds. Note that the function is asynchronous and thus the network is not fully activated yet.
[2026-08-28 16:21:11.672] [4623] [HailoRT] [info] [edge_elements.cpp:52] [create] Created (HwWriteEl3best/input_layer1 | hw_frame_size: 1228800)
[2026-08-28 16:21:11.672] [4623] [HailoRT] [info] [queue_elements.cpp:284] [create] Created (PushQEl3best/input_layer1 | timeout: 10s)
[2026-08-28 16:21:11.672] [4623] [HailoRT] [info] [filter_elements.cpp:101] [create] Created (PreInferEl3best/input_layer1 | Reorder - src_order: NHWC, src_shape: (640, 640, 3), dst_order: NHCW, dst_shape: (640, 640, 3))
[2026-08-28 16:21:11.672] [4623] [HailoRT] [info] [vstream.cpp:754] [InputVStreamImpl] Creating best/input_layer1...
[2026-08-28 16:21:11.672] [4623] [HailoRT] [info] [vstream_builder.cpp:102] [create_inputs] Input pipeline 'best/input_layer1': (PreInferEl3best/input_layer1 | Reorder - src_order: NHWC, src_shape: (640, 640, 3), dst_order: NHCW, dst_shape: (640, 640, 3)) >> (PushQEl3best/input_layer1 | timeout: 10s) >> (HwWriteEl3best/input_layer1 | hw_frame_size: 1228800) >> HW
[2026-08-28 16:21:11.672] [4623] [HailoRT] [info] [multi_io_elements.cpp:135] [create] Created (NmsPPMuxEl0YOLOV8-Post-Process | Op YOLOV8, Name: YOLOV8-Post-Process, Score threshold: 0.250, IoU threshold: 0.70, Classes: 1, Cross classes: false, NMS results order: BY_CLASS, Max bboxes per class: 100, Image height: 640, Image width: 640)
[2026-08-28 16:21:11.672] [4623] [HailoRT] [info] [edge_elements.cpp:287] [create] Created (HwReadEl1best/conv41_97 | hw_frame_size: 409600)
[2026-08-28 16:21:11.673] [4623] [HailoRT] [info] [queue_elements.cpp:657] [create] Created (PullQEl_nms1best/conv41_97 | timeout: 10s)
[2026-08-28 16:21:11.673] [4623] [HailoRT] [info] [edge_elements.cpp:287] [create] Created (HwReadEl0best/conv42_97 | hw_frame_size: 6400)
[2026-08-28 16:21:11.673] [4623] [HailoRT] [info] [queue_elements.cpp:657] [create] Created (PullQEl_nms0best/conv42_97 | timeout: 10s)
[2026-08-28 16:21:11.673] [4623] [HailoRT] [info] [edge_elements.cpp:287] [create] Created (HwReadEl4best/conv52_97 | hw_frame_size: 102400)
[2026-08-28 16:21:11.673] [4623] [HailoRT] [info] [queue_elements.cpp:657] [create] Created (PullQEl_nms4best/conv52_97 | timeout: 10s)
[2026-08-28 16:21:11.673] [4623] [HailoRT] [info] [edge_elements.cpp:287] [create] Created (HwReadEl2best/conv53_97 | hw_frame_size: 1600)
[2026-08-28 16:21:11.673] [4623] [HailoRT] [info] [queue_elements.cpp:657] [create] Created (PullQEl_nms2best/conv53_97 | timeout: 10s)
[2026-08-28 16:21:11.673] [4623] [HailoRT] [info] [edge_elements.cpp:287] [create] Created (HwReadEl7best/conv62_97 | hw_frame_size: 30720)
[2026-08-28 16:21:11.673] [4623] [HailoRT] [info] [queue_elements.cpp:657] [create] Created (PullQEl_nms7best/conv62_97 | timeout: 10s)
[2026-08-28 16:21:11.673] [4623] [HailoRT] [info] [edge_elements.cpp:287] [create] Created (HwReadEl6best/conv63_97 | hw_frame_size: 480)
[2026-08-28 16:21:11.673] [4623] [HailoRT] [info] [queue_elements.cpp:657] [create] Created (PullQEl_nms6best/conv63_97 | timeout: 10s)
[2026-08-28 16:21:11.673] [4623] [HailoRT] [info] [queue_elements.cpp:800] [create] Created (UserBufQEl_post_infer0best/yolov8_nms_postprocess | timeout: 10s)
[2026-08-28 16:21:11.673] [4623] [HailoRT] [info] [vstream.cpp:1114] [OutputVStreamImpl] Creating best/yolov8_nms_postprocess...
[2026-08-28 16:21:11.673] [4623] [HailoRT] [info] [vstream_builder.cpp:622] [create_output_post_process_nms] Output pipeline 'best/yolov8_nms_postprocess': HW >> (HwReadEl1best/conv41_97 | hw_frame_size: 409600) >> (PullQEl_nms1best/conv41_97) >> (HwReadEl0best/conv42_97 | hw_frame_size: 6400) >> (PullQEl_nms0best/conv42_97) >> (HwReadEl4best/conv52_97 | hw_frame_size: 102400) >> (PullQEl_nms4best/conv52_97) >> (HwReadEl2best/conv53_97 | hw_frame_size: 1600) >> (PullQEl_nms2best/conv53_97) >> (HwReadEl7best/conv62_97 | hw_frame_size: 30720) >> (PullQEl_nms7best/conv62_97) >> (HwReadEl6best/conv63_97 | hw_frame_size: 480) >> (PullQEl_nms6best/conv63_97) >> (NmsPPMuxEl0YOLOV8-Post-Process | Op YOLOV8, Name: YOLOV8-Post-Process, Score threshold: 0.250, IoU threshold: 0.70, Classes: 1, Cross classes: false, NMS results order: BY_CLASS, Max bboxes per class: 100, Image height: 640, Image width: 640) >> (UserBufQEl_post_infer0best/yolov8_nms_postprocess | timeout: 10s)
[2026-08-28 16:21:11.683] [7048] [HailoRT] [info] [vdevice_native_stream.cpp:331] [read_impl] Failed read from stream HAILO_STREAM_ABORT(63) (device: 0001:01:00.0)
[2026-08-28 16:21:11.683] [7052] [HailoRT] [info] [vdevice_native_stream.cpp:331] [read_impl] Failed read from stream HAILO_STREAM_ABORT(63) (device: 0001:01:00.0)
[2026-08-28 16:21:11.683] [7052] [HailoRT] [info] [edge_elements.cpp:396] [run_pull] Reading from stream was aborted!
[2026-08-28 16:21:11.683] [7051] [HailoRT] [info] [vdevice_native_stream.cpp:331] [read_impl] Failed read from stream HAILO_STREAM_ABORT(63) (device: 0001:01:00.0)
[2026-08-28 16:21:11.683] [7053] [HailoRT] [info] [vdevice_native_stream.cpp:331] [read_impl] Failed read from stream HAILO_STREAM_ABORT(63) (device: 0001:01:00.0)
[2026-08-28 16:21:11.683] [7052] [HailoRT] [info] [queue_elements.cpp:738] [run_in_thread] run_pull of queue element PullQEl_nms7best/conv62_97 was aborted!
[2026-08-28 16:21:11.683] [7053] [HailoRT] [info] [edge_elements.cpp:396] [run_pull] Reading from stream was aborted!
[2026-08-28 16:21:11.683] [7051] [HailoRT] [info] [edge_elements.cpp:396] [run_pull] Reading from stream was aborted!
[2026-08-28 16:21:11.683] [7049] [HailoRT] [info] [vdevice_native_stream.cpp:331] [read_impl] Failed read from stream HAILO_STREAM_ABORT(63) (device: 0001:01:00.0)
[2026-08-28 16:21:11.683] [7053] [HailoRT] [info] [queue_elements.cpp:738] [run_in_thread] run_pull of queue element PullQEl_nms6best/conv63_97 was aborted!
[2026-08-28 16:21:11.683] [7049] [HailoRT] [info] [edge_elements.cpp:396] [run_pull] Reading from stream was aborted!
[2026-08-28 16:21:11.683] [7051] [HailoRT] [info] [queue_elements.cpp:738] [run_in_thread] run_pull of queue element PullQEl_nms2best/conv53_97 was aborted!
[2026-08-28 16:21:11.683] [7049] [HailoRT] [info] [queue_elements.cpp:738] [run_in_thread] run_pull of queue element PullQEl_nms0best/conv42_97 was aborted!
[2026-08-28 16:21:11.683] [7048] [HailoRT] [info] [edge_elements.cpp:396] [run_pull] Reading from stream was aborted!
[2026-08-28 16:21:11.683] [7050] [HailoRT] [info] [vdevice_native_stream.cpp:331] [read_impl] Failed read from stream HAILO_STREAM_ABORT(63) (device: 0001:01:00.0)
[2026-08-28 16:21:11.683] [7050] [HailoRT] [info] [edge_elements.cpp:396] [run_pull] Reading from stream was aborted!
[2026-08-28 16:21:11.683] [7048] [HailoRT] [info] [queue_elements.cpp:738] [run_in_thread] run_pull of queue element PullQEl_nms1best/conv41_97 was aborted!
[2026-08-28 16:21:11.683] [7050] [HailoRT] [info] [queue_elements.cpp:738] [run_in_thread] run_pull of queue element PullQEl_nms4best/conv52_97 was aborted!
[2026-08-28 16:21:11.683] [7054] [HailoRT] [info] [queue_elements.cpp:68] [operator()] Thread in element UserBufQEl_post_infer0best/yolov8_nms_postprocess is not running anymore, exiting..
[2026-08-28 16:21:11.683] [4623] [HailoRT] [info] [queue_elements.cpp:46] [~BaseQueueElement] Queue element UserBufQEl_post_infer0best/yolov8_nms_postprocess has 0 frames in his Queue on destruction
[2026-08-28 16:21:11.683] [7053] [HailoRT] [info] [queue_elements.cpp:68] [operator()] Thread in element PullQEl_nms6best/conv63_97 is not running anymore, exiting..
[2026-08-28 16:21:11.683] [4623] [HailoRT] [info] [queue_elements.cpp:46] [~BaseQueueElement] Queue element PullQEl_nms6best/conv63_97 has 0 frames in his Queue on destruction
[2026-08-28 16:21:11.683] [7052] [HailoRT] [info] [queue_elements.cpp:68] [operator()] Thread in element PullQEl_nms7best/conv62_97 is not running anymore, exiting..
[2026-08-28 16:21:11.684] [4623] [HailoRT] [info] [queue_elements.cpp:46] [~BaseQueueElement] Queue element PullQEl_nms7best/conv62_97 has 0 frames in his Queue on destruction
[2026-08-28 16:21:11.684] [7051] [HailoRT] [info] [queue_elements.cpp:68] [operator()] Thread in element PullQEl_nms2best/conv53_97 is not running anymore, exiting..
[2026-08-28 16:21:11.684] [4623] [HailoRT] [info] [queue_elements.cpp:46] [~BaseQueueElement] Queue element PullQEl_nms2best/conv53_97 has 0 frames in his Queue on destruction
[2026-08-28 16:21:11.684] [7050] [HailoRT] [info] [queue_elements.cpp:68] [operator()] Thread in element PullQEl_nms4best/conv52_97 is not running anymore, exiting..
[2026-08-28 16:21:11.684] [4623] [HailoRT] [info] [queue_elements.cpp:46] [~BaseQueueElement] Queue element PullQEl_nms4best/conv52_97 has 0 frames in his Queue on destruction
[2026-08-28 16:21:11.684] [7049] [HailoRT] [info] [queue_elements.cpp:68] [operator()] Thread in element PullQEl_nms0best/conv42_97 is not running anymore, exiting..
[2026-08-28 16:21:11.684] [4623] [HailoRT] [info] [queue_elements.cpp:46] [~BaseQueueElement] Queue element PullQEl_nms0best/conv42_97 has 0 frames in his Queue on destruction
[2026-08-28 16:21:11.684] [7048] [HailoRT] [info] [queue_elements.cpp:68] [operator()] Thread in element PullQEl_nms1best/conv41_97 is not running anymore, exiting..
[2026-08-28 16:21:11.684] [4623] [HailoRT] [info] [queue_elements.cpp:46] [~BaseQueueElement] Queue element PullQEl_nms1best/conv41_97 has 0 frames in his Queue on destruction
[2026-08-28 16:21:11.684] [7047] [HailoRT] [info] [queue_elements.cpp:68] [operator()] Thread in element PushQEl3best/input_layer1 is not running anymore, exiting..
[2026-08-28 16:21:11.684] [4623] [HailoRT] [info] [queue_elements.cpp:46] [~BaseQueueElement] Queue element PushQEl3best/input_layer1 has 0 frames in his Queue on destruction
[2026-08-28 16:21:11.685] [4623] [HailoRT] [info] [core_op.cpp:186] [deactivate] Deactivating took 0.416576 ms
[2026-08-28 16:21:11.685] [4623] [HailoRT] [info] [core_op.cpp:186] [deactivate] Deactivating took 0.42991 ms
[2026-08-28 16:21:11.706] [4623] [HailoRT] [info] [core_op.cpp:156] [activate] Activating best took 0.437261 milliseconds. Note that the function is asynchronous and thus the network is not fully activated yet.
[2026-08-28 16:21:11.706] [4623] [HailoRT] [info] [core_op.cpp:156] [activate] Activating best took 0.457371 milliseconds. Note that the function is asynchronous and thus the network is not fully activated yet.
[2026-08-28 16:21:11.706] [4623] [HailoRT] [info] [edge_elements.cpp:52] [create] Created (HwWriteEl3best/input_layer1 | hw_frame_size: 1228800)
[2026-08-28 16:21:11.706] [4623] [HailoRT] [info] [queue_elements.cpp:284] [create] Created (PushQEl3best/input_layer1 | timeout: 10s)
[2026-08-28 16:21:11.706] [4623] [HailoRT] [info] [filter_elements.cpp:101] [create] Created (PreInferEl3best/input_layer1 | Reorder - src_order: NHWC, src_shape: (640, 640, 3), dst_order: NHCW, dst_shape: (640, 640, 3))
[2026-08-28 16:21:11.706] [4623] [HailoRT] [info] [vstream.cpp:754] [InputVStreamImpl] Creating best/input_layer1...
[2026-08-28 16:21:11.706] [4623] [HailoRT] [info] [vstream_builder.cpp:102] [create_inputs] Input pipeline 'best/input_layer1': (PreInferEl3best/input_layer1 | Reorder - src_order: NHWC, src_shape: (640, 640, 3), dst_order: NHCW, dst_shape: (640, 640, 3)) >> (PushQEl3best/input_layer1 | timeout: 10s) >> (HwWriteEl3best/input_layer1 | hw_frame_size: 1228800) >> HW
[2026-08-28 16:21:11.706] [4623] [HailoRT] [info] [multi_io_elements.cpp:135] [create] Created (NmsPPMuxEl0YOLOV8-Post-Process | Op YOLOV8, Name: YOLOV8-Post-Process, Score threshold: 0.250, IoU threshold: 0.70, Classes: 1, Cross classes: false, NMS results order: BY_CLASS, Max bboxes per class: 100, Image height: 640, Image width: 640)
[2026-08-28 16:21:11.706] [4623] [HailoRT] [info] [edge_elements.cpp:287] [create] Created (HwReadEl1best/conv41_97 | hw_frame_size: 409600)
[2026-08-28 16:21:11.706] [4623] [HailoRT] [info] [queue_elements.cpp:657] [create] Created (PullQEl_nms1best/conv41_97 | timeout: 10s)
[2026-08-28 16:21:11.706] [4623] [HailoRT] [info] [edge_elements.cpp:287] [create] Created (HwReadEl0best/conv42_97 | hw_frame_size: 6400)
[2026-08-28 16:21:11.706] [4623] [HailoRT] [info] [queue_elements.cpp:657] [create] Created (PullQEl_nms0best/conv42_97 | timeout: 10s)
[2026-08-28 16:21:11.706] [4623] [HailoRT] [info] [edge_elements.cpp:287] [create] Created (HwReadEl4best/conv52_97 | hw_frame_size: 102400)
[2026-08-28 16:21:11.707] [4623] [HailoRT] [info] [queue_elements.cpp:657] [create] Created (PullQEl_nms4best/conv52_97 | timeout: 10s)
[2026-08-28 16:21:11.707] [4623] [HailoRT] [info] [edge_elements.cpp:287] [create] Created (HwReadEl2best/conv53_97 | hw_frame_size: 1600)
[2026-08-28 16:21:11.707] [4623] [HailoRT] [info] [queue_elements.cpp:657] [create] Created (PullQEl_nms2best/conv53_97 | timeout: 10s)
[2026-08-28 16:21:11.707] [4623] [HailoRT] [info] [edge_elements.cpp:287] [create] Created (HwReadEl7best/conv62_97 | hw_frame_size: 30720)
[2026-08-28 16:21:11.707] [4623] [HailoRT] [info] [queue_elements.cpp:657] [create] Created (PullQEl_nms7best/conv62_97 | timeout: 10s)
[2026-08-28 16:21:11.707] [4623] [HailoRT] [info] [edge_elements.cpp:287] [create] Created (HwReadEl6best/conv63_97 | hw_frame_size: 480)
[2026-08-28 16:21:11.707] [4623] [HailoRT] [info] [queue_elements.cpp:657] [create] Created (PullQEl_nms6best/conv63_97 | timeout: 10s)
[2026-08-28 16:21:11.707] [4623] [HailoRT] [info] [queue_elements.cpp:800] [create] Created (UserBufQEl_post_infer0best/yolov8_nms_postprocess | timeout: 10s)
[2026-08-28 16:21:11.707] [4623] [HailoRT] [info] [vstream.cpp:1114] [OutputVStreamImpl] Creating best/yolov8_nms_postprocess...
[2026-08-28 16:21:11.707] [4623] [HailoRT] [info] [vstream_builder.cpp:622] [create_output_post_process_nms] Output pipeline 'best/yolov8_nms_postprocess': HW >> (HwReadEl1best/conv41_97 | hw_frame_size: 409600) >> (PullQEl_nms1best/conv41_97) >> (HwReadEl0best/conv42_97 | hw_frame_size: 6400) >> (PullQEl_nms0best/conv42_97) >> (HwReadEl4best/conv52_97 | hw_frame_size: 102400) >> (PullQEl_nms4best/conv52_97) >> (HwReadEl2best/conv53_97 | hw_frame_size: 1600) >> (PullQEl_nms2best/conv53_97) >> (HwReadEl7best/conv62_97 | hw_frame_size: 30720) >> (PullQEl_nms7best/conv62_97) >> (HwReadEl6best/conv63_97 | hw_frame_size: 480) >> (PullQEl_nms6best/conv63_97) >> (NmsPPMuxEl0YOLOV8-Post-Process | Op YOLOV8, Name: YOLOV8-Post-Process, Score threshold: 0.250, IoU threshold: 0.70, Classes: 1, Cross classes: false, NMS results order: BY_CLASS, Max bboxes per class: 100, Image height: 640, Image width: 640) >> (UserBufQEl_post_infer0best/yolov8_nms_postprocess | timeout: 10s)
[2026-08-28 16:21:11.717] [7058] [HailoRT] [info] [vdevice_native_stream.cpp:331] [read_impl] Failed read from stream HAILO_STREAM_ABORT(63) (device: 0001:01:00.0)
[2026-08-28 16:21:11.717] [7063] [HailoRT] [info] [vdevice_native_stream.cpp:331] [read_impl] Failed read from stream HAILO_STREAM_ABORT(63) (device: 0001:01:00.0)
[2026-08-28 16:21:11.717] [7063] [HailoRT] [info] [edge_elements.cpp:396] [run_pull] Reading from stream was aborted!
[2026-08-28 16:21:11.717] [7058] [HailoRT] [info] [edge_elements.cpp:396] [run_pull] Reading from stream was aborted!
[2026-08-28 16:21:11.717] [7060] [HailoRT] [info] [vdevice_native_stream.cpp:331] [read_impl] Failed read from stream HAILO_STREAM_ABORT(63) (device: 0001:01:00.0)
[2026-08-28 16:21:11.717] [7060] [HailoRT] [info] [edge_elements.cpp:396] [run_pull] Reading from stream was aborted!
[2026-08-28 16:21:11.717] [7060] [HailoRT] [info] [queue_elements.cpp:738] [run_in_thread] run_pull of queue element PullQEl_nms4best/conv52_97 was aborted!
[2026-08-28 16:21:11.717] [7058] [HailoRT] [info] [queue_elements.cpp:738] [run_in_thread] run_pull of queue element PullQEl_nms1best/conv41_97 was aborted!
[2026-08-28 16:21:11.717] [7061] [HailoRT] [info] [vdevice_native_stream.cpp:331] [read_impl] Failed read from stream HAILO_STREAM_ABORT(63) (device: 0001:01:00.0)
[2026-08-28 16:21:11.717] [7059] [HailoRT] [info] [vdevice_native_stream.cpp:331] [read_impl] Failed read from stream HAILO_STREAM_ABORT(63) (device: 0001:01:00.0)
[2026-08-28 16:21:11.717] [7063] [HailoRT] [info] [queue_elements.cpp:738] [run_in_thread] run_pull of queue element PullQEl_nms6best/conv63_97 was aborted!
[2026-08-28 16:21:11.717] [7061] [HailoRT] [info] [edge_elements.cpp:396] [run_pull] Reading from stream was aborted!
[2026-08-28 16:21:11.717] [7059] [HailoRT] [info] [edge_elements.cpp:396] [run_pull] Reading from stream was aborted!
[2026-08-28 16:21:11.717] [7061] [HailoRT] [info] [queue_elements.cpp:738] [run_in_thread] run_pull of queue element PullQEl_nms2best/conv53_97 was aborted!
[2026-08-28 16:21:11.717] [7059] [HailoRT] [info] [queue_elements.cpp:738] [run_in_thread] run_pull of queue element PullQEl_nms0best/conv42_97 was aborted!
[2026-08-28 16:21:11.718] [7062] [HailoRT] [info] [vdevice_native_stream.cpp:331] [read_impl] Failed read from stream HAILO_STREAM_ABORT(63) (device: 0001:01:00.0)
[2026-08-28 16:21:11.718] [7062] [HailoRT] [info] [edge_elements.cpp:396] [run_pull] Reading from stream was aborted!
[2026-08-28 16:21:11.718] [7062] [HailoRT] [info] [queue_elements.cpp:738] [run_in_thread] run_pull of queue element PullQEl_nms7best/conv62_97 was aborted!
[2026-08-28 16:21:11.718] [7064] [HailoRT] [info] [queue_elements.cpp:68] [operator()] Thread in element UserBufQEl_post_infer0best/yolov8_nms_postprocess is not running anymore, exiting..
[2026-08-28 16:21:11.718] [4623] [HailoRT] [info] [queue_elements.cpp:46] [~BaseQueueElement] Queue element UserBufQEl_post_infer0best/yolov8_nms_postprocess has 0 frames in his Queue on destruction
[2026-08-28 16:21:11.718] [7063] [HailoRT] [info] [queue_elements.cpp:68] [operator()] Thread in element PullQEl_nms6best/conv63_97 is not running anymore, exiting..
[2026-08-28 16:21:11.718] [4623] [HailoRT] [info] [queue_elements.cpp:46] [~BaseQueueElement] Queue element PullQEl_nms6best/conv63_97 has 0 frames in his Queue on destruction
[2026-08-28 16:21:11.718] [7062] [HailoRT] [info] [queue_elements.cpp:68] [operator()] Thread in element PullQEl_nms7best/conv62_97 is not running anymore, exiting..
[2026-08-28 16:21:11.718] [4623] [HailoRT] [info] [queue_elements.cpp:46] [~BaseQueueElement] Queue element PullQEl_nms7best/conv62_97 has 0 frames in his Queue on destruction
[2026-08-28 16:21:11.718] [7061] [HailoRT] [info] [queue_elements.cpp:68] [operator()] Thread in element PullQEl_nms2best/conv53_97 is not running anymore, exiting..
[2026-08-28 16:21:11.718] [4623] [HailoRT] [info] [queue_elements.cpp:46] [~BaseQueueElement] Queue element PullQEl_nms2best/conv53_97 has 0 frames in his Queue on destruction
[2026-08-28 16:21:11.718] [7060] [HailoRT] [info] [queue_elements.cpp:68] [operator()] Thread in element PullQEl_nms4best/conv52_97 is not running anymore, exiting..
[2026-08-28 16:21:11.718] [4623] [HailoRT] [info] [queue_elements.cpp:46] [~BaseQueueElement] Queue element PullQEl_nms4best/conv52_97 has 0 frames in his Queue on destruction
[2026-08-28 16:21:11.718] [7059] [HailoRT] [info] [queue_elements.cpp:68] [operator()] Thread in element PullQEl_nms0best/conv42_97 is not running anymore, exiting..
[2026-08-28 16:21:11.718] [4623] [HailoRT] [info] [queue_elements.cpp:46] [~BaseQueueElement] Queue element PullQEl_nms0best/conv42_97 has 0 frames in his Queue on destruction
[2026-08-28 16:21:11.718] [7058] [HailoRT] [info] [queue_elements.cpp:68] [operator()] Thread in element PullQEl_nms1best/conv41_97 is not running anymore, exiting..
[2026-08-28 16:21:11.718] [4623] [HailoRT] [info] [queue_elements.cpp:46] [~BaseQueueElement] Queue element PullQEl_nms1best/conv41_97 has 0 frames in his Queue on destruction
[2026-08-28 16:21:11.718] [7057] [HailoRT] [info] [queue_elements.cpp:68] [operator()] Thread in element PushQEl3best/input_layer1 is not running anymore, exiting..
[2026-08-28 16:21:11.718] [4623] [HailoRT] [info] [queue_elements.cpp:46] [~BaseQueueElement] Queue element PushQEl3best/input_layer1 has 0 frames in his Queue on destruction
[2026-08-28 16:21:11.719] [4623] [HailoRT] [info] [core_op.cpp:186] [deactivate] Deactivating took 0.422206 ms
[2026-08-28 16:21:11.719] [4623] [HailoRT] [info] [core_op.cpp:186] [deactivate] Deactivating took 0.431632 ms
[2026-08-28 16:21:11.740] [4623] [HailoRT] [info] [core_op.cpp:156] [activate] Activating best took 0.447372 milliseconds. Note that the function is asynchronous and thus the network is not fully activated yet.
[2026-08-28 16:21:11.740] [4623] [HailoRT] [info] [core_op.cpp:156] [activate] Activating best took 0.467445 milliseconds. Note that the function is asynchronous and thus the network is not fully activated yet.
[2026-08-28 16:21:11.740] [4623] [HailoRT] [info] [edge_elements.cpp:52] [create] Created (HwWriteEl3best/input_layer1 | hw_frame_size: 1228800)
[2026-08-28 16:21:11.740] [4623] [HailoRT] [info] [queue_elements.cpp:284] [create] Created (PushQEl3best/input_layer1 | timeout: 10s)
[2026-08-28 16:21:11.740] [4623] [HailoRT] [info] [filter_elements.cpp:101] [create] Created (PreInferEl3best/input_layer1 | Reorder - src_order: NHWC, src_shape: (640, 640, 3), dst_order: NHCW, dst_shape: (640, 640, 3))
[2026-08-28 16:21:11.740] [4623] [HailoRT] [info] [vstream.cpp:754] [InputVStreamImpl] Creating best/input_layer1...
[2026-08-28 16:21:11.740] [4623] [HailoRT] [info] [vstream_builder.cpp:102] [create_inputs] Input pipeline 'best/input_layer1': (PreInferEl3best/input_layer1 | Reorder - src_order: NHWC, src_shape: (640, 640, 3), dst_order: NHCW, dst_shape: (640, 640, 3)) >> (PushQEl3best/input_layer1 | timeout: 10s) >> (HwWriteEl3best/input_layer1 | hw_frame_size: 1228800) >> HW
[2026-08-28 16:21:11.740] [4623] [HailoRT] [info] [multi_io_elements.cpp:135] [create] Created (NmsPPMuxEl0YOLOV8-Post-Process | Op YOLOV8, Name: YOLOV8-Post-Process, Score threshold: 0.250, IoU threshold: 0.70, Classes: 1, Cross classes: false, NMS results order: BY_CLASS, Max bboxes per class: 100, Image height: 640, Image width: 640)
[2026-08-28 16:21:11.740] [4623] [HailoRT] [info] [edge_elements.cpp:287] [create] Created (HwReadEl1best/conv41_97 | hw_frame_size: 409600)
[2026-08-28 16:21:11.740] [4623] [HailoRT] [info] [queue_elements.cpp:657] [create] Created (PullQEl_nms1best/conv41_97 | timeout: 10s)
[2026-08-28 16:21:11.740] [4623] [HailoRT] [info] [edge_elements.cpp:287] [create] Created (HwReadEl0best/conv42_97 | hw_frame_size: 6400)
[2026-08-28 16:21:11.740] [4623] [HailoRT] [info] [queue_elements.cpp:657] [create] Created (PullQEl_nms0best/conv42_97 | timeout: 10s)
[2026-08-28 16:21:11.740] [4623] [HailoRT] [info] [edge_elements.cpp:287] [create] Created (HwReadEl4best/conv52_97 | hw_frame_size: 102400)
[2026-08-28 16:21:11.741] [4623] [HailoRT] [info] [queue_elements.cpp:657] [create] Created (PullQEl_nms4best/conv52_97 | timeout: 10s)
[2026-08-28 16:21:11.741] [4623] [HailoRT] [info] [edge_elements.cpp:287] [create] Created (HwReadEl2best/conv53_97 | hw_frame_size: 1600)
[2026-08-28 16:21:11.741] [4623] [HailoRT] [info] [queue_elements.cpp:657] [create] Created (PullQEl_nms2best/conv53_97 | timeout: 10s)
[2026-08-28 16:21:11.741] [4623] [HailoRT] [info] [edge_elements.cpp:287] [create] Created (HwReadEl7best/conv62_97 | hw_frame_size: 30720)
[2026-08-28 16:21:11.741] [4623] [HailoRT] [info] [queue_elements.cpp:657] [create] Created (PullQEl_nms7best/conv62_97 | timeout: 10s)
[2026-08-28 16:21:11.741] [4623] [HailoRT] [info] [edge_elements.cpp:287] [create] Created (HwReadEl6best/conv63_97 | hw_frame_size: 480)
[2026-08-28 16:21:11.741] [4623] [HailoRT] [info] [queue_elements.cpp:657] [create] Created (PullQEl_nms6best/conv63_97 | timeout: 10s)
[2026-08-28 16:21:11.741] [4623] [HailoRT] [info] [queue_elements.cpp:800] [create] Created (UserBufQEl_post_infer0best/yolov8_nms_postprocess | timeout: 10s)
[2026-08-28 16:21:11.741] [4623] [HailoRT] [info] [vstream.cpp:1114] [OutputVStreamImpl] Creating best/yolov8_nms_postprocess...
[2026-08-28 16:21:11.741] [4623] [HailoRT] [info] [vstream_builder.cpp:622] [create_output_post_process_nms] Output pipeline 'best/yolov8_nms_postprocess': HW >> (HwReadEl1best/conv41_97 | hw_frame_size: 409600) >> (PullQEl_nms1best/conv41_97) >> (HwReadEl0best/conv42_97 | hw_frame_size: 6400) >> (PullQEl_nms0best/conv42_97) >> (HwReadEl4best/conv52_97 | hw_frame_size: 102400) >> (PullQEl_nms4best/conv52_97) >> (HwReadEl2best/conv53_97 | hw_frame_size: 1600) >> (PullQEl_nms2best/conv53_97) >> (HwReadEl7best/conv62_97 | hw_frame_size: 30720) >> (PullQEl_nms7best/conv62_97) >> (HwReadEl6best/conv63_97 | hw_frame_size: 480) >> (PullQEl_nms6best/conv63_97) >> (NmsPPMuxEl0YOLOV8-Post-Process | Op YOLOV8, Name: YOLOV8-Post-Process, Score threshold: 0.250, IoU threshold: 0.70, Classes: 1, Cross classes: false, NMS results order: BY_CLASS, Max bboxes per class: 100, Image height: 640, Image width: 640) >> (UserBufQEl_post_infer0best/yolov8_nms_postprocess | timeout: 10s)
[2026-08-28 16:21:11.751] [7069] [HailoRT] [info] [vdevice_native_stream.cpp:331] [read_impl] Failed read from stream HAILO_STREAM_ABORT(63) (device: 0001:01:00.0)
[2026-08-28 16:21:11.751] [7070] [HailoRT] [info] [vdevice_native_stream.cpp:331] [read_impl] Failed read from stream HAILO_STREAM_ABORT(63) (device: 0001:01:00.0)
[2026-08-28 16:21:11.751] [7070] [HailoRT] [info] [edge_elements.cpp:396] [run_pull] Reading from stream was aborted!
[2026-08-28 16:21:11.751] [7072] [HailoRT] [info] [vdevice_native_stream.cpp:331] [read_impl] Failed read from stream HAILO_STREAM_ABORT(63) (device: 0001:01:00.0)
[2026-08-28 16:21:11.751] [7072] [HailoRT] [info] [edge_elements.cpp:396] [run_pull] Reading from stream was aborted!
[2026-08-28 16:21:11.751] [7070] [HailoRT] [info] [queue_elements.cpp:738] [run_in_thread] run_pull of queue element PullQEl_nms4best/conv52_97 was aborted!
[2026-08-28 16:21:11.751] [7072] [HailoRT] [info] [queue_elements.cpp:738] [run_in_thread] run_pull of queue element PullQEl_nms7best/conv62_97 was aborted!
[2026-08-28 16:21:11.751] [7068] [HailoRT] [info] [vdevice_native_stream.cpp:331] [read_impl] Failed read from stream HAILO_STREAM_ABORT(63) (device: 0001:01:00.0)
[2026-08-28 16:21:11.751] [7069] [HailoRT] [info] [edge_elements.cpp:396] [run_pull] Reading from stream was aborted!
[2026-08-28 16:21:11.751] [7068] [HailoRT] [info] [edge_elements.cpp:396] [run_pull] Reading from stream was aborted!
[2026-08-28 16:21:11.751] [7071] [HailoRT] [info] [vdevice_native_stream.cpp:331] [read_impl] Failed read from stream HAILO_STREAM_ABORT(63) (device: 0001:01:00.0)
[2026-08-28 16:21:11.751] [7069] [HailoRT] [info] [queue_elements.cpp:738] [run_in_thread] run_pull of queue element PullQEl_nms0best/conv42_97 was aborted!
[2026-08-28 16:21:11.751] [7071] [HailoRT] [info] [edge_elements.cpp:396] [run_pull] Reading from stream was aborted!
[2026-08-28 16:21:11.751] [7073] [HailoRT] [info] [vdevice_native_stream.cpp:331] [read_impl] Failed read from stream HAILO_STREAM_ABORT(63) (device: 0001:01:00.0)
[2026-08-28 16:21:11.751] [7073] [HailoRT] [info] [edge_elements.cpp:396] [run_pull] Reading from stream was aborted!
[2026-08-28 16:21:11.751] [7071] [HailoRT] [info] [queue_elements.cpp:738] [run_in_thread] run_pull of queue element PullQEl_nms2best/conv53_97 was aborted!
[2026-08-28 16:21:11.751] [7073] [HailoRT] [info] [queue_elements.cpp:738] [run_in_thread] run_pull of queue element PullQEl_nms6best/conv63_97 was aborted!
[2026-08-28 16:21:11.751] [7068] [HailoRT] [info] [queue_elements.cpp:738] [run_in_thread] run_pull of queue element PullQEl_nms1best/conv41_97 was aborted!
[2026-08-28 16:21:11.751] [7074] [HailoRT] [info] [queue_elements.cpp:68] [operator()] Thread in element UserBufQEl_post_infer0best/yolov8_nms_postprocess is not running anymore, exiting..
[2026-08-28 16:21:11.751] [4623] [HailoRT] [info] [queue_elements.cpp:46] [~BaseQueueElement] Queue element UserBufQEl_post_infer0best/yolov8_nms_postprocess has 0 frames in his Queue on destruction
[2026-08-28 16:21:11.751] [7073] [HailoRT] [info] [queue_elements.cpp:68] [operator()] Thread in element PullQEl_nms6best/conv63_97 is not running anymore, exiting..
[2026-08-28 16:21:11.751] [4623] [HailoRT] [info] [queue_elements.cpp:46] [~BaseQueueElement] Queue element PullQEl_nms6best/conv63_97 has 0 frames in his Queue on destruction
[2026-08-28 16:21:11.751] [7072] [HailoRT] [info] [queue_elements.cpp:68] [operator()] Thread in element PullQEl_nms7best/conv62_97 is not running anymore, exiting..
[2026-08-28 16:21:11.751] [4623] [HailoRT] [info] [queue_elements.cpp:46] [~BaseQueueElement] Queue element PullQEl_nms7best/conv62_97 has 0 frames in his Queue on destruction
[2026-08-28 16:21:11.751] [7071] [HailoRT] [info] [queue_elements.cpp:68] [operator()] Thread in element PullQEl_nms2best/conv53_97 is not running anymore, exiting..
[2026-08-28 16:21:11.751] [4623] [HailoRT] [info] [queue_elements.cpp:46] [~BaseQueueElement] Queue element PullQEl_nms2best/conv53_97 has 0 frames in his Queue on destruction
[2026-08-28 16:21:11.751] [7070] [HailoRT] [info] [queue_elements.cpp:68] [operator()] Thread in element PullQEl_nms4best/conv52_97 is not running anymore, exiting..
[2026-08-28 16:21:11.752] [4623] [HailoRT] [info] [queue_elements.cpp:46] [~BaseQueueElement] Queue element PullQEl_nms4best/conv52_97 has 0 frames in his Queue on destruction
[2026-08-28 16:21:11.752] [7069] [HailoRT] [info] [queue_elements.cpp:68] [operator()] Thread in element PullQEl_nms0best/conv42_97 is not running anymore, exiting..
[2026-08-28 16:21:11.752] [4623] [HailoRT] [info] [queue_elements.cpp:46] [~BaseQueueElement] Queue element PullQEl_nms0best/conv42_97 has 0 frames in his Queue on destruction
[2026-08-28 16:21:11.752] [7068] [HailoRT] [info] [queue_elements.cpp:68] [operator()] Thread in element PullQEl_nms1best/conv41_97 is not running anymore, exiting..
[2026-08-28 16:21:11.752] [4623] [HailoRT] [info] [queue_elements.cpp:46] [~BaseQueueElement] Queue element PullQEl_nms1best/conv41_97 has 0 frames in his Queue on destruction
[2026-08-28 16:21:11.752] [7067] [HailoRT] [info] [queue_elements.cpp:68] [operator()] Thread in element PushQEl3best/input_layer1 is not running anymore, exiting..
[2026-08-28 16:21:11.752] [4623] [HailoRT] [info] [queue_elements.cpp:46] [~BaseQueueElement] Queue element PushQEl3best/input_layer1 has 0 frames in his Queue on destruction
[2026-08-28 16:21:11.752] [4623] [HailoRT] [info] [core_op.cpp:186] [deactivate] Deactivating took 0.413354 ms
[2026-08-28 16:21:11.752] [4623] [HailoRT] [info] [core_op.cpp:186] [deactivate] Deactivating took 0.424762 ms
[2026-08-28 16:21:11.773] [4623] [HailoRT] [info] [core_op.cpp:156] [activate] Activating best took 0.442298 milliseconds. Note that the function is asynchronous and thus the network is not fully activated yet.
[2026-08-28 16:21:11.773] [4623] [HailoRT] [info] [core_op.cpp:156] [activate] Activating best took 0.462482 milliseconds. Note that the function is asynchronous and thus the network is not fully activated yet.
[2026-08-28 16:21:11.773] [4623] [HailoRT] [info] [edge_elements.cpp:52] [create] Created (HwWriteEl3best/input_layer1 | hw_frame_size: 1228800)
[2026-08-28 16:21:11.774] [4623] [HailoRT] [info] [queue_elements.cpp:284] [create] Created (PushQEl3best/input_layer1 | timeout: 10s)
[2026-08-28 16:21:11.774] [4623] [HailoRT] [info] [filter_elements.cpp:101] [create] Created (PreInferEl3best/input_layer1 | Reorder - src_order: NHWC, src_shape: (640, 640, 3), dst_order: NHCW, dst_shape: (640, 640, 3))
[2026-08-28 16:21:11.774] [4623] [HailoRT] [info] [vstream.cpp:754] [InputVStreamImpl] Creating best/input_layer1...
[2026-08-28 16:21:11.774] [4623] [HailoRT] [info] [vstream_builder.cpp:102] [create_inputs] Input pipeline 'best/input_layer1': (PreInferEl3best/input_layer1 | Reorder - src_order: NHWC, src_shape: (640, 640, 3), dst_order: NHCW, dst_shape: (640, 640, 3)) >> (PushQEl3best/input_layer1 | timeout: 10s) >> (HwWriteEl3best/input_layer1 | hw_frame_size: 1228800) >> HW
[2026-08-28 16:21:11.774] [4623] [HailoRT] [info] [multi_io_elements.cpp:135] [create] Created (NmsPPMuxEl0YOLOV8-Post-Process | Op YOLOV8, Name: YOLOV8-Post-Process, Score threshold: 0.250, IoU threshold: 0.70, Classes: 1, Cross classes: false, NMS results order: BY_CLASS, Max bboxes per class: 100, Image height: 640, Image width: 640)
[2026-08-28 16:21:11.774] [4623] [HailoRT] [info] [edge_elements.cpp:287] [create] Created (HwReadEl1best/conv41_97 | hw_frame_size: 409600)
[2026-08-28 16:21:11.774] [4623] [HailoRT] [info] [queue_elements.cpp:657] [create] Created (PullQEl_nms1best/conv41_97 | timeout: 10s)
[2026-08-28 16:21:11.774] [4623] [HailoRT] [info] [edge_elements.cpp:287] [create] Created (HwReadEl0best/conv42_97 | hw_frame_size: 6400)
[2026-08-28 16:21:11.774] [4623] [HailoRT] [info] [queue_elements.cpp:657] [create] Created (PullQEl_nms0best/conv42_97 | timeout: 10s)
[2026-08-28 16:21:11.774] [4623] [HailoRT] [info] [edge_elements.cpp:287] [create] Created (HwReadEl4best/conv52_97 | hw_frame_size: 102400)
[2026-08-28 16:21:11.774] [4623] [HailoRT] [info] [queue_elements.cpp:657] [create] Created (PullQEl_nms4best/conv52_97 | timeout: 10s)
[2026-08-28 16:21:11.774] [4623] [HailoRT] [info] [edge_elements.cpp:287] [create] Created (HwReadEl2best/conv53_97 | hw_frame_size: 1600)
[2026-08-28 16:21:11.774] [4623] [HailoRT] [info] [queue_elements.cpp:657] [create] Created (PullQEl_nms2best/conv53_97 | timeout: 10s)
[2026-08-28 16:21:11.774] [4623] [HailoRT] [info] [edge_elements.cpp:287] [create] Created (HwReadEl7best/conv62_97 | hw_frame_size: 30720)
[2026-08-28 16:21:11.774] [4623] [HailoRT] [info] [queue_elements.cpp:657] [create] Created (PullQEl_nms7best/conv62_97 | timeout: 10s)
[2026-08-28 16:21:11.774] [4623] [HailoRT] [info] [edge_elements.cpp:287] [create] Created (HwReadEl6best/conv63_97 | hw_frame_size: 480)
[2026-08-28 16:21:11.774] [4623] [HailoRT] [info] [queue_elements.cpp:657] [create] Created (PullQEl_nms6best/conv63_97 | timeout: 10s)
[2026-08-28 16:21:11.774] [4623] [HailoRT] [info] [queue_elements.cpp:800] [create] Created (UserBufQEl_post_infer0best/yolov8_nms_postprocess | timeout: 10s)
[2026-08-28 16:21:11.774] [4623] [HailoRT] [info] [vstream.cpp:1114] [OutputVStreamImpl] Creating best/yolov8_nms_postprocess...
[2026-08-28 16:21:11.774] [4623] [HailoRT] [info] [vstream_builder.cpp:622] [create_output_post_process_nms] Output pipeline 'best/yolov8_nms_postprocess': HW >> (HwReadEl1best/conv41_97 | hw_frame_size: 409600) >> (PullQEl_nms1best/conv41_97) >> (HwReadEl0best/conv42_97 | hw_frame_size: 6400) >> (PullQEl_nms0best/conv42_97) >> (HwReadEl4best/conv52_97 | hw_frame_size: 102400) >> (PullQEl_nms4best/conv52_97) >> (HwReadEl2best/conv53_97 | hw_frame_size: 1600) >> (PullQEl_nms2best/conv53_97) >> (HwReadEl7best/conv62_97 | hw_frame_size: 30720) >> (PullQEl_nms7best/conv62_97) >> (HwReadEl6best/conv63_97 | hw_frame_size: 480) >> (PullQEl_nms6best/conv63_97) >> (NmsPPMuxEl0YOLOV8-Post-Process | Op YOLOV8, Name: YOLOV8-Post-Process, Score threshold: 0.250, IoU threshold: 0.70, Classes: 1, Cross classes: false, NMS results order: BY_CLASS, Max bboxes per class: 100, Image height: 640, Image width: 640) >> (UserBufQEl_post_infer0best/yolov8_nms_postprocess | timeout: 10s)
[2026-08-28 16:21:11.785] [7079] [HailoRT] [info] [vdevice_native_stream.cpp:331] [read_impl] Failed read from stream HAILO_STREAM_ABORT(63) (device: 0001:01:00.0)
[2026-08-28 16:21:11.785] [7082] [HailoRT] [info] [vdevice_native_stream.cpp:331] [read_impl] Failed read from stream HAILO_STREAM_ABORT(63) (device: 0001:01:00.0)
[2026-08-28 16:21:11.785] [7080] [HailoRT] [info] [vdevice_native_stream.cpp:331] [read_impl] Failed read from stream HAILO_STREAM_ABORT(63) (device: 0001:01:00.0)
[2026-08-28 16:21:11.785] [7083] [HailoRT] [info] [vdevice_native_stream.cpp:331] [read_impl] Failed read from stream HAILO_STREAM_ABORT(63) (device: 0001:01:00.0)
[2026-08-28 16:21:11.785] [7083] [HailoRT] [info] [edge_elements.cpp:396] [run_pull] Reading from stream was aborted!
[2026-08-28 16:21:11.785] [7082] [HailoRT] [info] [edge_elements.cpp:396] [run_pull] Reading from stream was aborted!
[2026-08-28 16:21:11.785] [7080] [HailoRT] [info] [edge_elements.cpp:396] [run_pull] Reading from stream was aborted!
[2026-08-28 16:21:11.785] [7081] [HailoRT] [info] [vdevice_native_stream.cpp:331] [read_impl] Failed read from stream HAILO_STREAM_ABORT(63) (device: 0001:01:00.0)
[2026-08-28 16:21:11.785] [7081] [HailoRT] [info] [edge_elements.cpp:396] [run_pull] Reading from stream was aborted!
[2026-08-28 16:21:11.785] [7079] [HailoRT] [info] [edge_elements.cpp:396] [run_pull] Reading from stream was aborted!
[2026-08-28 16:21:11.785] [7080] [HailoRT] [info] [queue_elements.cpp:738] [run_in_thread] run_pull of queue element PullQEl_nms4best/conv52_97 was aborted!
[2026-08-28 16:21:11.785] [7081] [HailoRT] [info] [queue_elements.cpp:738] [run_in_thread] run_pull of queue element PullQEl_nms2best/conv53_97 was aborted!
[2026-08-28 16:21:11.785] [7079] [HailoRT] [info] [queue_elements.cpp:738] [run_in_thread] run_pull of queue element PullQEl_nms0best/conv42_97 was aborted!
[2026-08-28 16:21:11.785] [7083] [HailoRT] [info] [queue_elements.cpp:738] [run_in_thread] run_pull of queue element PullQEl_nms6best/conv63_97 was aborted!
[2026-08-28 16:21:11.785] [7078] [HailoRT] [info] [vdevice_native_stream.cpp:331] [read_impl] Failed read from stream HAILO_STREAM_ABORT(63) (device: 0001:01:00.0)
[2026-08-28 16:21:11.785] [7078] [HailoRT] [info] [edge_elements.cpp:396] [run_pull] Reading from stream was aborted!
[2026-08-28 16:21:11.785] [7082] [HailoRT] [info] [queue_elements.cpp:738] [run_in_thread] run_pull of queue element PullQEl_nms7best/conv62_97 was aborted!
[2026-08-28 16:21:11.785] [7078] [HailoRT] [info] [queue_elements.cpp:738] [run_in_thread] run_pull of queue element PullQEl_nms1best/conv41_97 was aborted!
[2026-08-28 16:21:11.785] [7084] [HailoRT] [info] [queue_elements.cpp:68] [operator()] Thread in element UserBufQEl_post_infer0best/yolov8_nms_postprocess is not running anymore, exiting..
[2026-08-28 16:21:11.785] [4623] [HailoRT] [info] [queue_elements.cpp:46] [~BaseQueueElement] Queue element UserBufQEl_post_infer0best/yolov8_nms_postprocess has 0 frames in his Queue on destruction
[2026-08-28 16:21:11.785] [7083] [HailoRT] [info] [queue_elements.cpp:68] [operator()] Thread in element PullQEl_nms6best/conv63_97 is not running anymore, exiting..
[2026-08-28 16:21:11.785] [4623] [HailoRT] [info] [queue_elements.cpp:46] [~BaseQueueElement] Queue element PullQEl_nms6best/conv63_97 has 0 frames in his Queue on destruction
[2026-08-28 16:21:11.785] [7082] [HailoRT] [info] [queue_elements.cpp:68] [operator()] Thread in element PullQEl_nms7best/conv62_97 is not running anymore, exiting..
[2026-08-28 16:21:11.785] [4623] [HailoRT] [info] [queue_elements.cpp:46] [~BaseQueueElement] Queue element PullQEl_nms7best/conv62_97 has 0 frames in his Queue on destruction
[2026-08-28 16:21:11.785] [7081] [HailoRT] [info] [queue_elements.cpp:68] [operator()] Thread in element PullQEl_nms2best/conv53_97 is not running anymore, exiting..
[2026-08-28 16:21:11.785] [4623] [HailoRT] [info] [queue_elements.cpp:46] [~BaseQueueElement] Queue element PullQEl_nms2best/conv53_97 has 0 frames in his Queue on destruction
[2026-08-28 16:21:11.785] [7080] [HailoRT] [info] [queue_elements.cpp:68] [operator()] Thread in element PullQEl_nms4best/conv52_97 is not running anymore, exiting..
[2026-08-28 16:21:11.785] [4623] [HailoRT] [info] [queue_elements.cpp:46] [~BaseQueueElement] Queue element PullQEl_nms4best/conv52_97 has 0 frames in his Queue on destruction
[2026-08-28 16:21:11.785] [7079] [HailoRT] [info] [queue_elements.cpp:68] [operator()] Thread in element PullQEl_nms0best/conv42_97 is not running anymore, exiting..
[2026-08-28 16:21:11.785] [4623] [HailoRT] [info] [queue_elements.cpp:46] [~BaseQueueElement] Queue element PullQEl_nms0best/conv42_97 has 0 frames in his Queue on destruction
[2026-08-28 16:21:11.785] [7078] [HailoRT] [info] [queue_elements.cpp:68] [operator()] Thread in element PullQEl_nms1best/conv41_97 is not running anymore, exiting..
[2026-08-28 16:21:11.785] [4623] [HailoRT] [info] [queue_elements.cpp:46] [~BaseQueueElement] Queue element PullQEl_nms1best/conv41_97 has 0 frames in his Queue on destruction
[2026-08-28 16:21:11.785] [7077] [HailoRT] [info] [queue_elements.cpp:68] [operator()] Thread in element PushQEl3best/input_layer1 is not running anymore, exiting..
[2026-08-28 16:21:11.785] [4623] [HailoRT] [info] [queue_elements.cpp:46] [~BaseQueueElement] Queue element PushQEl3best/input_layer1 has 0 frames in his Queue on destruction
[2026-08-28 16:21:11.785] [4623] [HailoRT] [info] [core_op.cpp:186] [deactivate] Deactivating took 0.415835 ms
[2026-08-28 16:21:11.785] [4623] [HailoRT] [info] [core_op.cpp:186] [deactivate] Deactivating took 0.42565 ms
[2026-08-28 16:21:11.806] [4623] [HailoRT] [info] [core_op.cpp:156] [activate] Activating best took 0.443372 milliseconds. Note that the function is asynchronous and thus the network is not fully activated yet.
[2026-08-28 16:21:11.806] [4623] [HailoRT] [info] [core_op.cpp:156] [activate] Activating best took 0.462889 milliseconds. Note that the function is asynchronous and thus the network is not fully activated yet.
[2026-08-28 16:21:11.806] [4623] [HailoRT] [info] [edge_elements.cpp:52] [create] Created (HwWriteEl3best/input_layer1 | hw_frame_size: 1228800)
[2026-08-28 16:21:11.806] [4623] [HailoRT] [info] [queue_elements.cpp:284] [create] Created (PushQEl3best/input_layer1 | timeout: 10s)
[2026-08-28 16:21:11.806] [4623] [HailoRT] [info] [filter_elements.cpp:101] [create] Created (PreInferEl3best/input_layer1 | Reorder - src_order: NHWC, src_shape: (640, 640, 3), dst_order: NHCW, dst_shape: (640, 640, 3))
[2026-08-28 16:21:11.806] [4623] [HailoRT] [info] [vstream.cpp:754] [InputVStreamImpl] Creating best/input_layer1...
[2026-08-28 16:21:11.806] [4623] [HailoRT] [info] [vstream_builder.cpp:102] [create_inputs] Input pipeline 'best/input_layer1': (PreInferEl3best/input_layer1 | Reorder - src_order: NHWC, src_shape: (640, 640, 3), dst_order: NHCW, dst_shape: (640, 640, 3)) >> (PushQEl3best/input_layer1 | timeout: 10s) >> (HwWriteEl3best/input_layer1 | hw_frame_size: 1228800) >> HW
[2026-08-28 16:21:11.806] [4623] [HailoRT] [info] [multi_io_elements.cpp:135] [create] Created (NmsPPMuxEl0YOLOV8-Post-Process | Op YOLOV8, Name: YOLOV8-Post-Process, Score threshold: 0.250, IoU threshold: 0.70, Classes: 1, Cross classes: false, NMS results order: BY_CLASS, Max bboxes per class: 100, Image height: 640, Image width: 640)
[2026-08-28 16:21:11.806] [4623] [HailoRT] [info] [edge_elements.cpp:287] [create] Created (HwReadEl1best/conv41_97 | hw_frame_size: 409600)
[2026-08-28 16:21:11.806] [4623] [HailoRT] [info] [queue_elements.cpp:657] [create] Created (PullQEl_nms1best/conv41_97 | timeout: 10s)
[2026-08-28 16:21:11.806] [4623] [HailoRT] [info] [edge_elements.cpp:287] [create] Created (HwReadEl0best/conv42_97 | hw_frame_size: 6400)
[2026-08-28 16:21:11.807] [4623] [HailoRT] [info] [queue_elements.cpp:657] [create] Created (PullQEl_nms0best/conv42_97 | timeout: 10s)
[2026-08-28 16:21:11.807] [4623] [HailoRT] [info] [edge_elements.cpp:287] [create] Created (HwReadEl4best/conv52_97 | hw_frame_size: 102400)
[2026-08-28 16:21:11.807] [4623] [HailoRT] [info] [queue_elements.cpp:657] [create] Created (PullQEl_nms4best/conv52_97 | timeout: 10s)
[2026-08-28 16:21:11.807] [4623] [HailoRT] [info] [edge_elements.cpp:287] [create] Created (HwReadEl2best/conv53_97 | hw_frame_size: 1600)
[2026-08-28 16:21:11.807] [4623] [HailoRT] [info] [queue_elements.cpp:657] [create] Created (PullQEl_nms2best/conv53_97 | timeout: 10s)
[2026-08-28 16:21:11.807] [4623] [HailoRT] [info] [edge_elements.cpp:287] [create] Created (HwReadEl7best/conv62_97 | hw_frame_size: 30720)
[2026-08-28 16:21:11.807] [4623] [HailoRT] [info] [queue_elements.cpp:657] [create] Created (PullQEl_nms7best/conv62_97 | timeout: 10s)
[2026-08-28 16:21:11.807] [4623] [HailoRT] [info] [edge_elements.cpp:287] [create] Created (HwReadEl6best/conv63_97 | hw_frame_size: 480)
[2026-08-28 16:21:11.807] [4623] [HailoRT] [info] [queue_elements.cpp:657] [create] Created (PullQEl_nms6best/conv63_97 | timeout: 10s)
[2026-08-28 16:21:11.807] [4623] [HailoRT] [info] [queue_elements.cpp:800] [create] Created (UserBufQEl_post_infer0best/yolov8_nms_postprocess | timeout: 10s)
[2026-08-28 16:21:11.807] [4623] [HailoRT] [info] [vstream.cpp:1114] [OutputVStreamImpl] Creating best/yolov8_nms_postprocess...
[2026-08-28 16:21:11.807] [4623] [HailoRT] [info] [vstream_builder.cpp:622] [create_output_post_process_nms] Output pipeline 'best/yolov8_nms_postprocess': HW >> (HwReadEl1best/conv41_97 | hw_frame_size: 409600) >> (PullQEl_nms1best/conv41_97) >> (HwReadEl0best/conv42_97 | hw_frame_size: 6400) >> (PullQEl_nms0best/conv42_97) >> (HwReadEl4best/conv52_97 | hw_frame_size: 102400) >> (PullQEl_nms4best/conv52_97) >> (HwReadEl2best/conv53_97 | hw_frame_size: 1600) >> (PullQEl_nms2best/conv53_97) >> (HwReadEl7best/conv62_97 | hw_frame_size: 30720) >> (PullQEl_nms7best/conv62_97) >> (HwReadEl6best/conv63_97 | hw_frame_size: 480) >> (PullQEl_nms6best/conv63_97) >> (NmsPPMuxEl0YOLOV8-Post-Process | Op YOLOV8, Name: YOLOV8-Post-Process, Score threshold: 0.250, IoU threshold: 0.70, Classes: 1, Cross classes: false, NMS results order: BY_CLASS, Max bboxes per class: 100, Image height: 640, Image width: 640) >> (UserBufQEl_post_infer0best/yolov8_nms_postprocess | timeout: 10s)
[2026-08-28 16:21:11.817] [7088] [HailoRT] [info] [vdevice_native_stream.cpp:331] [read_impl] Failed read from stream HAILO_STREAM_ABORT(63) (device: 0001:01:00.0)
[2026-08-28 16:21:11.817] [7088] [HailoRT] [info] [edge_elements.cpp:396] [run_pull] Reading from stream was aborted!
[2026-08-28 16:21:11.817] [7093] [HailoRT] [info] [vdevice_native_stream.cpp:331] [read_impl] Failed read from stream HAILO_STREAM_ABORT(63) (device: 0001:01:00.0)
[2026-08-28 16:21:11.817] [7093] [HailoRT] [info] [edge_elements.cpp:396] [run_pull] Reading from stream was aborted!
[2026-08-28 16:21:11.817] [7093] [HailoRT] [info] [queue_elements.cpp:738] [run_in_thread] run_pull of queue element PullQEl_nms6best/conv63_97 was aborted!
[2026-08-28 16:21:11.817] [7091] [HailoRT] [info] [vdevice_native_stream.cpp:331] [read_impl] Failed read from stream HAILO_STREAM_ABORT(63) (device: 0001:01:00.0)
[2026-08-28 16:21:11.817] [7090] [HailoRT] [info] [vdevice_native_stream.cpp:331] [read_impl] Failed read from stream HAILO_STREAM_ABORT(63) (device: 0001:01:00.0)
[2026-08-28 16:21:11.817] [7090] [HailoRT] [info] [edge_elements.cpp:396] [run_pull] Reading from stream was aborted!
[2026-08-28 16:21:11.817] [7090] [HailoRT] [info] [queue_elements.cpp:738] [run_in_thread] run_pull of queue element PullQEl_nms4best/conv52_97 was aborted!
[2026-08-28 16:21:11.817] [7088] [HailoRT] [info] [queue_elements.cpp:738] [run_in_thread] run_pull of queue element PullQEl_nms1best/conv41_97 was aborted!
[2026-08-28 16:21:11.817] [7091] [HailoRT] [info] [edge_elements.cpp:396] [run_pull] Reading from stream was aborted!
[2026-08-28 16:21:11.817] [7091] [HailoRT] [info] [queue_elements.cpp:738] [run_in_thread] run_pull of queue element PullQEl_nms2best/conv53_97 was aborted!
[2026-08-28 16:21:11.817] [7089] [HailoRT] [info] [vdevice_native_stream.cpp:331] [read_impl] Failed read from stream HAILO_STREAM_ABORT(63) (device: 0001:01:00.0)
[2026-08-28 16:21:11.817] [7089] [HailoRT] [info] [edge_elements.cpp:396] [run_pull] Reading from stream was aborted!
[2026-08-28 16:21:11.817] [7089] [HailoRT] [info] [queue_elements.cpp:738] [run_in_thread] run_pull of queue element PullQEl_nms0best/conv42_97 was aborted!
[2026-08-28 16:21:11.817] [7092] [HailoRT] [info] [vdevice_native_stream.cpp:331] [read_impl] Failed read from stream HAILO_STREAM_ABORT(63) (device: 0001:01:00.0)
[2026-08-28 16:21:11.817] [7092] [HailoRT] [info] [edge_elements.cpp:396] [run_pull] Reading from stream was aborted!
[2026-08-28 16:21:11.817] [7092] [HailoRT] [info] [queue_elements.cpp:738] [run_in_thread] run_pull of queue element PullQEl_nms7best/conv62_97 was aborted!
[2026-08-28 16:21:11.818] [7094] [HailoRT] [info] [queue_elements.cpp:68] [operator()] Thread in element UserBufQEl_post_infer0best/yolov8_nms_postprocess is not running anymore, exiting..
[2026-08-28 16:21:11.818] [4623] [HailoRT] [info] [queue_elements.cpp:46] [~BaseQueueElement] Queue element UserBufQEl_post_infer0best/yolov8_nms_postprocess has 0 frames in his Queue on destruction
[2026-08-28 16:21:11.818] [7093] [HailoRT] [info] [queue_elements.cpp:68] [operator()] Thread in element PullQEl_nms6best/conv63_97 is not running anymore, exiting..
[2026-08-28 16:21:11.818] [4623] [HailoRT] [info] [queue_elements.cpp:46] [~BaseQueueElement] Queue element PullQEl_nms6best/conv63_97 has 0 frames in his Queue on destruction
[2026-08-28 16:21:11.818] [7092] [HailoRT] [info] [queue_elements.cpp:68] [operator()] Thread in element PullQEl_nms7best/conv62_97 is not running anymore, exiting..
[2026-08-28 16:21:11.818] [4623] [HailoRT] [info] [queue_elements.cpp:46] [~BaseQueueElement] Queue element PullQEl_nms7best/conv62_97 has 0 frames in his Queue on destruction
[2026-08-28 16:21:11.818] [7091] [HailoRT] [info] [queue_elements.cpp:68] [operator()] Thread in element PullQEl_nms2best/conv53_97 is not running anymore, exiting..
[2026-08-28 16:21:11.818] [4623] [HailoRT] [info] [queue_elements.cpp:46] [~BaseQueueElement] Queue element PullQEl_nms2best/conv53_97 has 0 frames in his Queue on destruction
[2026-08-28 16:21:11.818] [7090] [HailoRT] [info] [queue_elements.cpp:68] [operator()] Thread in element PullQEl_nms4best/conv52_97 is not running anymore, exiting..
[2026-08-28 16:21:11.818] [4623] [HailoRT] [info] [queue_elements.cpp:46] [~BaseQueueElement] Queue element PullQEl_nms4best/conv52_97 has 0 frames in his Queue on destruction
[2026-08-28 16:21:11.818] [7089] [HailoRT] [info] [queue_elements.cpp:68] [operator()] Thread in element PullQEl_nms0best/conv42_97 is not running anymore, exiting..
[2026-08-28 16:21:11.818] [4623] [HailoRT] [info] [queue_elements.cpp:46] [~BaseQueueElement] Queue element PullQEl_nms0best/conv42_97 has 0 frames in his Queue on destruction
[2026-08-28 16:21:11.818] [7088] [HailoRT] [info] [queue_elements.cpp:68] [operator()] Thread in element PullQEl_nms1best/conv41_97 is not running anymore, exiting..
[2026-08-28 16:21:11.818] [4623] [HailoRT] [info] [queue_elements.cpp:46] [~BaseQueueElement] Queue element PullQEl_nms1best/conv41_97 has 0 frames in his Queue on destruction
[2026-08-28 16:21:11.818] [7087] [HailoRT] [info] [queue_elements.cpp:68] [operator()] Thread in element PushQEl3best/input_layer1 is not running anymore, exiting..
[2026-08-28 16:21:11.818] [4623] [HailoRT] [info] [queue_elements.cpp:46] [~BaseQueueElement] Queue element PushQEl3best/input_layer1 has 0 frames in his Queue on destruction
[2026-08-28 16:21:11.819] [4623] [HailoRT] [info] [core_op.cpp:186] [deactivate] Deactivating took 0.415947 ms
[2026-08-28 16:21:11.819] [4623] [HailoRT] [info] [core_op.cpp:186] [deactivate] Deactivating took 0.425002 ms
[2026-08-28 16:21:11.839] [4623] [HailoRT] [info] [core_op.cpp:156] [activate] Activating best took 0.448686 milliseconds. Note that the function is asynchronous and thus the network is not fully activated yet.
[2026-08-28 16:21:11.839] [4623] [HailoRT] [info] [core_op.cpp:156] [activate] Activating best took 0.467186 milliseconds. Note that the function is asynchronous and thus the network is not fully activated yet.
[2026-08-28 16:21:11.840] [4623] [HailoRT] [info] [edge_elements.cpp:52] [create] Created (HwWriteEl3best/input_layer1 | hw_frame_size: 1228800)
[2026-08-28 16:21:11.840] [4623] [HailoRT] [info] [queue_elements.cpp:284] [create] Created (PushQEl3best/input_layer1 | timeout: 10s)
[2026-08-28 16:21:11.840] [4623] [HailoRT] [info] [filter_elements.cpp:101] [create] Created (PreInferEl3best/input_layer1 | Reorder - src_order: NHWC, src_shape: (640, 640, 3), dst_order: NHCW, dst_shape: (640, 640, 3))
[2026-08-28 16:21:11.840] [4623] [HailoRT] [info] [vstream.cpp:754] [InputVStreamImpl] Creating best/input_layer1...
[2026-08-28 16:21:11.840] [4623] [HailoRT] [info] [vstream_builder.cpp:102] [create_inputs] Input pipeline 'best/input_layer1': (PreInferEl3best/input_layer1 | Reorder - src_order: NHWC, src_shape: (640, 640, 3), dst_order: NHCW, dst_shape: (640, 640, 3)) >> (PushQEl3best/input_layer1 | timeout: 10s) >> (HwWriteEl3best/input_layer1 | hw_frame_size: 1228800) >> HW
[2026-08-28 16:21:11.840] [4623] [HailoRT] [info] [multi_io_elements.cpp:135] [create] Created (NmsPPMuxEl0YOLOV8-Post-Process | Op YOLOV8, Name: YOLOV8-Post-Process, Score threshold: 0.250, IoU threshold: 0.70, Classes: 1, Cross classes: false, NMS results order: BY_CLASS, Max bboxes per class: 100, Image height: 640, Image width: 640)
[2026-08-28 16:21:11.840] [4623] [HailoRT] [info] [edge_elements.cpp:287] [create] Created (HwReadEl1best/conv41_97 | hw_frame_size: 409600)
[2026-08-28 16:21:11.840] [4623] [HailoRT] [info] [queue_elements.cpp:657] [create] Created (PullQEl_nms1best/conv41_97 | timeout: 10s)
[2026-08-28 16:21:11.840] [4623] [HailoRT] [info] [edge_elements.cpp:287] [create] Created (HwReadEl0best/conv42_97 | hw_frame_size: 6400)
[2026-08-28 16:21:11.840] [4623] [HailoRT] [info] [queue_elements.cpp:657] [create] Created (PullQEl_nms0best/conv42_97 | timeout: 10s)
[2026-08-28 16:21:11.840] [4623] [HailoRT] [info] [edge_elements.cpp:287] [create] Created (HwReadEl4best/conv52_97 | hw_frame_size: 102400)
[2026-08-28 16:21:11.840] [4623] [HailoRT] [info] [queue_elements.cpp:657] [create] Created (PullQEl_nms4best/conv52_97 | timeout: 10s)
[2026-08-28 16:21:11.840] [4623] [HailoRT] [info] [edge_elements.cpp:287] [create] Created (HwReadEl2best/conv53_97 | hw_frame_size: 1600)
[2026-08-28 16:21:11.840] [4623] [HailoRT] [info] [queue_elements.cpp:657] [create] Created (PullQEl_nms2best/conv53_97 | timeout: 10s)
[2026-08-28 16:21:11.840] [4623] [HailoRT] [info] [edge_elements.cpp:287] [create] Created (HwReadEl7best/conv62_97 | hw_frame_size: 30720)
[2026-08-28 16:21:11.840] [4623] [HailoRT] [info] [queue_elements.cpp:657] [create] Created (PullQEl_nms7best/conv62_97 | timeout: 10s)
[2026-08-28 16:21:11.840] [4623] [HailoRT] [info] [edge_elements.cpp:287] [create] Created (HwReadEl6best/conv63_97 | hw_frame_size: 480)
[2026-08-28 16:21:11.840] [4623] [HailoRT] [info] [queue_elements.cpp:657] [create] Created (PullQEl_nms6best/conv63_97 | timeout: 10s)
[2026-08-28 16:21:11.840] [4623] [HailoRT] [info] [queue_elements.cpp:800] [create] Created (UserBufQEl_post_infer0best/yolov8_nms_postprocess | timeout: 10s)
[2026-08-28 16:21:11.840] [4623] [HailoRT] [info] [vstream.cpp:1114] [OutputVStreamImpl] Creating best/yolov8_nms_postprocess...
[2026-08-28 16:21:11.840] [4623] [HailoRT] [info] [vstream_builder.cpp:622] [create_output_post_process_nms] Output pipeline 'best/yolov8_nms_postprocess': HW >> (HwReadEl1best/conv41_97 | hw_frame_size: 409600) >> (PullQEl_nms1best/conv41_97) >> (HwReadEl0best/conv42_97 | hw_frame_size: 6400) >> (PullQEl_nms0best/conv42_97) >> (HwReadEl4best/conv52_97 | hw_frame_size: 102400) >> (PullQEl_nms4best/conv52_97) >> (HwReadEl2best/conv53_97 | hw_frame_size: 1600) >> (PullQEl_nms2best/conv53_97) >> (HwReadEl7best/conv62_97 | hw_frame_size: 30720) >> (PullQEl_nms7best/conv62_97) >> (HwReadEl6best/conv63_97 | hw_frame_size: 480) >> (PullQEl_nms6best/conv63_97) >> (NmsPPMuxEl0YOLOV8-Post-Process | Op YOLOV8, Name: YOLOV8-Post-Process, Score threshold: 0.250, IoU threshold: 0.70, Classes: 1, Cross classes: false, NMS results order: BY_CLASS, Max bboxes per class: 100, Image height: 640, Image width: 640) >> (UserBufQEl_post_infer0best/yolov8_nms_postprocess | timeout: 10s)
[2026-08-28 16:21:11.851] [7098] [HailoRT] [info] [vdevice_native_stream.cpp:331] [read_impl] Failed read from stream HAILO_STREAM_ABORT(63) (device: 0001:01:00.0)
[2026-08-28 16:21:11.851] [7103] [HailoRT] [info] [vdevice_native_stream.cpp:331] [read_impl] Failed read from stream HAILO_STREAM_ABORT(63) (device: 0001:01:00.0)
[2026-08-28 16:21:11.851] [7103] [HailoRT] [info] [edge_elements.cpp:396] [run_pull] Reading from stream was aborted!
[2026-08-28 16:21:11.851] [7101] [HailoRT] [info] [vdevice_native_stream.cpp:331] [read_impl] Failed read from stream HAILO_STREAM_ABORT(63) (device: 0001:01:00.0)
[2026-08-28 16:21:11.851] [7101] [HailoRT] [info] [edge_elements.cpp:396] [run_pull] Reading from stream was aborted!
[2026-08-28 16:21:11.851] [7103] [HailoRT] [info] [queue_elements.cpp:738] [run_in_thread] run_pull of queue element PullQEl_nms6best/conv63_97 was aborted!
[2026-08-28 16:21:11.851] [7100] [HailoRT] [info] [vdevice_native_stream.cpp:331] [read_impl] Failed read from stream HAILO_STREAM_ABORT(63) (device: 0001:01:00.0)
[2026-08-28 16:21:11.851] [7100] [HailoRT] [info] [edge_elements.cpp:396] [run_pull] Reading from stream was aborted!
[2026-08-28 16:21:11.851] [7100] [HailoRT] [info] [queue_elements.cpp:738] [run_in_thread] run_pull of queue element PullQEl_nms4best/conv52_97 was aborted!
[2026-08-28 16:21:11.851] [7098] [HailoRT] [info] [edge_elements.cpp:396] [run_pull] Reading from stream was aborted!
[2026-08-28 16:21:11.851] [7098] [HailoRT] [info] [queue_elements.cpp:738] [run_in_thread] run_pull of queue element PullQEl_nms1best/conv41_97 was aborted!
[2026-08-28 16:21:11.851] [7101] [HailoRT] [info] [queue_elements.cpp:738] [run_in_thread] run_pull of queue element PullQEl_nms2best/conv53_97 was aborted!
[2026-08-28 16:21:11.851] [7099] [HailoRT] [info] [vdevice_native_stream.cpp:331] [read_impl] Failed read from stream HAILO_STREAM_ABORT(63) (device: 0001:01:00.0)
[2026-08-28 16:21:11.851] [7099] [HailoRT] [info] [edge_elements.cpp:396] [run_pull] Reading from stream was aborted!
[2026-08-28 16:21:11.851] [7099] [HailoRT] [info] [queue_elements.cpp:738] [run_in_thread] run_pull of queue element PullQEl_nms0best/conv42_97 was aborted!
[2026-08-28 16:21:11.851] [7102] [HailoRT] [info] [vdevice_native_stream.cpp:331] [read_impl] Failed read from stream HAILO_STREAM_ABORT(63) (device: 0001:01:00.0)
[2026-08-28 16:21:11.851] [7102] [HailoRT] [info] [edge_elements.cpp:396] [run_pull] Reading from stream was aborted!
[2026-08-28 16:21:11.851] [7102] [HailoRT] [info] [queue_elements.cpp:738] [run_in_thread] run_pull of queue element PullQEl_nms7best/conv62_97 was aborted!
[2026-08-28 16:21:11.851] [7104] [HailoRT] [info] [queue_elements.cpp:68] [operator()] Thread in element UserBufQEl_post_infer0best/yolov8_nms_postprocess is not running anymore, exiting..
[2026-08-28 16:21:11.851] [4623] [HailoRT] [info] [queue_elements.cpp:46] [~BaseQueueElement] Queue element UserBufQEl_post_infer0best/yolov8_nms_postprocess has 0 frames in his Queue on destruction
[2026-08-28 16:21:11.851] [7103] [HailoRT] [info] [queue_elements.cpp:68] [operator()] Thread in element PullQEl_nms6best/conv63_97 is not running anymore, exiting..
[2026-08-28 16:21:11.851] [4623] [HailoRT] [info] [queue_elements.cpp:46] [~BaseQueueElement] Queue element PullQEl_nms6best/conv63_97 has 0 frames in his Queue on destruction
[2026-08-28 16:21:11.851] [7102] [HailoRT] [info] [queue_elements.cpp:68] [operator()] Thread in element PullQEl_nms7best/conv62_97 is not running anymore, exiting..
[2026-08-28 16:21:11.851] [4623] [HailoRT] [info] [queue_elements.cpp:46] [~BaseQueueElement] Queue element PullQEl_nms7best/conv62_97 has 0 frames in his Queue on destruction
[2026-08-28 16:21:11.851] [7101] [HailoRT] [info] [queue_elements.cpp:68] [operator()] Thread in element PullQEl_nms2best/conv53_97 is not running anymore, exiting..
[2026-08-28 16:21:11.851] [4623] [HailoRT] [info] [queue_elements.cpp:46] [~BaseQueueElement] Queue element PullQEl_nms2best/conv53_97 has 0 frames in his Queue on destruction
[2026-08-28 16:21:11.851] [7100] [HailoRT] [info] [queue_elements.cpp:68] [operator()] Thread in element PullQEl_nms4best/conv52_97 is not running anymore, exiting..
[2026-08-28 16:21:11.851] [4623] [HailoRT] [info] [queue_elements.cpp:46] [~BaseQueueElement] Queue element PullQEl_nms4best/conv52_97 has 0 frames in his Queue on destruction
[2026-08-28 16:21:11.851] [7099] [HailoRT] [info] [queue_elements.cpp:68] [operator()] Thread in element PullQEl_nms0best/conv42_97 is not running anymore, exiting..
[2026-08-28 16:21:11.851] [4623] [HailoRT] [info] [queue_elements.cpp:46] [~BaseQueueElement] Queue element PullQEl_nms0best/conv42_97 has 0 frames in his Queue on destruction
[2026-08-28 16:21:11.851] [7098] [HailoRT] [info] [queue_elements.cpp:68] [operator()] Thread in element PullQEl_nms1best/conv41_97 is not running anymore, exiting..
[2026-08-28 16:21:11.851] [4623] [HailoRT] [info] [queue_elements.cpp:46] [~BaseQueueElement] Queue element PullQEl_nms1best/conv41_97 has 0 frames in his Queue on destruction
[2026-08-28 16:21:11.851] [7097] [HailoRT] [info] [queue_elements.cpp:68] [operator()] Thread in element PushQEl3best/input_layer1 is not running anymore, exiting..
[2026-08-28 16:21:11.851] [4623] [HailoRT] [info] [queue_elements.cpp:46] [~BaseQueueElement] Queue element PushQEl3best/input_layer1 has 0 frames in his Queue on destruction
[2026-08-28 16:21:11.852] [4623] [HailoRT] [info] [core_op.cpp:186] [deactivate] Deactivating took 0.417076 ms
[2026-08-28 16:21:11.852] [4623] [HailoRT] [info] [core_op.cpp:186] [deactivate] Deactivating took 0.426965 ms
[2026-08-28 16:21:11.873] [4623] [HailoRT] [info] [core_op.cpp:156] [activate] Activating best took 0.449649 milliseconds. Note that the function is asynchronous and thus the network is not fully activated yet.
[2026-08-28 16:21:11.873] [4623] [HailoRT] [info] [core_op.cpp:156] [activate] Activating best took 0.470482 milliseconds. Note that the function is asynchronous and thus the network is not fully activated yet.
[2026-08-28 16:21:11.873] [4623] [HailoRT] [info] [edge_elements.cpp:52] [create] Created (HwWriteEl3best/input_layer1 | hw_frame_size: 1228800)
[2026-08-28 16:21:11.873] [4623] [HailoRT] [info] [queue_elements.cpp:284] [create] Created (PushQEl3best/input_layer1 | timeout: 10s)
[2026-08-28 16:21:11.873] [4623] [HailoRT] [info] [filter_elements.cpp:101] [create] Created (PreInferEl3best/input_layer1 | Reorder - src_order: NHWC, src_shape: (640, 640, 3), dst_order: NHCW, dst_shape: (640, 640, 3))
[2026-08-28 16:21:11.873] [4623] [HailoRT] [info] [vstream.cpp:754] [InputVStreamImpl] Creating best/input_layer1...
[2026-08-28 16:21:11.873] [4623] [HailoRT] [info] [vstream_builder.cpp:102] [create_inputs] Input pipeline 'best/input_layer1': (PreInferEl3best/input_layer1 | Reorder - src_order: NHWC, src_shape: (640, 640, 3), dst_order: NHCW, dst_shape: (640, 640, 3)) >> (PushQEl3best/input_layer1 | timeout: 10s) >> (HwWriteEl3best/input_layer1 | hw_frame_size: 1228800) >> HW
[2026-08-28 16:21:11.873] [4623] [HailoRT] [info] [multi_io_elements.cpp:135] [create] Created (NmsPPMuxEl0YOLOV8-Post-Process | Op YOLOV8, Name: YOLOV8-Post-Process, Score threshold: 0.250, IoU threshold: 0.70, Classes: 1, Cross classes: false, NMS results order: BY_CLASS, Max bboxes per class: 100, Image height: 640, Image width: 640)
[2026-08-28 16:21:11.873] [4623] [HailoRT] [info] [edge_elements.cpp:287] [create] Created (HwReadEl1best/conv41_97 | hw_frame_size: 409600)
[2026-08-28 16:21:11.873] [4623] [HailoRT] [info] [queue_elements.cpp:657] [create] Created (PullQEl_nms1best/conv41_97 | timeout: 10s)
[2026-08-28 16:21:11.873] [4623] [HailoRT] [info] [edge_elements.cpp:287] [create] Created (HwReadEl0best/conv42_97 | hw_frame_size: 6400)
[2026-08-28 16:21:11.873] [4623] [HailoRT] [info] [queue_elements.cpp:657] [create] Created (PullQEl_nms0best/conv42_97 | timeout: 10s)
[2026-08-28 16:21:11.873] [4623] [HailoRT] [info] [edge_elements.cpp:287] [create] Created (HwReadEl4best/conv52_97 | hw_frame_size: 102400)
[2026-08-28 16:21:11.873] [4623] [HailoRT] [info] [queue_elements.cpp:657] [create] Created (PullQEl_nms4best/conv52_97 | timeout: 10s)
[2026-08-28 16:21:11.873] [4623] [HailoRT] [info] [edge_elements.cpp:287] [create] Created (HwReadEl2best/conv53_97 | hw_frame_size: 1600)
[2026-08-28 16:21:11.873] [4623] [HailoRT] [info] [queue_elements.cpp:657] [create] Created (PullQEl_nms2best/conv53_97 | timeout: 10s)
[2026-08-28 16:21:11.873] [4623] [HailoRT] [info] [edge_elements.cpp:287] [create] Created (HwReadEl7best/conv62_97 | hw_frame_size: 30720)
[2026-08-28 16:21:11.873] [4623] [HailoRT] [info] [queue_elements.cpp:657] [create] Created (PullQEl_nms7best/conv62_97 | timeout: 10s)
[2026-08-28 16:21:11.873] [4623] [HailoRT] [info] [edge_elements.cpp:287] [create] Created (HwReadEl6best/conv63_97 | hw_frame_size: 480)
[2026-08-28 16:21:11.873] [4623] [HailoRT] [info] [queue_elements.cpp:657] [create] Created (PullQEl_nms6best/conv63_97 | timeout: 10s)
[2026-08-28 16:21:11.873] [4623] [HailoRT] [info] [queue_elements.cpp:800] [create] Created (UserBufQEl_post_infer0best/yolov8_nms_postprocess | timeout: 10s)
[2026-08-28 16:21:11.873] [4623] [HailoRT] [info] [vstream.cpp:1114] [OutputVStreamImpl] Creating best/yolov8_nms_postprocess...
[2026-08-28 16:21:11.873] [4623] [HailoRT] [info] [vstream_builder.cpp:622] [create_output_post_process_nms] Output pipeline 'best/yolov8_nms_postprocess': HW >> (HwReadEl1best/conv41_97 | hw_frame_size: 409600) >> (PullQEl_nms1best/conv41_97) >> (HwReadEl0best/conv42_97 | hw_frame_size: 6400) >> (PullQEl_nms0best/conv42_97) >> (HwReadEl4best/conv52_97 | hw_frame_size: 102400) >> (PullQEl_nms4best/conv52_97) >> (HwReadEl2best/conv53_97 | hw_frame_size: 1600) >> (PullQEl_nms2best/conv53_97) >> (HwReadEl7best/conv62_97 | hw_frame_size: 30720) >> (PullQEl_nms7best/conv62_97) >> (HwReadEl6best/conv63_97 | hw_frame_size: 480) >> (PullQEl_nms6best/conv63_97) >> (NmsPPMuxEl0YOLOV8-Post-Process | Op YOLOV8, Name: YOLOV8-Post-Process, Score threshold: 0.250, IoU threshold: 0.70, Classes: 1, Cross classes: false, NMS results order: BY_CLASS, Max bboxes per class: 100, Image height: 640, Image width: 640) >> (UserBufQEl_post_infer0best/yolov8_nms_postprocess | timeout: 10s)
[2026-08-28 16:21:11.884] [7108] [HailoRT] [info] [vdevice_native_stream.cpp:331] [read_impl] Failed read from stream HAILO_STREAM_ABORT(63) (device: 0001:01:00.0)
[2026-08-28 16:21:11.884] [7108] [HailoRT] [info] [edge_elements.cpp:396] [run_pull] Reading from stream was aborted!
[2026-08-28 16:21:11.884] [7113] [HailoRT] [info] [vdevice_native_stream.cpp:331] [read_impl] Failed read from stream HAILO_STREAM_ABORT(63) (device: 0001:01:00.0)
[2026-08-28 16:21:11.884] [7113] [HailoRT] [info] [edge_elements.cpp:396] [run_pull] Reading from stream was aborted!
[2026-08-28 16:21:11.884] [7108] [HailoRT] [info] [queue_elements.cpp:738] [run_in_thread] run_pull of queue element PullQEl_nms1best/conv41_97 was aborted!
[2026-08-28 16:21:11.884] [7111] [HailoRT] [info] [vdevice_native_stream.cpp:331] [read_impl] Failed read from stream HAILO_STREAM_ABORT(63) (device: 0001:01:00.0)
[2026-08-28 16:21:11.884] [7111] [HailoRT] [info] [edge_elements.cpp:396] [run_pull] Reading from stream was aborted!
[2026-08-28 16:21:11.884] [7111] [HailoRT] [info] [queue_elements.cpp:738] [run_in_thread] run_pull of queue element PullQEl_nms2best/conv53_97 was aborted!
[2026-08-28 16:21:11.884] [7110] [HailoRT] [info] [vdevice_native_stream.cpp:331] [read_impl] Failed read from stream HAILO_STREAM_ABORT(63) (device: 0001:01:00.0)
[2026-08-28 16:21:11.884] [7110] [HailoRT] [info] [edge_elements.cpp:396] [run_pull] Reading from stream was aborted!
[2026-08-28 16:21:11.884] [7110] [HailoRT] [info] [queue_elements.cpp:738] [run_in_thread] run_pull of queue element PullQEl_nms4best/conv52_97 was aborted!
[2026-08-28 16:21:11.884] [7113] [HailoRT] [info] [queue_elements.cpp:738] [run_in_thread] run_pull of queue element PullQEl_nms6best/conv63_97 was aborted!
[2026-08-28 16:21:11.884] [7109] [HailoRT] [info] [vdevice_native_stream.cpp:331] [read_impl] Failed read from stream HAILO_STREAM_ABORT(63) (device: 0001:01:00.0)
[2026-08-28 16:21:11.884] [7109] [HailoRT] [info] [edge_elements.cpp:396] [run_pull] Reading from stream was aborted!
[2026-08-28 16:21:11.884] [7109] [HailoRT] [info] [queue_elements.cpp:738] [run_in_thread] run_pull of queue element PullQEl_nms0best/conv42_97 was aborted!
[2026-08-28 16:21:11.884] [7112] [HailoRT] [info] [vdevice_native_stream.cpp:331] [read_impl] Failed read from stream HAILO_STREAM_ABORT(63) (device: 0001:01:00.0)
[2026-08-28 16:21:11.884] [7112] [HailoRT] [info] [edge_elements.cpp:396] [run_pull] Reading from stream was aborted!
[2026-08-28 16:21:11.884] [7112] [HailoRT] [info] [queue_elements.cpp:738] [run_in_thread] run_pull of queue element PullQEl_nms7best/conv62_97 was aborted!
[2026-08-28 16:21:11.884] [7114] [HailoRT] [info] [queue_elements.cpp:68] [operator()] Thread in element UserBufQEl_post_infer0best/yolov8_nms_postprocess is not running anymore, exiting..
[2026-08-28 16:21:11.884] [4623] [HailoRT] [info] [queue_elements.cpp:46] [~BaseQueueElement] Queue element UserBufQEl_post_infer0best/yolov8_nms_postprocess has 0 frames in his Queue on destruction
[2026-08-28 16:21:11.884] [7113] [HailoRT] [info] [queue_elements.cpp:68] [operator()] Thread in element PullQEl_nms6best/conv63_97 is not running anymore, exiting..
[2026-08-28 16:21:11.884] [4623] [HailoRT] [info] [queue_elements.cpp:46] [~BaseQueueElement] Queue element PullQEl_nms6best/conv63_97 has 0 frames in his Queue on destruction
[2026-08-28 16:21:11.884] [7112] [HailoRT] [info] [queue_elements.cpp:68] [operator()] Thread in element PullQEl_nms7best/conv62_97 is not running anymore, exiting..
[2026-08-28 16:21:11.884] [4623] [HailoRT] [info] [queue_elements.cpp:46] [~BaseQueueElement] Queue element PullQEl_nms7best/conv62_97 has 0 frames in his Queue on destruction
[2026-08-28 16:21:11.884] [7111] [HailoRT] [info] [queue_elements.cpp:68] [operator()] Thread in element PullQEl_nms2best/conv53_97 is not running anymore, exiting..
[2026-08-28 16:21:11.884] [4623] [HailoRT] [info] [queue_elements.cpp:46] [~BaseQueueElement] Queue element PullQEl_nms2best/conv53_97 has 0 frames in his Queue on destruction
[2026-08-28 16:21:11.884] [7110] [HailoRT] [info] [queue_elements.cpp:68] [operator()] Thread in element PullQEl_nms4best/conv52_97 is not running anymore, exiting..
[2026-08-28 16:21:11.884] [4623] [HailoRT] [info] [queue_elements.cpp:46] [~BaseQueueElement] Queue element PullQEl_nms4best/conv52_97 has 0 frames in his Queue on destruction
[2026-08-28 16:21:11.884] [7109] [HailoRT] [info] [queue_elements.cpp:68] [operator()] Thread in element PullQEl_nms0best/conv42_97 is not running anymore, exiting..
[2026-08-28 16:21:11.884] [4623] [HailoRT] [info] [queue_elements.cpp:46] [~BaseQueueElement] Queue element PullQEl_nms0best/conv42_97 has 0 frames in his Queue on destruction
[2026-08-28 16:21:11.884] [7108] [HailoRT] [info] [queue_elements.cpp:68] [operator()] Thread in element PullQEl_nms1best/conv41_97 is not running anymore, exiting..
[2026-08-28 16:21:11.884] [4623] [HailoRT] [info] [queue_elements.cpp:46] [~BaseQueueElement] Queue element PullQEl_nms1best/conv41_97 has 0 frames in his Queue on destruction
[2026-08-28 16:21:11.884] [7107] [HailoRT] [info] [queue_elements.cpp:68] [operator()] Thread in element PushQEl3best/input_layer1 is not running anymore, exiting..
[2026-08-28 16:21:11.884] [4623] [HailoRT] [info] [queue_elements.cpp:46] [~BaseQueueElement] Queue element PushQEl3best/input_layer1 has 0 frames in his Queue on destruction
[2026-08-28 16:21:11.885] [4623] [HailoRT] [info] [core_op.cpp:186] [deactivate] Deactivating took 0.408688 ms
[2026-08-28 16:21:11.885] [4623] [HailoRT] [info] [core_op.cpp:186] [deactivate] Deactivating took 0.419687 ms
[2026-08-28 16:21:11.905] [4623] [HailoRT] [info] [core_op.cpp:156] [activate] Activating best took 0.474778 milliseconds. Note that the function is asynchronous and thus the network is not fully activated yet.
[2026-08-28 16:21:11.905] [4623] [HailoRT] [info] [core_op.cpp:156] [activate] Activating best took 0.496092 milliseconds. Note that the function is asynchronous and thus the network is not fully activated yet.
[2026-08-28 16:21:11.905] [4623] [HailoRT] [info] [edge_elements.cpp:52] [create] Created (HwWriteEl3best/input_layer1 | hw_frame_size: 1228800)
[2026-08-28 16:21:11.905] [4623] [HailoRT] [info] [queue_elements.cpp:284] [create] Created (PushQEl3best/input_layer1 | timeout: 10s)
[2026-08-28 16:21:11.905] [4623] [HailoRT] [info] [filter_elements.cpp:101] [create] Created (PreInferEl3best/input_layer1 | Reorder - src_order: NHWC, src_shape: (640, 640, 3), dst_order: NHCW, dst_shape: (640, 640, 3))
[2026-08-28 16:21:11.905] [4623] [HailoRT] [info] [vstream.cpp:754] [InputVStreamImpl] Creating best/input_layer1...
[2026-08-28 16:21:11.905] [4623] [HailoRT] [info] [vstream_builder.cpp:102] [create_inputs] Input pipeline 'best/input_layer1': (PreInferEl3best/input_layer1 | Reorder - src_order: NHWC, src_shape: (640, 640, 3), dst_order: NHCW, dst_shape: (640, 640, 3)) >> (PushQEl3best/input_layer1 | timeout: 10s) >> (HwWriteEl3best/input_layer1 | hw_frame_size: 1228800) >> HW
[2026-08-28 16:21:11.905] [4623] [HailoRT] [info] [multi_io_elements.cpp:135] [create] Created (NmsPPMuxEl0YOLOV8-Post-Process | Op YOLOV8, Name: YOLOV8-Post-Process, Score threshold: 0.250, IoU threshold: 0.70, Classes: 1, Cross classes: false, NMS results order: BY_CLASS, Max bboxes per class: 100, Image height: 640, Image width: 640)
[2026-08-28 16:21:11.905] [4623] [HailoRT] [info] [edge_elements.cpp:287] [create] Created (HwReadEl1best/conv41_97 | hw_frame_size: 409600)
[2026-08-28 16:21:11.906] [4623] [HailoRT] [info] [queue_elements.cpp:657] [create] Created (PullQEl_nms1best/conv41_97 | timeout: 10s)
[2026-08-28 16:21:11.906] [4623] [HailoRT] [info] [edge_elements.cpp:287] [create] Created (HwReadEl0best/conv42_97 | hw_frame_size: 6400)
[2026-08-28 16:21:11.906] [4623] [HailoRT] [info] [queue_elements.cpp:657] [create] Created (PullQEl_nms0best/conv42_97 | timeout: 10s)
[2026-08-28 16:21:11.906] [4623] [HailoRT] [info] [edge_elements.cpp:287] [create] Created (HwReadEl4best/conv52_97 | hw_frame_size: 102400)
[2026-08-28 16:21:11.906] [4623] [HailoRT] [info] [queue_elements.cpp:657] [create] Created (PullQEl_nms4best/conv52_97 | timeout: 10s)
[2026-08-28 16:21:11.906] [4623] [HailoRT] [info] [edge_elements.cpp:287] [create] Created (HwReadEl2best/conv53_97 | hw_frame_size: 1600)
[2026-08-28 16:21:11.906] [4623] [HailoRT] [info] [queue_elements.cpp:657] [create] Created (PullQEl_nms2best/conv53_97 | timeout: 10s)
[2026-08-28 16:21:11.906] [4623] [HailoRT] [info] [edge_elements.cpp:287] [create] Created (HwReadEl7best/conv62_97 | hw_frame_size: 30720)
[2026-08-28 16:21:11.906] [4623] [HailoRT] [info] [queue_elements.cpp:657] [create] Created (PullQEl_nms7best/conv62_97 | timeout: 10s)
[2026-08-28 16:21:11.906] [4623] [HailoRT] [info] [edge_elements.cpp:287] [create] Created (HwReadEl6best/conv63_97 | hw_frame_size: 480)
[2026-08-28 16:21:11.906] [4623] [HailoRT] [info] [queue_elements.cpp:657] [create] Created (PullQEl_nms6best/conv63_97 | timeout: 10s)
[2026-08-28 16:21:11.906] [4623] [HailoRT] [info] [queue_elements.cpp:800] [create] Created (UserBufQEl_post_infer0best/yolov8_nms_postprocess | timeout: 10s)
[2026-08-28 16:21:11.906] [4623] [HailoRT] [info] [vstream.cpp:1114] [OutputVStreamImpl] Creating best/yolov8_nms_postprocess...
[2026-08-28 16:21:11.906] [4623] [HailoRT] [info] [vstream_builder.cpp:622] [create_output_post_process_nms] Output pipeline 'best/yolov8_nms_postprocess': HW >> (HwReadEl1best/conv41_97 | hw_frame_size: 409600) >> (PullQEl_nms1best/conv41_97) >> (HwReadEl0best/conv42_97 | hw_frame_size: 6400) >> (PullQEl_nms0best/conv42_97) >> (HwReadEl4best/conv52_97 | hw_frame_size: 102400) >> (PullQEl_nms4best/conv52_97) >> (HwReadEl2best/conv53_97 | hw_frame_size: 1600) >> (PullQEl_nms2best/conv53_97) >> (HwReadEl7best/conv62_97 | hw_frame_size: 30720) >> (PullQEl_nms7best/conv62_97) >> (HwReadEl6best/conv63_97 | hw_frame_size: 480) >> (PullQEl_nms6best/conv63_97) >> (NmsPPMuxEl0YOLOV8-Post-Process | Op YOLOV8, Name: YOLOV8-Post-Process, Score threshold: 0.250, IoU threshold: 0.70, Classes: 1, Cross classes: false, NMS results order: BY_CLASS, Max bboxes per class: 100, Image height: 640, Image width: 640) >> (UserBufQEl_post_infer0best/yolov8_nms_postprocess | timeout: 10s)
[2026-08-28 16:21:11.916] [7118] [HailoRT] [info] [vdevice_native_stream.cpp:331] [read_impl] Failed read from stream HAILO_STREAM_ABORT(63) (device: 0001:01:00.0)
[2026-08-28 16:21:11.916] [7122] [HailoRT] [info] [vdevice_native_stream.cpp:331] [read_impl] Failed read from stream HAILO_STREAM_ABORT(63) (device: 0001:01:00.0)
[2026-08-28 16:21:11.916] [7122] [HailoRT] [info] [edge_elements.cpp:396] [run_pull] Reading from stream was aborted!
[2026-08-28 16:21:11.916] [7120] [HailoRT] [info] [vdevice_native_stream.cpp:331] [read_impl] Failed read from stream HAILO_STREAM_ABORT(63) (device: 0001:01:00.0)
[2026-08-28 16:21:11.916] [7122] [HailoRT] [info] [queue_elements.cpp:738] [run_in_thread] run_pull of queue element PullQEl_nms7best/conv62_97 was aborted!
[2026-08-28 16:21:11.916] [7120] [HailoRT] [info] [edge_elements.cpp:396] [run_pull] Reading from stream was aborted!
[2026-08-28 16:21:11.916] [7121] [HailoRT] [info] [vdevice_native_stream.cpp:331] [read_impl] Failed read from stream HAILO_STREAM_ABORT(63) (device: 0001:01:00.0)
[2026-08-28 16:21:11.916] [7119] [HailoRT] [info] [vdevice_native_stream.cpp:331] [read_impl] Failed read from stream HAILO_STREAM_ABORT(63) (device: 0001:01:00.0)
[2026-08-28 16:21:11.916] [7119] [HailoRT] [info] [edge_elements.cpp:396] [run_pull] Reading from stream was aborted!
[2026-08-28 16:21:11.916] [7118] [HailoRT] [info] [edge_elements.cpp:396] [run_pull] Reading from stream was aborted!
[2026-08-28 16:21:11.916] [7120] [HailoRT] [info] [queue_elements.cpp:738] [run_in_thread] run_pull of queue element PullQEl_nms4best/conv52_97 was aborted!
[2026-08-28 16:21:11.916] [7121] [HailoRT] [info] [edge_elements.cpp:396] [run_pull] Reading from stream was aborted!
[2026-08-28 16:21:11.916] [7123] [HailoRT] [info] [vdevice_native_stream.cpp:331] [read_impl] Failed read from stream HAILO_STREAM_ABORT(63) (device: 0001:01:00.0)
[2026-08-28 16:21:11.916] [7119] [HailoRT] [info] [queue_elements.cpp:738] [run_in_thread] run_pull of queue element PullQEl_nms0best/conv42_97 was aborted!
[2026-08-28 16:21:11.916] [7118] [HailoRT] [info] [queue_elements.cpp:738] [run_in_thread] run_pull of queue element PullQEl_nms1best/conv41_97 was aborted!
[2026-08-28 16:21:11.916] [7123] [HailoRT] [info] [edge_elements.cpp:396] [run_pull] Reading from stream was aborted!
[2026-08-28 16:21:11.916] [7121] [HailoRT] [info] [queue_elements.cpp:738] [run_in_thread] run_pull of queue element PullQEl_nms2best/conv53_97 was aborted!
[2026-08-28 16:21:11.916] [7123] [HailoRT] [info] [queue_elements.cpp:738] [run_in_thread] run_pull of queue element PullQEl_nms6best/conv63_97 was aborted!
[2026-08-28 16:21:11.916] [7124] [HailoRT] [info] [queue_elements.cpp:68] [operator()] Thread in element UserBufQEl_post_infer0best/yolov8_nms_postprocess is not running anymore, exiting..
[2026-08-28 16:21:11.916] [4623] [HailoRT] [info] [queue_elements.cpp:46] [~BaseQueueElement] Queue element UserBufQEl_post_infer0best/yolov8_nms_postprocess has 0 frames in his Queue on destruction
[2026-08-28 16:21:11.916] [7123] [HailoRT] [info] [queue_elements.cpp:68] [operator()] Thread in element PullQEl_nms6best/conv63_97 is not running anymore, exiting..
[2026-08-28 16:21:11.916] [4623] [HailoRT] [info] [queue_elements.cpp:46] [~BaseQueueElement] Queue element PullQEl_nms6best/conv63_97 has 0 frames in his Queue on destruction
[2026-08-28 16:21:11.916] [7122] [HailoRT] [info] [queue_elements.cpp:68] [operator()] Thread in element PullQEl_nms7best/conv62_97 is not running anymore, exiting..
[2026-08-28 16:21:11.916] [4623] [HailoRT] [info] [queue_elements.cpp:46] [~BaseQueueElement] Queue element PullQEl_nms7best/conv62_97 has 0 frames in his Queue on destruction
[2026-08-28 16:21:11.916] [7121] [HailoRT] [info] [queue_elements.cpp:68] [operator()] Thread in element PullQEl_nms2best/conv53_97 is not running anymore, exiting..
[2026-08-28 16:21:11.916] [4623] [HailoRT] [info] [queue_elements.cpp:46] [~BaseQueueElement] Queue element PullQEl_nms2best/conv53_97 has 0 frames in his Queue on destruction
[2026-08-28 16:21:11.916] [7120] [HailoRT] [info] [queue_elements.cpp:68] [operator()] Thread in element PullQEl_nms4best/conv52_97 is not running anymore, exiting..
[2026-08-28 16:21:11.916] [4623] [HailoRT] [info] [queue_elements.cpp:46] [~BaseQueueElement] Queue element PullQEl_nms4best/conv52_97 has 0 frames in his Queue on destruction
[2026-08-28 16:21:11.917] [7119] [HailoRT] [info] [queue_elements.cpp:68] [operator()] Thread in element PullQEl_nms0best/conv42_97 is not running anymore, exiting..
[2026-08-28 16:21:11.917] [4623] [HailoRT] [info] [queue_elements.cpp:46] [~BaseQueueElement] Queue element PullQEl_nms0best/conv42_97 has 0 frames in his Queue on destruction
[2026-08-28 16:21:11.917] [7118] [HailoRT] [info] [queue_elements.cpp:68] [operator()] Thread in element PullQEl_nms1best/conv41_97 is not running anymore, exiting..
[2026-08-28 16:21:11.917] [4623] [HailoRT] [info] [queue_elements.cpp:46] [~BaseQueueElement] Queue element PullQEl_nms1best/conv41_97 has 0 frames in his Queue on destruction
[2026-08-28 16:21:11.917] [7117] [HailoRT] [info] [queue_elements.cpp:68] [operator()] Thread in element PushQEl3best/input_layer1 is not running anymore, exiting..
[2026-08-28 16:21:11.917] [4623] [HailoRT] [info] [queue_elements.cpp:46] [~BaseQueueElement] Queue element PushQEl3best/input_layer1 has 0 frames in his Queue on destruction
[2026-08-28 16:21:11.917] [4623] [HailoRT] [info] [core_op.cpp:186] [deactivate] Deactivating took 0.401226 ms
[2026-08-28 16:21:11.917] [4623] [HailoRT] [info] [core_op.cpp:186] [deactivate] Deactivating took 0.409466 ms
[2026-08-28 16:21:11.938] [4623] [HailoRT] [info] [core_op.cpp:156] [activate] Activating best took 0.446779 milliseconds. Note that the function is asynchronous and thus the network is not fully activated yet.
[2026-08-28 16:21:11.938] [4623] [HailoRT] [info] [core_op.cpp:156] [activate] Activating best took 0.465871 milliseconds. Note that the function is asynchronous and thus the network is not fully activated yet.
[2026-08-28 16:21:11.938] [4623] [HailoRT] [info] [edge_elements.cpp:52] [create] Created (HwWriteEl3best/input_layer1 | hw_frame_size: 1228800)
[2026-08-28 16:21:11.938] [4623] [HailoRT] [info] [queue_elements.cpp:284] [create] Created (PushQEl3best/input_layer1 | timeout: 10s)
[2026-08-28 16:21:11.938] [4623] [HailoRT] [info] [filter_elements.cpp:101] [create] Created (PreInferEl3best/input_layer1 | Reorder - src_order: NHWC, src_shape: (640, 640, 3), dst_order: NHCW, dst_shape: (640, 640, 3))
[2026-08-28 16:21:11.938] [4623] [HailoRT] [info] [vstream.cpp:754] [InputVStreamImpl] Creating best/input_layer1...
[2026-08-28 16:21:11.938] [4623] [HailoRT] [info] [vstream_builder.cpp:102] [create_inputs] Input pipeline 'best/input_layer1': (PreInferEl3best/input_layer1 | Reorder - src_order: NHWC, src_shape: (640, 640, 3), dst_order: NHCW, dst_shape: (640, 640, 3)) >> (PushQEl3best/input_layer1 | timeout: 10s) >> (HwWriteEl3best/input_layer1 | hw_frame_size: 1228800) >> HW
[2026-08-28 16:21:11.938] [4623] [HailoRT] [info] [multi_io_elements.cpp:135] [create] Created (NmsPPMuxEl0YOLOV8-Post-Process | Op YOLOV8, Name: YOLOV8-Post-Process, Score threshold: 0.250, IoU threshold: 0.70, Classes: 1, Cross classes: false, NMS results order: BY_CLASS, Max bboxes per class: 100, Image height: 640, Image width: 640)
[2026-08-28 16:21:11.938] [4623] [HailoRT] [info] [edge_elements.cpp:287] [create] Created (HwReadEl1best/conv41_97 | hw_frame_size: 409600)
[2026-08-28 16:21:11.938] [4623] [HailoRT] [info] [queue_elements.cpp:657] [create] Created (PullQEl_nms1best/conv41_97 | timeout: 10s)
[2026-08-28 16:21:11.938] [4623] [HailoRT] [info] [edge_elements.cpp:287] [create] Created (HwReadEl0best/conv42_97 | hw_frame_size: 6400)
[2026-08-28 16:21:11.938] [4623] [HailoRT] [info] [queue_elements.cpp:657] [create] Created (PullQEl_nms0best/conv42_97 | timeout: 10s)
[2026-08-28 16:21:11.938] [4623] [HailoRT] [info] [edge_elements.cpp:287] [create] Created (HwReadEl4best/conv52_97 | hw_frame_size: 102400)
[2026-08-28 16:21:11.938] [4623] [HailoRT] [info] [queue_elements.cpp:657] [create] Created (PullQEl_nms4best/conv52_97 | timeout: 10s)
[2026-08-28 16:21:11.938] [4623] [HailoRT] [info] [edge_elements.cpp:287] [create] Created (HwReadEl2best/conv53_97 | hw_frame_size: 1600)
[2026-08-28 16:21:11.938] [4623] [HailoRT] [info] [queue_elements.cpp:657] [create] Created (PullQEl_nms2best/conv53_97 | timeout: 10s)
[2026-08-28 16:21:11.938] [4623] [HailoRT] [info] [edge_elements.cpp:287] [create] Created (HwReadEl7best/conv62_97 | hw_frame_size: 30720)
[2026-08-28 16:21:11.938] [4623] [HailoRT] [info] [queue_elements.cpp:657] [create] Created (PullQEl_nms7best/conv62_97 | timeout: 10s)
[2026-08-28 16:21:11.938] [4623] [HailoRT] [info] [edge_elements.cpp:287] [create] Created (HwReadEl6best/conv63_97 | hw_frame_size: 480)
[2026-08-28 16:21:11.938] [4623] [HailoRT] [info] [queue_elements.cpp:657] [create] Created (PullQEl_nms6best/conv63_97 | timeout: 10s)
[2026-08-28 16:21:11.939] [4623] [HailoRT] [info] [queue_elements.cpp:800] [create] Created (UserBufQEl_post_infer0best/yolov8_nms_postprocess | timeout: 10s)
[2026-08-28 16:21:11.939] [4623] [HailoRT] [info] [vstream.cpp:1114] [OutputVStreamImpl] Creating best/yolov8_nms_postprocess...
[2026-08-28 16:21:11.939] [4623] [HailoRT] [info] [vstream_builder.cpp:622] [create_output_post_process_nms] Output pipeline 'best/yolov8_nms_postprocess': HW >> (HwReadEl1best/conv41_97 | hw_frame_size: 409600) >> (PullQEl_nms1best/conv41_97) >> (HwReadEl0best/conv42_97 | hw_frame_size: 6400) >> (PullQEl_nms0best/conv42_97) >> (HwReadEl4best/conv52_97 | hw_frame_size: 102400) >> (PullQEl_nms4best/conv52_97) >> (HwReadEl2best/conv53_97 | hw_frame_size: 1600) >> (PullQEl_nms2best/conv53_97) >> (HwReadEl7best/conv62_97 | hw_frame_size: 30720) >> (PullQEl_nms7best/conv62_97) >> (HwReadEl6best/conv63_97 | hw_frame_size: 480) >> (PullQEl_nms6best/conv63_97) >> (NmsPPMuxEl0YOLOV8-Post-Process | Op YOLOV8, Name: YOLOV8-Post-Process, Score threshold: 0.250, IoU threshold: 0.70, Classes: 1, Cross classes: false, NMS results order: BY_CLASS, Max bboxes per class: 100, Image height: 640, Image width: 640) >> (UserBufQEl_post_infer0best/yolov8_nms_postprocess | timeout: 10s)
[2026-08-28 16:21:11.949] [7129] [HailoRT] [info] [vdevice_native_stream.cpp:331] [read_impl] Failed read from stream HAILO_STREAM_ABORT(63) (device: 0001:01:00.0)
[2026-08-28 16:21:11.949] [7131] [HailoRT] [info] [vdevice_native_stream.cpp:331] [read_impl] Failed read from stream HAILO_STREAM_ABORT(63) (device: 0001:01:00.0)
[2026-08-28 16:21:11.949] [7131] [HailoRT] [info] [edge_elements.cpp:396] [run_pull] Reading from stream was aborted!
[2026-08-28 16:21:11.949] [7133] [HailoRT] [info] [vdevice_native_stream.cpp:331] [read_impl] Failed read from stream HAILO_STREAM_ABORT(63) (device: 0001:01:00.0)
[2026-08-28 16:21:11.949] [7131] [HailoRT] [info] [queue_elements.cpp:738] [run_in_thread] run_pull of queue element PullQEl_nms2best/conv53_97 was aborted!
[2026-08-28 16:21:11.949] [7133] [HailoRT] [info] [edge_elements.cpp:396] [run_pull] Reading from stream was aborted!
[2026-08-28 16:21:11.949] [7132] [HailoRT] [info] [vdevice_native_stream.cpp:331] [read_impl] Failed read from stream HAILO_STREAM_ABORT(63) (device: 0001:01:00.0)
[2026-08-28 16:21:11.949] [7132] [HailoRT] [info] [edge_elements.cpp:396] [run_pull] Reading from stream was aborted!
[2026-08-28 16:21:11.949] [7133] [HailoRT] [info] [queue_elements.cpp:738] [run_in_thread] run_pull of queue element PullQEl_nms6best/conv63_97 was aborted!
[2026-08-28 16:21:11.949] [7132] [HailoRT] [info] [queue_elements.cpp:738] [run_in_thread] run_pull of queue element PullQEl_nms7best/conv62_97 was aborted!
[2026-08-28 16:21:11.949] [7130] [HailoRT] [info] [vdevice_native_stream.cpp:331] [read_impl] Failed read from stream HAILO_STREAM_ABORT(63) (device: 0001:01:00.0)
[2026-08-28 16:21:11.949] [7128] [HailoRT] [info] [vdevice_native_stream.cpp:331] [read_impl] Failed read from stream HAILO_STREAM_ABORT(63) (device: 0001:01:00.0)
[2026-08-28 16:21:11.949] [7128] [HailoRT] [info] [edge_elements.cpp:396] [run_pull] Reading from stream was aborted!
[2026-08-28 16:21:11.949] [7129] [HailoRT] [info] [edge_elements.cpp:396] [run_pull] Reading from stream was aborted!
[2026-08-28 16:21:11.949] [7130] [HailoRT] [info] [edge_elements.cpp:396] [run_pull] Reading from stream was aborted!
[2026-08-28 16:21:11.949] [7129] [HailoRT] [info] [queue_elements.cpp:738] [run_in_thread] run_pull of queue element PullQEl_nms0best/conv42_97 was aborted!
[2026-08-28 16:21:11.949] [7130] [HailoRT] [info] [queue_elements.cpp:738] [run_in_thread] run_pull of queue element PullQEl_nms4best/conv52_97 was aborted!
[2026-08-28 16:21:11.949] [7128] [HailoRT] [info] [queue_elements.cpp:738] [run_in_thread] run_pull of queue element PullQEl_nms1best/conv41_97 was aborted!
[2026-08-28 16:21:11.949] [7134] [HailoRT] [info] [queue_elements.cpp:68] [operator()] Thread in element UserBufQEl_post_infer0best/yolov8_nms_postprocess is not running anymore, exiting..
[2026-08-28 16:21:11.949] [4623] [HailoRT] [info] [queue_elements.cpp:46] [~BaseQueueElement] Queue element UserBufQEl_post_infer0best/yolov8_nms_postprocess has 0 frames in his Queue on destruction
[2026-08-28 16:21:11.949] [7133] [HailoRT] [info] [queue_elements.cpp:68] [operator()] Thread in element PullQEl_nms6best/conv63_97 is not running anymore, exiting..
[2026-08-28 16:21:11.949] [4623] [HailoRT] [info] [queue_elements.cpp:46] [~BaseQueueElement] Queue element PullQEl_nms6best/conv63_97 has 0 frames in his Queue on destruction
[2026-08-28 16:21:11.949] [7132] [HailoRT] [info] [queue_elements.cpp:68] [operator()] Thread in element PullQEl_nms7best/conv62_97 is not running anymore, exiting..
[2026-08-28 16:21:11.949] [4623] [HailoRT] [info] [queue_elements.cpp:46] [~BaseQueueElement] Queue element PullQEl_nms7best/conv62_97 has 0 frames in his Queue on destruction
[2026-08-28 16:21:11.949] [7131] [HailoRT] [info] [queue_elements.cpp:68] [operator()] Thread in element PullQEl_nms2best/conv53_97 is not running anymore, exiting..
[2026-08-28 16:21:11.949] [4623] [HailoRT] [info] [queue_elements.cpp:46] [~BaseQueueElement] Queue element PullQEl_nms2best/conv53_97 has 0 frames in his Queue on destruction
[2026-08-28 16:21:11.949] [7130] [HailoRT] [info] [queue_elements.cpp:68] [operator()] Thread in element PullQEl_nms4best/conv52_97 is not running anymore, exiting..
[2026-08-28 16:21:11.949] [4623] [HailoRT] [info] [queue_elements.cpp:46] [~BaseQueueElement] Queue element PullQEl_nms4best/conv52_97 has 0 frames in his Queue on destruction
[2026-08-28 16:21:11.949] [7129] [HailoRT] [info] [queue_elements.cpp:68] [operator()] Thread in element PullQEl_nms0best/conv42_97 is not running anymore, exiting..
[2026-08-28 16:21:11.949] [4623] [HailoRT] [info] [queue_elements.cpp:46] [~BaseQueueElement] Queue element PullQEl_nms0best/conv42_97 has 0 frames in his Queue on destruction
[2026-08-28 16:21:11.949] [7128] [HailoRT] [info] [queue_elements.cpp:68] [operator()] Thread in element PullQEl_nms1best/conv41_97 is not running anymore, exiting..
[2026-08-28 16:21:11.949] [4623] [HailoRT] [info] [queue_elements.cpp:46] [~BaseQueueElement] Queue element PullQEl_nms1best/conv41_97 has 0 frames in his Queue on destruction
[2026-08-28 16:21:11.949] [7127] [HailoRT] [info] [queue_elements.cpp:68] [operator()] Thread in element PushQEl3best/input_layer1 is not running anymore, exiting..
[2026-08-28 16:21:11.949] [4623] [HailoRT] [info] [queue_elements.cpp:46] [~BaseQueueElement] Queue element PushQEl3best/input_layer1 has 0 frames in his Queue on destruction
[2026-08-28 16:21:11.950] [4623] [HailoRT] [info] [core_op.cpp:186] [deactivate] Deactivating took 0.398577 ms
[2026-08-28 16:21:11.950] [4623] [HailoRT] [info] [core_op.cpp:186] [deactivate] Deactivating took 0.406633 ms
[2026-08-28 16:21:11.970] [4623] [HailoRT] [info] [core_op.cpp:156] [activate] Activating best took 0.43752 milliseconds. Note that the function is asynchronous and thus the network is not fully activated yet.
[2026-08-28 16:21:11.970] [4623] [HailoRT] [info] [core_op.cpp:156] [activate] Activating best took 0.456631 milliseconds. Note that the function is asynchronous and thus the network is not fully activated yet.
[2026-08-28 16:21:11.970] [4623] [HailoRT] [info] [edge_elements.cpp:52] [create] Created (HwWriteEl3best/input_layer1 | hw_frame_size: 1228800)
[2026-08-28 16:21:11.970] [4623] [HailoRT] [info] [queue_elements.cpp:284] [create] Created (PushQEl3best/input_layer1 | timeout: 10s)
[2026-08-28 16:21:11.970] [4623] [HailoRT] [info] [filter_elements.cpp:101] [create] Created (PreInferEl3best/input_layer1 | Reorder - src_order: NHWC, src_shape: (640, 640, 3), dst_order: NHCW, dst_shape: (640, 640, 3))
[2026-08-28 16:21:11.970] [4623] [HailoRT] [info] [vstream.cpp:754] [InputVStreamImpl] Creating best/input_layer1...
[2026-08-28 16:21:11.970] [4623] [HailoRT] [info] [vstream_builder.cpp:102] [create_inputs] Input pipeline 'best/input_layer1': (PreInferEl3best/input_layer1 | Reorder - src_order: NHWC, src_shape: (640, 640, 3), dst_order: NHCW, dst_shape: (640, 640, 3)) >> (PushQEl3best/input_layer1 | timeout: 10s) >> (HwWriteEl3best/input_layer1 | hw_frame_size: 1228800) >> HW
[2026-08-28 16:21:11.970] [4623] [HailoRT] [info] [multi_io_elements.cpp:135] [create] Created (NmsPPMuxEl0YOLOV8-Post-Process | Op YOLOV8, Name: YOLOV8-Post-Process, Score threshold: 0.250, IoU threshold: 0.70, Classes: 1, Cross classes: false, NMS results order: BY_CLASS, Max bboxes per class: 100, Image height: 640, Image width: 640)
[2026-08-28 16:21:11.970] [4623] [HailoRT] [info] [edge_elements.cpp:287] [create] Created (HwReadEl1best/conv41_97 | hw_frame_size: 409600)
[2026-08-28 16:21:11.971] [4623] [HailoRT] [info] [queue_elements.cpp:657] [create] Created (PullQEl_nms1best/conv41_97 | timeout: 10s)
[2026-08-28 16:21:11.971] [4623] [HailoRT] [info] [edge_elements.cpp:287] [create] Created (HwReadEl0best/conv42_97 | hw_frame_size: 6400)
[2026-08-28 16:21:11.971] [4623] [HailoRT] [info] [queue_elements.cpp:657] [create] Created (PullQEl_nms0best/conv42_97 | timeout: 10s)
[2026-08-28 16:21:11.971] [4623] [HailoRT] [info] [edge_elements.cpp:287] [create] Created (HwReadEl4best/conv52_97 | hw_frame_size: 102400)
[2026-08-28 16:21:11.971] [4623] [HailoRT] [info] [queue_elements.cpp:657] [create] Created (PullQEl_nms4best/conv52_97 | timeout: 10s)
[2026-08-28 16:21:11.971] [4623] [HailoRT] [info] [edge_elements.cpp:287] [create] Created (HwReadEl2best/conv53_97 | hw_frame_size: 1600)
[2026-08-28 16:21:11.971] [4623] [HailoRT] [info] [queue_elements.cpp:657] [create] Created (PullQEl_nms2best/conv53_97 | timeout: 10s)
[2026-08-28 16:21:11.971] [4623] [HailoRT] [info] [edge_elements.cpp:287] [create] Created (HwReadEl7best/conv62_97 | hw_frame_size: 30720)
[2026-08-28 16:21:11.971] [4623] [HailoRT] [info] [queue_elements.cpp:657] [create] Created (PullQEl_nms7best/conv62_97 | timeout: 10s)
[2026-08-28 16:21:11.971] [4623] [HailoRT] [info] [edge_elements.cpp:287] [create] Created (HwReadEl6best/conv63_97 | hw_frame_size: 480)
[2026-08-28 16:21:11.971] [4623] [HailoRT] [info] [queue_elements.cpp:657] [create] Created (PullQEl_nms6best/conv63_97 | timeout: 10s)
[2026-08-28 16:21:11.971] [4623] [HailoRT] [info] [queue_elements.cpp:800] [create] Created (UserBufQEl_post_infer0best/yolov8_nms_postprocess | timeout: 10s)
[2026-08-28 16:21:11.971] [4623] [HailoRT] [info] [vstream.cpp:1114] [OutputVStreamImpl] Creating best/yolov8_nms_postprocess...
[2026-08-28 16:21:11.971] [4623] [HailoRT] [info] [vstream_builder.cpp:622] [create_output_post_process_nms] Output pipeline 'best/yolov8_nms_postprocess': HW >> (HwReadEl1best/conv41_97 | hw_frame_size: 409600) >> (PullQEl_nms1best/conv41_97) >> (HwReadEl0best/conv42_97 | hw_frame_size: 6400) >> (PullQEl_nms0best/conv42_97) >> (HwReadEl4best/conv52_97 | hw_frame_size: 102400) >> (PullQEl_nms4best/conv52_97) >> (HwReadEl2best/conv53_97 | hw_frame_size: 1600) >> (PullQEl_nms2best/conv53_97) >> (HwReadEl7best/conv62_97 | hw_frame_size: 30720) >> (PullQEl_nms7best/conv62_97) >> (HwReadEl6best/conv63_97 | hw_frame_size: 480) >> (PullQEl_nms6best/conv63_97) >> (NmsPPMuxEl0YOLOV8-Post-Process | Op YOLOV8, Name: YOLOV8-Post-Process, Score threshold: 0.250, IoU threshold: 0.70, Classes: 1, Cross classes: false, NMS results order: BY_CLASS, Max bboxes per class: 100, Image height: 640, Image width: 640) >> (UserBufQEl_post_infer0best/yolov8_nms_postprocess | timeout: 10s)
[2026-08-28 16:21:11.981] [7138] [HailoRT] [info] [vdevice_native_stream.cpp:331] [read_impl] Failed read from stream HAILO_STREAM_ABORT(63) (device: 0001:01:00.0)
[2026-08-28 16:21:11.981] [7142] [HailoRT] [info] [vdevice_native_stream.cpp:331] [read_impl] Failed read from stream HAILO_STREAM_ABORT(63) (device: 0001:01:00.0)
[2026-08-28 16:21:11.981] [7142] [HailoRT] [info] [edge_elements.cpp:396] [run_pull] Reading from stream was aborted!
[2026-08-28 16:21:11.981] [7141] [HailoRT] [info] [vdevice_native_stream.cpp:331] [read_impl] Failed read from stream HAILO_STREAM_ABORT(63) (device: 0001:01:00.0)
[2026-08-28 16:21:11.981] [7143] [HailoRT] [info] [vdevice_native_stream.cpp:331] [read_impl] Failed read from stream HAILO_STREAM_ABORT(63) (device: 0001:01:00.0)
[2026-08-28 16:21:11.981] [7139] [HailoRT] [info] [vdevice_native_stream.cpp:331] [read_impl] Failed read from stream HAILO_STREAM_ABORT(63) (device: 0001:01:00.0)
[2026-08-28 16:21:11.981] [7143] [HailoRT] [info] [edge_elements.cpp:396] [run_pull] Reading from stream was aborted!
[2026-08-28 16:21:11.981] [7139] [HailoRT] [info] [edge_elements.cpp:396] [run_pull] Reading from stream was aborted!
[2026-08-28 16:21:11.981] [7142] [HailoRT] [info] [queue_elements.cpp:738] [run_in_thread] run_pull of queue element PullQEl_nms7best/conv62_97 was aborted!
[2026-08-28 16:21:11.981] [7143] [HailoRT] [info] [queue_elements.cpp:738] [run_in_thread] run_pull of queue element PullQEl_nms6best/conv63_97 was aborted!
[2026-08-28 16:21:11.981] [7141] [HailoRT] [info] [edge_elements.cpp:396] [run_pull] Reading from stream was aborted!
[2026-08-28 16:21:11.981] [7139] [HailoRT] [info] [queue_elements.cpp:738] [run_in_thread] run_pull of queue element PullQEl_nms0best/conv42_97 was aborted!
[2026-08-28 16:21:11.981] [7138] [HailoRT] [info] [edge_elements.cpp:396] [run_pull] Reading from stream was aborted!
[2026-08-28 16:21:11.981] [7140] [HailoRT] [info] [vdevice_native_stream.cpp:331] [read_impl] Failed read from stream HAILO_STREAM_ABORT(63) (device: 0001:01:00.0)
[2026-08-28 16:21:11.981] [7140] [HailoRT] [info] [edge_elements.cpp:396] [run_pull] Reading from stream was aborted!
[2026-08-28 16:21:11.981] [7141] [HailoRT] [info] [queue_elements.cpp:738] [run_in_thread] run_pull of queue element PullQEl_nms2best/conv53_97 was aborted!
[2026-08-28 16:21:11.981] [7140] [HailoRT] [info] [queue_elements.cpp:738] [run_in_thread] run_pull of queue element PullQEl_nms4best/conv52_97 was aborted!
[2026-08-28 16:21:11.981] [7138] [HailoRT] [info] [queue_elements.cpp:738] [run_in_thread] run_pull of queue element PullQEl_nms1best/conv41_97 was aborted!
[2026-08-28 16:21:11.981] [7144] [HailoRT] [info] [queue_elements.cpp:68] [operator()] Thread in element UserBufQEl_post_infer0best/yolov8_nms_postprocess is not running anymore, exiting..
[2026-08-28 16:21:11.981] [4623] [HailoRT] [info] [queue_elements.cpp:46] [~BaseQueueElement] Queue element UserBufQEl_post_infer0best/yolov8_nms_postprocess has 0 frames in his Queue on destruction
[2026-08-28 16:21:11.981] [7143] [HailoRT] [info] [queue_elements.cpp:68] [operator()] Thread in element PullQEl_nms6best/conv63_97 is not running anymore, exiting..
[2026-08-28 16:21:11.981] [4623] [HailoRT] [info] [queue_elements.cpp:46] [~BaseQueueElement] Queue element PullQEl_nms6best/conv63_97 has 0 frames in his Queue on destruction
[2026-08-28 16:21:11.981] [7142] [HailoRT] [info] [queue_elements.cpp:68] [operator()] Thread in element PullQEl_nms7best/conv62_97 is not running anymore, exiting..
[2026-08-28 16:21:11.982] [4623] [HailoRT] [info] [queue_elements.cpp:46] [~BaseQueueElement] Queue element PullQEl_nms7best/conv62_97 has 0 frames in his Queue on destruction
[2026-08-28 16:21:11.982] [7141] [HailoRT] [info] [queue_elements.cpp:68] [operator()] Thread in element PullQEl_nms2best/conv53_97 is not running anymore, exiting..
[2026-08-28 16:21:11.982] [4623] [HailoRT] [info] [queue_elements.cpp:46] [~BaseQueueElement] Queue element PullQEl_nms2best/conv53_97 has 0 frames in his Queue on destruction
[2026-08-28 16:21:11.982] [7140] [HailoRT] [info] [queue_elements.cpp:68] [operator()] Thread in element PullQEl_nms4best/conv52_97 is not running anymore, exiting..
[2026-08-28 16:21:11.982] [4623] [HailoRT] [info] [queue_elements.cpp:46] [~BaseQueueElement] Queue element PullQEl_nms4best/conv52_97 has 0 frames in his Queue on destruction
[2026-08-28 16:21:11.982] [7139] [HailoRT] [info] [queue_elements.cpp:68] [operator()] Thread in element PullQEl_nms0best/conv42_97 is not running anymore, exiting..
[2026-08-28 16:21:11.982] [4623] [HailoRT] [info] [queue_elements.cpp:46] [~BaseQueueElement] Queue element PullQEl_nms0best/conv42_97 has 0 frames in his Queue on destruction
[2026-08-28 16:21:11.982] [7138] [HailoRT] [info] [queue_elements.cpp:68] [operator()] Thread in element PullQEl_nms1best/conv41_97 is not running anymore, exiting..
[2026-08-28 16:21:11.982] [4623] [HailoRT] [info] [queue_elements.cpp:46] [~BaseQueueElement] Queue element PullQEl_nms1best/conv41_97 has 0 frames in his Queue on destruction
[2026-08-28 16:21:11.982] [7137] [HailoRT] [info] [queue_elements.cpp:68] [operator()] Thread in element PushQEl3best/input_layer1 is not running anymore, exiting..
[2026-08-28 16:21:11.982] [4623] [HailoRT] [info] [queue_elements.cpp:46] [~BaseQueueElement] Queue element PushQEl3best/input_layer1 has 0 frames in his Queue on destruction
[2026-08-28 16:21:11.982] [4623] [HailoRT] [info] [core_op.cpp:186] [deactivate] Deactivating took 0.40004 ms
[2026-08-28 16:21:11.982] [4623] [HailoRT] [info] [core_op.cpp:186] [deactivate] Deactivating took 0.407947 ms
[2026-08-28 16:21:12.004] [4623] [HailoRT] [info] [core_op.cpp:156] [activate] Activating best took 0.458075 milliseconds. Note that the function is asynchronous and thus the network is not fully activated yet.
[2026-08-28 16:21:12.004] [4623] [HailoRT] [info] [core_op.cpp:156] [activate] Activating best took 0.485536 milliseconds. Note that the function is asynchronous and thus the network is not fully activated yet.
[2026-08-28 16:21:12.004] [4623] [HailoRT] [info] [edge_elements.cpp:52] [create] Created (HwWriteEl3best/input_layer1 | hw_frame_size: 1228800)
[2026-08-28 16:21:12.004] [4623] [HailoRT] [info] [queue_elements.cpp:284] [create] Created (PushQEl3best/input_layer1 | timeout: 10s)
[2026-08-28 16:21:12.004] [4623] [HailoRT] [info] [filter_elements.cpp:101] [create] Created (PreInferEl3best/input_layer1 | Reorder - src_order: NHWC, src_shape: (640, 640, 3), dst_order: NHCW, dst_shape: (640, 640, 3))
[2026-08-28 16:21:12.004] [4623] [HailoRT] [info] [vstream.cpp:754] [InputVStreamImpl] Creating best/input_layer1...
[2026-08-28 16:21:12.004] [4623] [HailoRT] [info] [vstream_builder.cpp:102] [create_inputs] Input pipeline 'best/input_layer1': (PreInferEl3best/input_layer1 | Reorder - src_order: NHWC, src_shape: (640, 640, 3), dst_order: NHCW, dst_shape: (640, 640, 3)) >> (PushQEl3best/input_layer1 | timeout: 10s) >> (HwWriteEl3best/input_layer1 | hw_frame_size: 1228800) >> HW
[2026-08-28 16:21:12.004] [4623] [HailoRT] [info] [multi_io_elements.cpp:135] [create] Created (NmsPPMuxEl0YOLOV8-Post-Process | Op YOLOV8, Name: YOLOV8-Post-Process, Score threshold: 0.250, IoU threshold: 0.70, Classes: 1, Cross classes: false, NMS results order: BY_CLASS, Max bboxes per class: 100, Image height: 640, Image width: 640)
[2026-08-28 16:21:12.004] [4623] [HailoRT] [info] [edge_elements.cpp:287] [create] Created (HwReadEl1best/conv41_97 | hw_frame_size: 409600)
[2026-08-28 16:21:12.004] [4623] [HailoRT] [info] [queue_elements.cpp:657] [create] Created (PullQEl_nms1best/conv41_97 | timeout: 10s)
[2026-08-28 16:21:12.004] [4623] [HailoRT] [info] [edge_elements.cpp:287] [create] Created (HwReadEl0best/conv42_97 | hw_frame_size: 6400)
[2026-08-28 16:21:12.005] [4623] [HailoRT] [info] [queue_elements.cpp:657] [create] Created (PullQEl_nms0best/conv42_97 | timeout: 10s)
[2026-08-28 16:21:12.005] [4623] [HailoRT] [info] [edge_elements.cpp:287] [create] Created (HwReadEl4best/conv52_97 | hw_frame_size: 102400)
[2026-08-28 16:21:12.005] [4623] [HailoRT] [info] [queue_elements.cpp:657] [create] Created (PullQEl_nms4best/conv52_97 | timeout: 10s)
[2026-08-28 16:21:12.005] [4623] [HailoRT] [info] [edge_elements.cpp:287] [create] Created (HwReadEl2best/conv53_97 | hw_frame_size: 1600)
[2026-08-28 16:21:12.005] [4623] [HailoRT] [info] [queue_elements.cpp:657] [create] Created (PullQEl_nms2best/conv53_97 | timeout: 10s)
[2026-08-28 16:21:12.005] [4623] [HailoRT] [info] [edge_elements.cpp:287] [create] Created (HwReadEl7best/conv62_97 | hw_frame_size: 30720)
[2026-08-28 16:21:12.005] [4623] [HailoRT] [info] [queue_elements.cpp:657] [create] Created (PullQEl_nms7best/conv62_97 | timeout: 10s)
[2026-08-28 16:21:12.005] [4623] [HailoRT] [info] [edge_elements.cpp:287] [create] Created (HwReadEl6best/conv63_97 | hw_frame_size: 480)
[2026-08-28 16:21:12.005] [4623] [HailoRT] [info] [queue_elements.cpp:657] [create] Created (PullQEl_nms6best/conv63_97 | timeout: 10s)
[2026-08-28 16:21:12.005] [4623] [HailoRT] [info] [queue_elements.cpp:800] [create] Created (UserBufQEl_post_infer0best/yolov8_nms_postprocess | timeout: 10s)
[2026-08-28 16:21:12.005] [4623] [HailoRT] [info] [vstream.cpp:1114] [OutputVStreamImpl] Creating best/yolov8_nms_postprocess...
[2026-08-28 16:21:12.005] [4623] [HailoRT] [info] [vstream_builder.cpp:622] [create_output_post_process_nms] Output pipeline 'best/yolov8_nms_postprocess': HW >> (HwReadEl1best/conv41_97 | hw_frame_size: 409600) >> (PullQEl_nms1best/conv41_97) >> (HwReadEl0best/conv42_97 | hw_frame_size: 6400) >> (PullQEl_nms0best/conv42_97) >> (HwReadEl4best/conv52_97 | hw_frame_size: 102400) >> (PullQEl_nms4best/conv52_97) >> (HwReadEl2best/conv53_97 | hw_frame_size: 1600) >> (PullQEl_nms2best/conv53_97) >> (HwReadEl7best/conv62_97 | hw_frame_size: 30720) >> (PullQEl_nms7best/conv62_97) >> (HwReadEl6best/conv63_97 | hw_frame_size: 480) >> (PullQEl_nms6best/conv63_97) >> (NmsPPMuxEl0YOLOV8-Post-Process | Op YOLOV8, Name: YOLOV8-Post-Process, Score threshold: 0.250, IoU threshold: 0.70, Classes: 1, Cross classes: false, NMS results order: BY_CLASS, Max bboxes per class: 100, Image height: 640, Image width: 640) >> (UserBufQEl_post_infer0best/yolov8_nms_postprocess | timeout: 10s)
[2026-08-28 16:21:12.015] [7148] [HailoRT] [info] [vdevice_native_stream.cpp:331] [read_impl] Failed read from stream HAILO_STREAM_ABORT(63) (device: 0001:01:00.0)
[2026-08-28 16:21:12.015] [7152] [HailoRT] [info] [vdevice_native_stream.cpp:331] [read_impl] Failed read from stream HAILO_STREAM_ABORT(63) (device: 0001:01:00.0)
[2026-08-28 16:21:12.015] [7152] [HailoRT] [info] [edge_elements.cpp:396] [run_pull] Reading from stream was aborted!
[2026-08-28 16:21:12.015] [7153] [HailoRT] [info] [vdevice_native_stream.cpp:331] [read_impl] Failed read from stream HAILO_STREAM_ABORT(63) (device: 0001:01:00.0)
[2026-08-28 16:21:12.015] [7149] [HailoRT] [info] [vdevice_native_stream.cpp:331] [read_impl] Failed read from stream HAILO_STREAM_ABORT(63) (device: 0001:01:00.0)
[2026-08-28 16:21:12.015] [7153] [HailoRT] [info] [edge_elements.cpp:396] [run_pull] Reading from stream was aborted!
[2026-08-28 16:21:12.015] [7151] [HailoRT] [info] [vdevice_native_stream.cpp:331] [read_impl] Failed read from stream HAILO_STREAM_ABORT(63) (device: 0001:01:00.0)
[2026-08-28 16:21:12.015] [7149] [HailoRT] [info] [edge_elements.cpp:396] [run_pull] Reading from stream was aborted!
[2026-08-28 16:21:12.015] [7150] [HailoRT] [info] [vdevice_native_stream.cpp:331] [read_impl] Failed read from stream HAILO_STREAM_ABORT(63) (device: 0001:01:00.0)
[2026-08-28 16:21:12.015] [7152] [HailoRT] [info] [queue_elements.cpp:738] [run_in_thread] run_pull of queue element PullQEl_nms7best/conv62_97 was aborted!
[2026-08-28 16:21:12.015] [7151] [HailoRT] [info] [edge_elements.cpp:396] [run_pull] Reading from stream was aborted!
[2026-08-28 16:21:12.015] [7151] [HailoRT] [info] [queue_elements.cpp:738] [run_in_thread] run_pull of queue element PullQEl_nms2best/conv53_97 was aborted!
[2026-08-28 16:21:12.015] [7148] [HailoRT] [info] [edge_elements.cpp:396] [run_pull] Reading from stream was aborted!
[2026-08-28 16:21:12.015] [7153] [HailoRT] [info] [queue_elements.cpp:738] [run_in_thread] run_pull of queue element PullQEl_nms6best/conv63_97 was aborted!
[2026-08-28 16:21:12.015] [7148] [HailoRT] [info] [queue_elements.cpp:738] [run_in_thread] run_pull of queue element PullQEl_nms1best/conv41_97 was aborted!
[2026-08-28 16:21:12.015] [7149] [HailoRT] [info] [queue_elements.cpp:738] [run_in_thread] run_pull of queue element PullQEl_nms0best/conv42_97 was aborted!
[2026-08-28 16:21:12.015] [7150] [HailoRT] [info] [edge_elements.cpp:396] [run_pull] Reading from stream was aborted!
[2026-08-28 16:21:12.015] [7150] [HailoRT] [info] [queue_elements.cpp:738] [run_in_thread] run_pull of queue element PullQEl_nms4best/conv52_97 was aborted!
[2026-08-28 16:21:12.015] [7154] [HailoRT] [info] [queue_elements.cpp:68] [operator()] Thread in element UserBufQEl_post_infer0best/yolov8_nms_postprocess is not running anymore, exiting..
[2026-08-28 16:21:12.015] [4623] [HailoRT] [info] [queue_elements.cpp:46] [~BaseQueueElement] Queue element UserBufQEl_post_infer0best/yolov8_nms_postprocess has 0 frames in his Queue on destruction
[2026-08-28 16:21:12.015] [7153] [HailoRT] [info] [queue_elements.cpp:68] [operator()] Thread in element PullQEl_nms6best/conv63_97 is not running anymore, exiting..
[2026-08-28 16:21:12.015] [4623] [HailoRT] [info] [queue_elements.cpp:46] [~BaseQueueElement] Queue element PullQEl_nms6best/conv63_97 has 0 frames in his Queue on destruction
[2026-08-28 16:21:12.015] [7152] [HailoRT] [info] [queue_elements.cpp:68] [operator()] Thread in element PullQEl_nms7best/conv62_97 is not running anymore, exiting..
[2026-08-28 16:21:12.015] [4623] [HailoRT] [info] [queue_elements.cpp:46] [~BaseQueueElement] Queue element PullQEl_nms7best/conv62_97 has 0 frames in his Queue on destruction
[2026-08-28 16:21:12.015] [7151] [HailoRT] [info] [queue_elements.cpp:68] [operator()] Thread in element PullQEl_nms2best/conv53_97 is not running anymore, exiting..
[2026-08-28 16:21:12.015] [4623] [HailoRT] [info] [queue_elements.cpp:46] [~BaseQueueElement] Queue element PullQEl_nms2best/conv53_97 has 0 frames in his Queue on destruction
[2026-08-28 16:21:12.015] [7150] [HailoRT] [info] [queue_elements.cpp:68] [operator()] Thread in element PullQEl_nms4best/conv52_97 is not running anymore, exiting..
[2026-08-28 16:21:12.015] [4623] [HailoRT] [info] [queue_elements.cpp:46] [~BaseQueueElement] Queue element PullQEl_nms4best/conv52_97 has 0 frames in his Queue on destruction
[2026-08-28 16:21:12.016] [7149] [HailoRT] [info] [queue_elements.cpp:68] [operator()] Thread in element PullQEl_nms0best/conv42_97 is not running anymore, exiting..
[2026-08-28 16:21:12.016] [4623] [HailoRT] [info] [queue_elements.cpp:46] [~BaseQueueElement] Queue element PullQEl_nms0best/conv42_97 has 0 frames in his Queue on destruction
[2026-08-28 16:21:12.016] [7148] [HailoRT] [info] [queue_elements.cpp:68] [operator()] Thread in element PullQEl_nms1best/conv41_97 is not running anymore, exiting..
[2026-08-28 16:21:12.016] [4623] [HailoRT] [info] [queue_elements.cpp:46] [~BaseQueueElement] Queue element PullQEl_nms1best/conv41_97 has 0 frames in his Queue on destruction
[2026-08-28 16:21:12.016] [7147] [HailoRT] [info] [queue_elements.cpp:68] [operator()] Thread in element PushQEl3best/input_layer1 is not running anymore, exiting..
[2026-08-28 16:21:12.016] [4623] [HailoRT] [info] [queue_elements.cpp:46] [~BaseQueueElement] Queue element PushQEl3best/input_layer1 has 0 frames in his Queue on destruction
[2026-08-28 16:21:12.016] [4623] [HailoRT] [info] [core_op.cpp:186] [deactivate] Deactivating took 0.396318 ms
[2026-08-28 16:21:12.016] [4623] [HailoRT] [info] [core_op.cpp:186] [deactivate] Deactivating took 0.404262 ms
[2026-08-28 16:21:12.036] [4623] [HailoRT] [info] [core_op.cpp:156] [activate] Activating best took 0.438464 milliseconds. Note that the function is asynchronous and thus the network is not fully activated yet.
[2026-08-28 16:21:12.036] [4623] [HailoRT] [info] [core_op.cpp:156] [activate] Activating best took 0.457408 milliseconds. Note that the function is asynchronous and thus the network is not fully activated yet.
[2026-08-28 16:21:12.036] [4623] [HailoRT] [info] [edge_elements.cpp:52] [create] Created (HwWriteEl3best/input_layer1 | hw_frame_size: 1228800)
[2026-08-28 16:21:12.037] [4623] [HailoRT] [info] [queue_elements.cpp:284] [create] Created (PushQEl3best/input_layer1 | timeout: 10s)
[2026-08-28 16:21:12.037] [4623] [HailoRT] [info] [filter_elements.cpp:101] [create] Created (PreInferEl3best/input_layer1 | Reorder - src_order: NHWC, src_shape: (640, 640, 3), dst_order: NHCW, dst_shape: (640, 640, 3))
[2026-08-28 16:21:12.037] [4623] [HailoRT] [info] [vstream.cpp:754] [InputVStreamImpl] Creating best/input_layer1...
[2026-08-28 16:21:12.037] [4623] [HailoRT] [info] [vstream_builder.cpp:102] [create_inputs] Input pipeline 'best/input_layer1': (PreInferEl3best/input_layer1 | Reorder - src_order: NHWC, src_shape: (640, 640, 3), dst_order: NHCW, dst_shape: (640, 640, 3)) >> (PushQEl3best/input_layer1 | timeout: 10s) >> (HwWriteEl3best/input_layer1 | hw_frame_size: 1228800) >> HW
[2026-08-28 16:21:12.037] [4623] [HailoRT] [info] [multi_io_elements.cpp:135] [create] Created (NmsPPMuxEl0YOLOV8-Post-Process | Op YOLOV8, Name: YOLOV8-Post-Process, Score threshold: 0.250, IoU threshold: 0.70, Classes: 1, Cross classes: false, NMS results order: BY_CLASS, Max bboxes per class: 100, Image height: 640, Image width: 640)
[2026-08-28 16:21:12.037] [4623] [HailoRT] [info] [edge_elements.cpp:287] [create] Created (HwReadEl1best/conv41_97 | hw_frame_size: 409600)
[2026-08-28 16:21:12.037] [4623] [HailoRT] [info] [queue_elements.cpp:657] [create] Created (PullQEl_nms1best/conv41_97 | timeout: 10s)
[2026-08-28 16:21:12.037] [4623] [HailoRT] [info] [edge_elements.cpp:287] [create] Created (HwReadEl0best/conv42_97 | hw_frame_size: 6400)
[2026-08-28 16:21:12.037] [4623] [HailoRT] [info] [queue_elements.cpp:657] [create] Created (PullQEl_nms0best/conv42_97 | timeout: 10s)
[2026-08-28 16:21:12.037] [4623] [HailoRT] [info] [edge_elements.cpp:287] [create] Created (HwReadEl4best/conv52_97 | hw_frame_size: 102400)
[2026-08-28 16:21:12.037] [4623] [HailoRT] [info] [queue_elements.cpp:657] [create] Created (PullQEl_nms4best/conv52_97 | timeout: 10s)
[2026-08-28 16:21:12.037] [4623] [HailoRT] [info] [edge_elements.cpp:287] [create] Created (HwReadEl2best/conv53_97 | hw_frame_size: 1600)
[2026-08-28 16:21:12.037] [4623] [HailoRT] [info] [queue_elements.cpp:657] [create] Created (PullQEl_nms2best/conv53_97 | timeout: 10s)
[2026-08-28 16:21:12.037] [4623] [HailoRT] [info] [edge_elements.cpp:287] [create] Created (HwReadEl7best/conv62_97 | hw_frame_size: 30720)
[2026-08-28 16:21:12.037] [4623] [HailoRT] [info] [queue_elements.cpp:657] [create] Created (PullQEl_nms7best/conv62_97 | timeout: 10s)
[2026-08-28 16:21:12.037] [4623] [HailoRT] [info] [edge_elements.cpp:287] [create] Created (HwReadEl6best/conv63_97 | hw_frame_size: 480)
[2026-08-28 16:21:12.037] [4623] [HailoRT] [info] [queue_elements.cpp:657] [create] Created (PullQEl_nms6best/conv63_97 | timeout: 10s)
[2026-08-28 16:21:12.037] [4623] [HailoRT] [info] [queue_elements.cpp:800] [create] Created (UserBufQEl_post_infer0best/yolov8_nms_postprocess | timeout: 10s)
[2026-08-28 16:21:12.037] [4623] [HailoRT] [info] [vstream.cpp:1114] [OutputVStreamImpl] Creating best/yolov8_nms_postprocess...
[2026-08-28 16:21:12.037] [4623] [HailoRT] [info] [vstream_builder.cpp:622] [create_output_post_process_nms] Output pipeline 'best/yolov8_nms_postprocess': HW >> (HwReadEl1best/conv41_97 | hw_frame_size: 409600) >> (PullQEl_nms1best/conv41_97) >> (HwReadEl0best/conv42_97 | hw_frame_size: 6400) >> (PullQEl_nms0best/conv42_97) >> (HwReadEl4best/conv52_97 | hw_frame_size: 102400) >> (PullQEl_nms4best/conv52_97) >> (HwReadEl2best/conv53_97 | hw_frame_size: 1600) >> (PullQEl_nms2best/conv53_97) >> (HwReadEl7best/conv62_97 | hw_frame_size: 30720) >> (PullQEl_nms7best/conv62_97) >> (HwReadEl6best/conv63_97 | hw_frame_size: 480) >> (PullQEl_nms6best/conv63_97) >> (NmsPPMuxEl0YOLOV8-Post-Process | Op YOLOV8, Name: YOLOV8-Post-Process, Score threshold: 0.250, IoU threshold: 0.70, Classes: 1, Cross classes: false, NMS results order: BY_CLASS, Max bboxes per class: 100, Image height: 640, Image width: 640) >> (UserBufQEl_post_infer0best/yolov8_nms_postprocess | timeout: 10s)
[2026-08-28 16:21:12.047] [7159] [HailoRT] [info] [vdevice_native_stream.cpp:331] [read_impl] Failed read from stream HAILO_STREAM_ABORT(63) (device: 0001:01:00.0)
[2026-08-28 16:21:12.048] [7159] [HailoRT] [info] [edge_elements.cpp:396] [run_pull] Reading from stream was aborted!
[2026-08-28 16:21:12.047] [7160] [HailoRT] [info] [vdevice_native_stream.cpp:331] [read_impl] Failed read from stream HAILO_STREAM_ABORT(63) (device: 0001:01:00.0)
[2026-08-28 16:21:12.048] [7159] [HailoRT] [info] [queue_elements.cpp:738] [run_in_thread] run_pull of queue element PullQEl_nms0best/conv42_97 was aborted!
[2026-08-28 16:21:12.047] [7161] [HailoRT] [info] [vdevice_native_stream.cpp:331] [read_impl] Failed read from stream HAILO_STREAM_ABORT(63) (device: 0001:01:00.0)
[2026-08-28 16:21:12.048] [7161] [HailoRT] [info] [edge_elements.cpp:396] [run_pull] Reading from stream was aborted!
[2026-08-28 16:21:12.047] [7163] [HailoRT] [info] [vdevice_native_stream.cpp:331] [read_impl] Failed read from stream HAILO_STREAM_ABORT(63) (device: 0001:01:00.0)
[2026-08-28 16:21:12.048] [7163] [HailoRT] [info] [edge_elements.cpp:396] [run_pull] Reading from stream was aborted!
[2026-08-28 16:21:12.048] [7162] [HailoRT] [info] [vdevice_native_stream.cpp:331] [read_impl] Failed read from stream HAILO_STREAM_ABORT(63) (device: 0001:01:00.0)
[2026-08-28 16:21:12.048] [7163] [HailoRT] [info] [queue_elements.cpp:738] [run_in_thread] run_pull of queue element PullQEl_nms6best/conv63_97 was aborted!
[2026-08-28 16:21:12.048] [7161] [HailoRT] [info] [queue_elements.cpp:738] [run_in_thread] run_pull of queue element PullQEl_nms2best/conv53_97 was aborted!
[2026-08-28 16:21:12.048] [7162] [HailoRT] [info] [edge_elements.cpp:396] [run_pull] Reading from stream was aborted!
[2026-08-28 16:21:12.048] [7160] [HailoRT] [info] [edge_elements.cpp:396] [run_pull] Reading from stream was aborted!
[2026-08-28 16:21:12.047] [7158] [HailoRT] [info] [vdevice_native_stream.cpp:331] [read_impl] Failed read from stream HAILO_STREAM_ABORT(63) (device: 0001:01:00.0)
[2026-08-28 16:21:12.048] [7160] [HailoRT] [info] [queue_elements.cpp:738] [run_in_thread] run_pull of queue element PullQEl_nms4best/conv52_97 was aborted!
[2026-08-28 16:21:12.048] [7158] [HailoRT] [info] [edge_elements.cpp:396] [run_pull] Reading from stream was aborted!
[2026-08-28 16:21:12.048] [7162] [HailoRT] [info] [queue_elements.cpp:738] [run_in_thread] run_pull of queue element PullQEl_nms7best/conv62_97 was aborted!
[2026-08-28 16:21:12.048] [7158] [HailoRT] [info] [queue_elements.cpp:738] [run_in_thread] run_pull of queue element PullQEl_nms1best/conv41_97 was aborted!
[2026-08-28 16:21:12.048] [7164] [HailoRT] [info] [queue_elements.cpp:68] [operator()] Thread in element UserBufQEl_post_infer0best/yolov8_nms_postprocess is not running anymore, exiting..
[2026-08-28 16:21:12.048] [4623] [HailoRT] [info] [queue_elements.cpp:46] [~BaseQueueElement] Queue element UserBufQEl_post_infer0best/yolov8_nms_postprocess has 0 frames in his Queue on destruction
[2026-08-28 16:21:12.048] [7163] [HailoRT] [info] [queue_elements.cpp:68] [operator()] Thread in element PullQEl_nms6best/conv63_97 is not running anymore, exiting..
[2026-08-28 16:21:12.048] [4623] [HailoRT] [info] [queue_elements.cpp:46] [~BaseQueueElement] Queue element PullQEl_nms6best/conv63_97 has 0 frames in his Queue on destruction
[2026-08-28 16:21:12.048] [7162] [HailoRT] [info] [queue_elements.cpp:68] [operator()] Thread in element PullQEl_nms7best/conv62_97 is not running anymore, exiting..
[2026-08-28 16:21:12.048] [4623] [HailoRT] [info] [queue_elements.cpp:46] [~BaseQueueElement] Queue element PullQEl_nms7best/conv62_97 has 0 frames in his Queue on destruction
[2026-08-28 16:21:12.048] [7161] [HailoRT] [info] [queue_elements.cpp:68] [operator()] Thread in element PullQEl_nms2best/conv53_97 is not running anymore, exiting..
[2026-08-28 16:21:12.048] [4623] [HailoRT] [info] [queue_elements.cpp:46] [~BaseQueueElement] Queue element PullQEl_nms2best/conv53_97 has 0 frames in his Queue on destruction
[2026-08-28 16:21:12.048] [7160] [HailoRT] [info] [queue_elements.cpp:68] [operator()] Thread in element PullQEl_nms4best/conv52_97 is not running anymore, exiting..
[2026-08-28 16:21:12.048] [4623] [HailoRT] [info] [queue_elements.cpp:46] [~BaseQueueElement] Queue element PullQEl_nms4best/conv52_97 has 0 frames in his Queue on destruction
[2026-08-28 16:21:12.048] [7159] [HailoRT] [info] [queue_elements.cpp:68] [operator()] Thread in element PullQEl_nms0best/conv42_97 is not running anymore, exiting..
[2026-08-28 16:21:12.048] [4623] [HailoRT] [info] [queue_elements.cpp:46] [~BaseQueueElement] Queue element PullQEl_nms0best/conv42_97 has 0 frames in his Queue on destruction
[2026-08-28 16:21:12.048] [7158] [HailoRT] [info] [queue_elements.cpp:68] [operator()] Thread in element PullQEl_nms1best/conv41_97 is not running anymore, exiting..
[2026-08-28 16:21:12.048] [4623] [HailoRT] [info] [queue_elements.cpp:46] [~BaseQueueElement] Queue element PullQEl_nms1best/conv41_97 has 0 frames in his Queue on destruction
[2026-08-28 16:21:12.048] [7157] [HailoRT] [info] [queue_elements.cpp:68] [operator()] Thread in element PushQEl3best/input_layer1 is not running anymore, exiting..
[2026-08-28 16:21:12.048] [4623] [HailoRT] [info] [queue_elements.cpp:46] [~BaseQueueElement] Queue element PushQEl3best/input_layer1 has 0 frames in his Queue on destruction
[2026-08-28 16:21:12.048] [4623] [HailoRT] [info] [core_op.cpp:186] [deactivate] Deactivating took 0.3998 ms
[2026-08-28 16:21:12.048] [4623] [HailoRT] [info] [core_op.cpp:186] [deactivate] Deactivating took 0.407891 ms
[2026-08-28 16:21:12.068] [4623] [HailoRT] [info] [core_op.cpp:156] [activate] Activating best took 0.470463 milliseconds. Note that the function is asynchronous and thus the network is not fully activated yet.
[2026-08-28 16:21:12.068] [4623] [HailoRT] [info] [core_op.cpp:156] [activate] Activating best took 0.497184 milliseconds. Note that the function is asynchronous and thus the network is not fully activated yet.
[2026-08-28 16:21:12.068] [4623] [HailoRT] [info] [edge_elements.cpp:52] [create] Created (HwWriteEl3best/input_layer1 | hw_frame_size: 1228800)
[2026-08-28 16:21:12.068] [4623] [HailoRT] [info] [queue_elements.cpp:284] [create] Created (PushQEl3best/input_layer1 | timeout: 10s)
[2026-08-28 16:21:12.068] [4623] [HailoRT] [info] [filter_elements.cpp:101] [create] Created (PreInferEl3best/input_layer1 | Reorder - src_order: NHWC, src_shape: (640, 640, 3), dst_order: NHCW, dst_shape: (640, 640, 3))
[2026-08-28 16:21:12.068] [4623] [HailoRT] [info] [vstream.cpp:754] [InputVStreamImpl] Creating best/input_layer1...
[2026-08-28 16:21:12.068] [4623] [HailoRT] [info] [vstream_builder.cpp:102] [create_inputs] Input pipeline 'best/input_layer1': (PreInferEl3best/input_layer1 | Reorder - src_order: NHWC, src_shape: (640, 640, 3), dst_order: NHCW, dst_shape: (640, 640, 3)) >> (PushQEl3best/input_layer1 | timeout: 10s) >> (HwWriteEl3best/input_layer1 | hw_frame_size: 1228800) >> HW
[2026-08-28 16:21:12.068] [4623] [HailoRT] [info] [multi_io_elements.cpp:135] [create] Created (NmsPPMuxEl0YOLOV8-Post-Process | Op YOLOV8, Name: YOLOV8-Post-Process, Score threshold: 0.250, IoU threshold: 0.70, Classes: 1, Cross classes: false, NMS results order: BY_CLASS, Max bboxes per class: 100, Image height: 640, Image width: 640)
[2026-08-28 16:21:12.068] [4623] [HailoRT] [info] [edge_elements.cpp:287] [create] Created (HwReadEl1best/conv41_97 | hw_frame_size: 409600)
[2026-08-28 16:21:12.068] [4623] [HailoRT] [info] [queue_elements.cpp:657] [create] Created (PullQEl_nms1best/conv41_97 | timeout: 10s)
[2026-08-28 16:21:12.068] [4623] [HailoRT] [info] [edge_elements.cpp:287] [create] Created (HwReadEl0best/conv42_97 | hw_frame_size: 6400)
[2026-08-28 16:21:12.068] [4623] [HailoRT] [info] [queue_elements.cpp:657] [create] Created (PullQEl_nms0best/conv42_97 | timeout: 10s)
[2026-08-28 16:21:12.068] [4623] [HailoRT] [info] [edge_elements.cpp:287] [create] Created (HwReadEl4best/conv52_97 | hw_frame_size: 102400)
[2026-08-28 16:21:12.069] [4623] [HailoRT] [info] [queue_elements.cpp:657] [create] Created (PullQEl_nms4best/conv52_97 | timeout: 10s)
[2026-08-28 16:21:12.069] [4623] [HailoRT] [info] [edge_elements.cpp:287] [create] Created (HwReadEl2best/conv53_97 | hw_frame_size: 1600)
[2026-08-28 16:21:12.069] [4623] [HailoRT] [info] [queue_elements.cpp:657] [create] Created (PullQEl_nms2best/conv53_97 | timeout: 10s)
[2026-08-28 16:21:12.069] [4623] [HailoRT] [info] [edge_elements.cpp:287] [create] Created (HwReadEl7best/conv62_97 | hw_frame_size: 30720)
[2026-08-28 16:21:12.069] [4623] [HailoRT] [info] [queue_elements.cpp:657] [create] Created (PullQEl_nms7best/conv62_97 | timeout: 10s)
[2026-08-28 16:21:12.069] [4623] [HailoRT] [info] [edge_elements.cpp:287] [create] Created (HwReadEl6best/conv63_97 | hw_frame_size: 480)
[2026-08-28 16:21:12.069] [4623] [HailoRT] [info] [queue_elements.cpp:657] [create] Created (PullQEl_nms6best/conv63_97 | timeout: 10s)
[2026-08-28 16:21:12.069] [4623] [HailoRT] [info] [queue_elements.cpp:800] [create] Created (UserBufQEl_post_infer0best/yolov8_nms_postprocess | timeout: 10s)
[2026-08-28 16:21:12.069] [4623] [HailoRT] [info] [vstream.cpp:1114] [OutputVStreamImpl] Creating best/yolov8_nms_postprocess...
[2026-08-28 16:21:12.069] [4623] [HailoRT] [info] [vstream_builder.cpp:622] [create_output_post_process_nms] Output pipeline 'best/yolov8_nms_postprocess': HW >> (HwReadEl1best/conv41_97 | hw_frame_size: 409600) >> (PullQEl_nms1best/conv41_97) >> (HwReadEl0best/conv42_97 | hw_frame_size: 6400) >> (PullQEl_nms0best/conv42_97) >> (HwReadEl4best/conv52_97 | hw_frame_size: 102400) >> (PullQEl_nms4best/conv52_97) >> (HwReadEl2best/conv53_97 | hw_frame_size: 1600) >> (PullQEl_nms2best/conv53_97) >> (HwReadEl7best/conv62_97 | hw_frame_size: 30720) >> (PullQEl_nms7best/conv62_97) >> (HwReadEl6best/conv63_97 | hw_frame_size: 480) >> (PullQEl_nms6best/conv63_97) >> (NmsPPMuxEl0YOLOV8-Post-Process | Op YOLOV8, Name: YOLOV8-Post-Process, Score threshold: 0.250, IoU threshold: 0.70, Classes: 1, Cross classes: false, NMS results order: BY_CLASS, Max bboxes per class: 100, Image height: 640, Image width: 640) >> (UserBufQEl_post_infer0best/yolov8_nms_postprocess | timeout: 10s)
[2026-08-28 16:21:12.079] [7168] [HailoRT] [info] [vdevice_native_stream.cpp:331] [read_impl] Failed read from stream HAILO_STREAM_ABORT(63) (device: 0001:01:00.0)
[2026-08-28 16:21:12.079] [7173] [HailoRT] [info] [vdevice_native_stream.cpp:331] [read_impl] Failed read from stream HAILO_STREAM_ABORT(63) (device: 0001:01:00.0)
[2026-08-28 16:21:12.079] [7172] [HailoRT] [info] [vdevice_native_stream.cpp:331] [read_impl] Failed read from stream HAILO_STREAM_ABORT(63) (device: 0001:01:00.0)
[2026-08-28 16:21:12.079] [7170] [HailoRT] [info] [vdevice_native_stream.cpp:331] [read_impl] Failed read from stream HAILO_STREAM_ABORT(63) (device: 0001:01:00.0)
[2026-08-28 16:21:12.079] [7172] [HailoRT] [info] [edge_elements.cpp:396] [run_pull] Reading from stream was aborted!
[2026-08-28 16:21:12.079] [7170] [HailoRT] [info] [edge_elements.cpp:396] [run_pull] Reading from stream was aborted!
[2026-08-28 16:21:12.079] [7171] [HailoRT] [info] [vdevice_native_stream.cpp:331] [read_impl] Failed read from stream HAILO_STREAM_ABORT(63) (device: 0001:01:00.0)
[2026-08-28 16:21:12.079] [7172] [HailoRT] [info] [queue_elements.cpp:738] [run_in_thread] run_pull of queue element PullQEl_nms7best/conv62_97 was aborted!
[2026-08-28 16:21:12.079] [7168] [HailoRT] [info] [edge_elements.cpp:396] [run_pull] Reading from stream was aborted!
[2026-08-28 16:21:12.079] [7173] [HailoRT] [info] [edge_elements.cpp:396] [run_pull] Reading from stream was aborted!
[2026-08-28 16:21:12.079] [7169] [HailoRT] [info] [vdevice_native_stream.cpp:331] [read_impl] Failed read from stream HAILO_STREAM_ABORT(63) (device: 0001:01:00.0)
[2026-08-28 16:21:12.079] [7173] [HailoRT] [info] [queue_elements.cpp:738] [run_in_thread] run_pull of queue element PullQEl_nms6best/conv63_97 was aborted!
[2026-08-28 16:21:12.079] [7168] [HailoRT] [info] [queue_elements.cpp:738] [run_in_thread] run_pull of queue element PullQEl_nms1best/conv41_97 was aborted!
[2026-08-28 16:21:12.079] [7169] [HailoRT] [info] [edge_elements.cpp:396] [run_pull] Reading from stream was aborted!
[2026-08-28 16:21:12.079] [7171] [HailoRT] [info] [edge_elements.cpp:396] [run_pull] Reading from stream was aborted!
[2026-08-28 16:21:12.079] [7169] [HailoRT] [info] [queue_elements.cpp:738] [run_in_thread] run_pull of queue element PullQEl_nms0best/conv42_97 was aborted!
[2026-08-28 16:21:12.079] [7170] [HailoRT] [info] [queue_elements.cpp:738] [run_in_thread] run_pull of queue element PullQEl_nms4best/conv52_97 was aborted!
[2026-08-28 16:21:12.079] [7171] [HailoRT] [info] [queue_elements.cpp:738] [run_in_thread] run_pull of queue element PullQEl_nms2best/conv53_97 was aborted!
[2026-08-28 16:21:12.079] [7174] [HailoRT] [info] [queue_elements.cpp:68] [operator()] Thread in element UserBufQEl_post_infer0best/yolov8_nms_postprocess is not running anymore, exiting..
[2026-08-28 16:21:12.079] [4623] [HailoRT] [info] [queue_elements.cpp:46] [~BaseQueueElement] Queue element UserBufQEl_post_infer0best/yolov8_nms_postprocess has 0 frames in his Queue on destruction
[2026-08-28 16:21:12.079] [7173] [HailoRT] [info] [queue_elements.cpp:68] [operator()] Thread in element PullQEl_nms6best/conv63_97 is not running anymore, exiting..
[2026-08-28 16:21:12.079] [4623] [HailoRT] [info] [queue_elements.cpp:46] [~BaseQueueElement] Queue element PullQEl_nms6best/conv63_97 has 0 frames in his Queue on destruction
[2026-08-28 16:21:12.079] [7172] [HailoRT] [info] [queue_elements.cpp:68] [operator()] Thread in element PullQEl_nms7best/conv62_97 is not running anymore, exiting..
[2026-08-28 16:21:12.079] [4623] [HailoRT] [info] [queue_elements.cpp:46] [~BaseQueueElement] Queue element PullQEl_nms7best/conv62_97 has 0 frames in his Queue on destruction
[2026-08-28 16:21:12.079] [7171] [HailoRT] [info] [queue_elements.cpp:68] [operator()] Thread in element PullQEl_nms2best/conv53_97 is not running anymore, exiting..
[2026-08-28 16:21:12.079] [4623] [HailoRT] [info] [queue_elements.cpp:46] [~BaseQueueElement] Queue element PullQEl_nms2best/conv53_97 has 0 frames in his Queue on destruction
[2026-08-28 16:21:12.079] [7170] [HailoRT] [info] [queue_elements.cpp:68] [operator()] Thread in element PullQEl_nms4best/conv52_97 is not running anymore, exiting..
[2026-08-28 16:21:12.079] [4623] [HailoRT] [info] [queue_elements.cpp:46] [~BaseQueueElement] Queue element PullQEl_nms4best/conv52_97 has 0 frames in his Queue on destruction
[2026-08-28 16:21:12.079] [7169] [HailoRT] [info] [queue_elements.cpp:68] [operator()] Thread in element PullQEl_nms0best/conv42_97 is not running anymore, exiting..
[2026-08-28 16:21:12.079] [4623] [HailoRT] [info] [queue_elements.cpp:46] [~BaseQueueElement] Queue element PullQEl_nms0best/conv42_97 has 0 frames in his Queue on destruction
[2026-08-28 16:21:12.079] [7168] [HailoRT] [info] [queue_elements.cpp:68] [operator()] Thread in element PullQEl_nms1best/conv41_97 is not running anymore, exiting..
[2026-08-28 16:21:12.079] [4623] [HailoRT] [info] [queue_elements.cpp:46] [~BaseQueueElement] Queue element PullQEl_nms1best/conv41_97 has 0 frames in his Queue on destruction
[2026-08-28 16:21:12.080] [7167] [HailoRT] [info] [queue_elements.cpp:68] [operator()] Thread in element PushQEl3best/input_layer1 is not running anymore, exiting..
[2026-08-28 16:21:12.080] [4623] [HailoRT] [info] [queue_elements.cpp:46] [~BaseQueueElement] Queue element PushQEl3best/input_layer1 has 0 frames in his Queue on destruction
[2026-08-28 16:21:12.080] [4623] [HailoRT] [info] [core_op.cpp:186] [deactivate] Deactivating took 0.400169 ms
[2026-08-28 16:21:12.080] [4623] [HailoRT] [info] [core_op.cpp:186] [deactivate] Deactivating took 0.408559 ms
[2026-08-28 16:21:12.102] [4623] [HailoRT] [info] [core_op.cpp:156] [activate] Activating best took 0.471555 milliseconds. Note that the function is asynchronous and thus the network is not fully activated yet.
[2026-08-28 16:21:12.102] [4623] [HailoRT] [info] [core_op.cpp:156] [activate] Activating best took 0.495629 milliseconds. Note that the function is asynchronous and thus the network is not fully activated yet.
[2026-08-28 16:21:12.102] [4623] [HailoRT] [info] [edge_elements.cpp:52] [create] Created (HwWriteEl3best/input_layer1 | hw_frame_size: 1228800)
[2026-08-28 16:21:12.102] [4623] [HailoRT] [info] [queue_elements.cpp:284] [create] Created (PushQEl3best/input_layer1 | timeout: 10s)
[2026-08-28 16:21:12.102] [4623] [HailoRT] [info] [filter_elements.cpp:101] [create] Created (PreInferEl3best/input_layer1 | Reorder - src_order: NHWC, src_shape: (640, 640, 3), dst_order: NHCW, dst_shape: (640, 640, 3))
[2026-08-28 16:21:12.102] [4623] [HailoRT] [info] [vstream.cpp:754] [InputVStreamImpl] Creating best/input_layer1...
[2026-08-28 16:21:12.102] [4623] [HailoRT] [info] [vstream_builder.cpp:102] [create_inputs] Input pipeline 'best/input_layer1': (PreInferEl3best/input_layer1 | Reorder - src_order: NHWC, src_shape: (640, 640, 3), dst_order: NHCW, dst_shape: (640, 640, 3)) >> (PushQEl3best/input_layer1 | timeout: 10s) >> (HwWriteEl3best/input_layer1 | hw_frame_size: 1228800) >> HW
[2026-08-28 16:21:12.102] [4623] [HailoRT] [info] [multi_io_elements.cpp:135] [create] Created (NmsPPMuxEl0YOLOV8-Post-Process | Op YOLOV8, Name: YOLOV8-Post-Process, Score threshold: 0.250, IoU threshold: 0.70, Classes: 1, Cross classes: false, NMS results order: BY_CLASS, Max bboxes per class: 100, Image height: 640, Image width: 640)
[2026-08-28 16:21:12.102] [4623] [HailoRT] [info] [edge_elements.cpp:287] [create] Created (HwReadEl1best/conv41_97 | hw_frame_size: 409600)
[2026-08-28 16:21:12.102] [4623] [HailoRT] [info] [queue_elements.cpp:657] [create] Created (PullQEl_nms1best/conv41_97 | timeout: 10s)
[2026-08-28 16:21:12.102] [4623] [HailoRT] [info] [edge_elements.cpp:287] [create] Created (HwReadEl0best/conv42_97 | hw_frame_size: 6400)
[2026-08-28 16:21:12.102] [4623] [HailoRT] [info] [queue_elements.cpp:657] [create] Created (PullQEl_nms0best/conv42_97 | timeout: 10s)
[2026-08-28 16:21:12.102] [4623] [HailoRT] [info] [edge_elements.cpp:287] [create] Created (HwReadEl4best/conv52_97 | hw_frame_size: 102400)
[2026-08-28 16:21:12.102] [4623] [HailoRT] [info] [queue_elements.cpp:657] [create] Created (PullQEl_nms4best/conv52_97 | timeout: 10s)
[2026-08-28 16:21:12.102] [4623] [HailoRT] [info] [edge_elements.cpp:287] [create] Created (HwReadEl2best/conv53_97 | hw_frame_size: 1600)
[2026-08-28 16:21:12.102] [4623] [HailoRT] [info] [queue_elements.cpp:657] [create] Created (PullQEl_nms2best/conv53_97 | timeout: 10s)
[2026-08-28 16:21:12.102] [4623] [HailoRT] [info] [edge_elements.cpp:287] [create] Created (HwReadEl7best/conv62_97 | hw_frame_size: 30720)
[2026-08-28 16:21:12.102] [4623] [HailoRT] [info] [queue_elements.cpp:657] [create] Created (PullQEl_nms7best/conv62_97 | timeout: 10s)
[2026-08-28 16:21:12.102] [4623] [HailoRT] [info] [edge_elements.cpp:287] [create] Created (HwReadEl6best/conv63_97 | hw_frame_size: 480)
[2026-08-28 16:21:12.102] [4623] [HailoRT] [info] [queue_elements.cpp:657] [create] Created (PullQEl_nms6best/conv63_97 | timeout: 10s)
[2026-08-28 16:21:12.102] [4623] [HailoRT] [info] [queue_elements.cpp:800] [create] Created (UserBufQEl_post_infer0best/yolov8_nms_postprocess | timeout: 10s)
[2026-08-28 16:21:12.102] [4623] [HailoRT] [info] [vstream.cpp:1114] [OutputVStreamImpl] Creating best/yolov8_nms_postprocess...
[2026-08-28 16:21:12.103] [4623] [HailoRT] [info] [vstream_builder.cpp:622] [create_output_post_process_nms] Output pipeline 'best/yolov8_nms_postprocess': HW >> (HwReadEl1best/conv41_97 | hw_frame_size: 409600) >> (PullQEl_nms1best/conv41_97) >> (HwReadEl0best/conv42_97 | hw_frame_size: 6400) >> (PullQEl_nms0best/conv42_97) >> (HwReadEl4best/conv52_97 | hw_frame_size: 102400) >> (PullQEl_nms4best/conv52_97) >> (HwReadEl2best/conv53_97 | hw_frame_size: 1600) >> (PullQEl_nms2best/conv53_97) >> (HwReadEl7best/conv62_97 | hw_frame_size: 30720) >> (PullQEl_nms7best/conv62_97) >> (HwReadEl6best/conv63_97 | hw_frame_size: 480) >> (PullQEl_nms6best/conv63_97) >> (NmsPPMuxEl0YOLOV8-Post-Process | Op YOLOV8, Name: YOLOV8-Post-Process, Score threshold: 0.250, IoU threshold: 0.70, Classes: 1, Cross classes: false, NMS results order: BY_CLASS, Max bboxes per class: 100, Image height: 640, Image width: 640) >> (UserBufQEl_post_infer0best/yolov8_nms_postprocess | timeout: 10s)
[2026-08-28 16:21:12.113] [7178] [HailoRT] [info] [vdevice_native_stream.cpp:331] [read_impl] Failed read from stream HAILO_STREAM_ABORT(63) (device: 0001:01:00.0)
[2026-08-28 16:21:12.113] [7182] [HailoRT] [info] [vdevice_native_stream.cpp:331] [read_impl] Failed read from stream HAILO_STREAM_ABORT(63) (device: 0001:01:00.0)
[2026-08-28 16:21:12.113] [7178] [HailoRT] [info] [edge_elements.cpp:396] [run_pull] Reading from stream was aborted!
[2026-08-28 16:21:12.113] [7182] [HailoRT] [info] [edge_elements.cpp:396] [run_pull] Reading from stream was aborted!
[2026-08-28 16:21:12.113] [7183] [HailoRT] [info] [vdevice_native_stream.cpp:331] [read_impl] Failed read from stream HAILO_STREAM_ABORT(63) (device: 0001:01:00.0)
[2026-08-28 16:21:12.113] [7178] [HailoRT] [info] [queue_elements.cpp:738] [run_in_thread] run_pull of queue element PullQEl_nms1best/conv41_97 was aborted!
[2026-08-28 16:21:12.113] [7180] [HailoRT] [info] [vdevice_native_stream.cpp:331] [read_impl] Failed read from stream HAILO_STREAM_ABORT(63) (device: 0001:01:00.0)
[2026-08-28 16:21:12.113] [7182] [HailoRT] [info] [queue_elements.cpp:738] [run_in_thread] run_pull of queue element PullQEl_nms7best/conv62_97 was aborted!
[2026-08-28 16:21:12.113] [7180] [HailoRT] [info] [edge_elements.cpp:396] [run_pull] Reading from stream was aborted!
[2026-08-28 16:21:12.113] [7179] [HailoRT] [info] [vdevice_native_stream.cpp:331] [read_impl] Failed read from stream HAILO_STREAM_ABORT(63) (device: 0001:01:00.0)
[2026-08-28 16:21:12.113] [7180] [HailoRT] [info] [queue_elements.cpp:738] [run_in_thread] run_pull of queue element PullQEl_nms4best/conv52_97 was aborted!
[2026-08-28 16:21:12.113] [7179] [HailoRT] [info] [edge_elements.cpp:396] [run_pull] Reading from stream was aborted!
[2026-08-28 16:21:12.113] [7181] [HailoRT] [info] [vdevice_native_stream.cpp:331] [read_impl] Failed read from stream HAILO_STREAM_ABORT(63) (device: 0001:01:00.0)
[2026-08-28 16:21:12.113] [7181] [HailoRT] [info] [edge_elements.cpp:396] [run_pull] Reading from stream was aborted!
[2026-08-28 16:21:12.113] [7183] [HailoRT] [info] [edge_elements.cpp:396] [run_pull] Reading from stream was aborted!
[2026-08-28 16:21:12.113] [7179] [HailoRT] [info] [queue_elements.cpp:738] [run_in_thread] run_pull of queue element PullQEl_nms0best/conv42_97 was aborted!
[2026-08-28 16:21:12.113] [7181] [HailoRT] [info] [queue_elements.cpp:738] [run_in_thread] run_pull of queue element PullQEl_nms2best/conv53_97 was aborted!
[2026-08-28 16:21:12.113] [7183] [HailoRT] [info] [queue_elements.cpp:738] [run_in_thread] run_pull of queue element PullQEl_nms6best/conv63_97 was aborted!
[2026-08-28 16:21:12.113] [7184] [HailoRT] [info] [queue_elements.cpp:68] [operator()] Thread in element UserBufQEl_post_infer0best/yolov8_nms_postprocess is not running anymore, exiting..
[2026-08-28 16:21:12.113] [4623] [HailoRT] [info] [queue_elements.cpp:46] [~BaseQueueElement] Queue element UserBufQEl_post_infer0best/yolov8_nms_postprocess has 0 frames in his Queue on destruction
[2026-08-28 16:21:12.113] [7183] [HailoRT] [info] [queue_elements.cpp:68] [operator()] Thread in element PullQEl_nms6best/conv63_97 is not running anymore, exiting..
[2026-08-28 16:21:12.113] [4623] [HailoRT] [info] [queue_elements.cpp:46] [~BaseQueueElement] Queue element PullQEl_nms6best/conv63_97 has 0 frames in his Queue on destruction
[2026-08-28 16:21:12.113] [7182] [HailoRT] [info] [queue_elements.cpp:68] [operator()] Thread in element PullQEl_nms7best/conv62_97 is not running anymore, exiting..
[2026-08-28 16:21:12.113] [4623] [HailoRT] [info] [queue_elements.cpp:46] [~BaseQueueElement] Queue element PullQEl_nms7best/conv62_97 has 0 frames in his Queue on destruction
[2026-08-28 16:21:12.113] [7181] [HailoRT] [info] [queue_elements.cpp:68] [operator()] Thread in element PullQEl_nms2best/conv53_97 is not running anymore, exiting..
[2026-08-28 16:21:12.113] [4623] [HailoRT] [info] [queue_elements.cpp:46] [~BaseQueueElement] Queue element PullQEl_nms2best/conv53_97 has 0 frames in his Queue on destruction
[2026-08-28 16:21:12.113] [7180] [HailoRT] [info] [queue_elements.cpp:68] [operator()] Thread in element PullQEl_nms4best/conv52_97 is not running anymore, exiting..
[2026-08-28 16:21:12.113] [4623] [HailoRT] [info] [queue_elements.cpp:46] [~BaseQueueElement] Queue element PullQEl_nms4best/conv52_97 has 0 frames in his Queue on destruction
[2026-08-28 16:21:12.113] [7179] [HailoRT] [info] [queue_elements.cpp:68] [operator()] Thread in element PullQEl_nms0best/conv42_97 is not running anymore, exiting..
[2026-08-28 16:21:12.113] [4623] [HailoRT] [info] [queue_elements.cpp:46] [~BaseQueueElement] Queue element PullQEl_nms0best/conv42_97 has 0 frames in his Queue on destruction
[2026-08-28 16:21:12.113] [7178] [HailoRT] [info] [queue_elements.cpp:68] [operator()] Thread in element PullQEl_nms1best/conv41_97 is not running anymore, exiting..
[2026-08-28 16:21:12.113] [4623] [HailoRT] [info] [queue_elements.cpp:46] [~BaseQueueElement] Queue element PullQEl_nms1best/conv41_97 has 0 frames in his Queue on destruction
[2026-08-28 16:21:12.113] [7177] [HailoRT] [info] [queue_elements.cpp:68] [operator()] Thread in element PushQEl3best/input_layer1 is not running anymore, exiting..
[2026-08-28 16:21:12.113] [4623] [HailoRT] [info] [queue_elements.cpp:46] [~BaseQueueElement] Queue element PushQEl3best/input_layer1 has 0 frames in his Queue on destruction
[2026-08-28 16:21:12.114] [4623] [HailoRT] [info] [core_op.cpp:186] [deactivate] Deactivating took 0.401317 ms
[2026-08-28 16:21:12.114] [4623] [HailoRT] [info] [core_op.cpp:186] [deactivate] Deactivating took 0.409817 ms
[2026-08-28 16:21:12.135] [4623] [HailoRT] [info] [core_op.cpp:156] [activate] Activating best took 0.450964 milliseconds. Note that the function is asynchronous and thus the network is not fully activated yet.
[2026-08-28 16:21:12.135] [4623] [HailoRT] [info] [core_op.cpp:156] [activate] Activating best took 0.476445 milliseconds. Note that the function is asynchronous and thus the network is not fully activated yet.
[2026-08-28 16:21:12.135] [4623] [HailoRT] [info] [edge_elements.cpp:52] [create] Created (HwWriteEl3best/input_layer1 | hw_frame_size: 1228800)
[2026-08-28 16:21:12.135] [4623] [HailoRT] [info] [queue_elements.cpp:284] [create] Created (PushQEl3best/input_layer1 | timeout: 10s)
[2026-08-28 16:21:12.135] [4623] [HailoRT] [info] [filter_elements.cpp:101] [create] Created (PreInferEl3best/input_layer1 | Reorder - src_order: NHWC, src_shape: (640, 640, 3), dst_order: NHCW, dst_shape: (640, 640, 3))
[2026-08-28 16:21:12.135] [4623] [HailoRT] [info] [vstream.cpp:754] [InputVStreamImpl] Creating best/input_layer1...
[2026-08-28 16:21:12.135] [4623] [HailoRT] [info] [vstream_builder.cpp:102] [create_inputs] Input pipeline 'best/input_layer1': (PreInferEl3best/input_layer1 | Reorder - src_order: NHWC, src_shape: (640, 640, 3), dst_order: NHCW, dst_shape: (640, 640, 3)) >> (PushQEl3best/input_layer1 | timeout: 10s) >> (HwWriteEl3best/input_layer1 | hw_frame_size: 1228800) >> HW
[2026-08-28 16:21:12.135] [4623] [HailoRT] [info] [multi_io_elements.cpp:135] [create] Created (NmsPPMuxEl0YOLOV8-Post-Process | Op YOLOV8, Name: YOLOV8-Post-Process, Score threshold: 0.250, IoU threshold: 0.70, Classes: 1, Cross classes: false, NMS results order: BY_CLASS, Max bboxes per class: 100, Image height: 640, Image width: 640)
[2026-08-28 16:21:12.135] [4623] [HailoRT] [info] [edge_elements.cpp:287] [create] Created (HwReadEl1best/conv41_97 | hw_frame_size: 409600)
[2026-08-28 16:21:12.135] [4623] [HailoRT] [info] [queue_elements.cpp:657] [create] Created (PullQEl_nms1best/conv41_97 | timeout: 10s)
[2026-08-28 16:21:12.135] [4623] [HailoRT] [info] [edge_elements.cpp:287] [create] Created (HwReadEl0best/conv42_97 | hw_frame_size: 6400)
[2026-08-28 16:21:12.135] [4623] [HailoRT] [info] [queue_elements.cpp:657] [create] Created (PullQEl_nms0best/conv42_97 | timeout: 10s)
[2026-08-28 16:21:12.135] [4623] [HailoRT] [info] [edge_elements.cpp:287] [create] Created (HwReadEl4best/conv52_97 | hw_frame_size: 102400)
[2026-08-28 16:21:12.136] [4623] [HailoRT] [info] [queue_elements.cpp:657] [create] Created (PullQEl_nms4best/conv52_97 | timeout: 10s)
[2026-08-28 16:21:12.136] [4623] [HailoRT] [info] [edge_elements.cpp:287] [create] Created (HwReadEl2best/conv53_97 | hw_frame_size: 1600)
[2026-08-28 16:21:12.136] [4623] [HailoRT] [info] [queue_elements.cpp:657] [create] Created (PullQEl_nms2best/conv53_97 | timeout: 10s)
[2026-08-28 16:21:12.136] [4623] [HailoRT] [info] [edge_elements.cpp:287] [create] Created (HwReadEl7best/conv62_97 | hw_frame_size: 30720)
[2026-08-28 16:21:12.136] [4623] [HailoRT] [info] [queue_elements.cpp:657] [create] Created (PullQEl_nms7best/conv62_97 | timeout: 10s)
[2026-08-28 16:21:12.136] [4623] [HailoRT] [info] [edge_elements.cpp:287] [create] Created (HwReadEl6best/conv63_97 | hw_frame_size: 480)
[2026-08-28 16:21:12.136] [4623] [HailoRT] [info] [queue_elements.cpp:657] [create] Created (PullQEl_nms6best/conv63_97 | timeout: 10s)
[2026-08-28 16:21:12.136] [4623] [HailoRT] [info] [queue_elements.cpp:800] [create] Created (UserBufQEl_post_infer0best/yolov8_nms_postprocess | timeout: 10s)
[2026-08-28 16:21:12.136] [4623] [HailoRT] [info] [vstream.cpp:1114] [OutputVStreamImpl] Creating best/yolov8_nms_postprocess...
[2026-08-28 16:21:12.136] [4623] [HailoRT] [info] [vstream_builder.cpp:622] [create_output_post_process_nms] Output pipeline 'best/yolov8_nms_postprocess': HW >> (HwReadEl1best/conv41_97 | hw_frame_size: 409600) >> (PullQEl_nms1best/conv41_97) >> (HwReadEl0best/conv42_97 | hw_frame_size: 6400) >> (PullQEl_nms0best/conv42_97) >> (HwReadEl4best/conv52_97 | hw_frame_size: 102400) >> (PullQEl_nms4best/conv52_97) >> (HwReadEl2best/conv53_97 | hw_frame_size: 1600) >> (PullQEl_nms2best/conv53_97) >> (HwReadEl7best/conv62_97 | hw_frame_size: 30720) >> (PullQEl_nms7best/conv62_97) >> (HwReadEl6best/conv63_97 | hw_frame_size: 480) >> (PullQEl_nms6best/conv63_97) >> (NmsPPMuxEl0YOLOV8-Post-Process | Op YOLOV8, Name: YOLOV8-Post-Process, Score threshold: 0.250, IoU threshold: 0.70, Classes: 1, Cross classes: false, NMS results order: BY_CLASS, Max bboxes per class: 100, Image height: 640, Image width: 640) >> (UserBufQEl_post_infer0best/yolov8_nms_postprocess | timeout: 10s)
[2026-08-28 16:21:12.146] [7189] [HailoRT] [info] [vdevice_native_stream.cpp:331] [read_impl] Failed read from stream HAILO_STREAM_ABORT(63) (device: 0001:01:00.0)
[2026-08-28 16:21:12.146] [7189] [HailoRT] [info] [edge_elements.cpp:396] [run_pull] Reading from stream was aborted!
[2026-08-28 16:21:12.146] [7191] [HailoRT] [info] [vdevice_native_stream.cpp:331] [read_impl] Failed read from stream HAILO_STREAM_ABORT(63) (device: 0001:01:00.0)
[2026-08-28 16:21:12.146] [7191] [HailoRT] [info] [edge_elements.cpp:396] [run_pull] Reading from stream was aborted!
[2026-08-28 16:21:12.146] [7189] [HailoRT] [info] [queue_elements.cpp:738] [run_in_thread] run_pull of queue element PullQEl_nms0best/conv42_97 was aborted!
[2026-08-28 16:21:12.146] [7191] [HailoRT] [info] [queue_elements.cpp:738] [run_in_thread] run_pull of queue element PullQEl_nms2best/conv53_97 was aborted!
[2026-08-28 16:21:12.146] [7193] [HailoRT] [info] [vdevice_native_stream.cpp:331] [read_impl] Failed read from stream HAILO_STREAM_ABORT(63) (device: 0001:01:00.0)
[2026-08-28 16:21:12.146] [7188] [HailoRT] [info] [vdevice_native_stream.cpp:331] [read_impl] Failed read from stream HAILO_STREAM_ABORT(63) (device: 0001:01:00.0)
[2026-08-28 16:21:12.146] [7190] [HailoRT] [info] [vdevice_native_stream.cpp:331] [read_impl] Failed read from stream HAILO_STREAM_ABORT(63) (device: 0001:01:00.0)
[2026-08-28 16:21:12.146] [7188] [HailoRT] [info] [edge_elements.cpp:396] [run_pull] Reading from stream was aborted!
[2026-08-28 16:21:12.146] [7192] [HailoRT] [info] [vdevice_native_stream.cpp:331] [read_impl] Failed read from stream HAILO_STREAM_ABORT(63) (device: 0001:01:00.0)
[2026-08-28 16:21:12.146] [7193] [HailoRT] [info] [edge_elements.cpp:396] [run_pull] Reading from stream was aborted!
[2026-08-28 16:21:12.146] [7192] [HailoRT] [info] [edge_elements.cpp:396] [run_pull] Reading from stream was aborted!
[2026-08-28 16:21:12.146] [7188] [HailoRT] [info] [queue_elements.cpp:738] [run_in_thread] run_pull of queue element PullQEl_nms1best/conv41_97 was aborted!
[2026-08-28 16:21:12.146] [7193] [HailoRT] [info] [queue_elements.cpp:738] [run_in_thread] run_pull of queue element PullQEl_nms6best/conv63_97 was aborted!
[2026-08-28 16:21:12.146] [7192] [HailoRT] [info] [queue_elements.cpp:738] [run_in_thread] run_pull of queue element PullQEl_nms7best/conv62_97 was aborted!
[2026-08-28 16:21:12.146] [7190] [HailoRT] [info] [edge_elements.cpp:396] [run_pull] Reading from stream was aborted!
[2026-08-28 16:21:12.146] [7190] [HailoRT] [info] [queue_elements.cpp:738] [run_in_thread] run_pull of queue element PullQEl_nms4best/conv52_97 was aborted!
[2026-08-28 16:21:12.146] [7194] [HailoRT] [info] [queue_elements.cpp:68] [operator()] Thread in element UserBufQEl_post_infer0best/yolov8_nms_postprocess is not running anymore, exiting..
[2026-08-28 16:21:12.146] [4623] [HailoRT] [info] [queue_elements.cpp:46] [~BaseQueueElement] Queue element UserBufQEl_post_infer0best/yolov8_nms_postprocess has 0 frames in his Queue on destruction
[2026-08-28 16:21:12.146] [7193] [HailoRT] [info] [queue_elements.cpp:68] [operator()] Thread in element PullQEl_nms6best/conv63_97 is not running anymore, exiting..
[2026-08-28 16:21:12.146] [4623] [HailoRT] [info] [queue_elements.cpp:46] [~BaseQueueElement] Queue element PullQEl_nms6best/conv63_97 has 0 frames in his Queue on destruction
[2026-08-28 16:21:12.146] [7192] [HailoRT] [info] [queue_elements.cpp:68] [operator()] Thread in element PullQEl_nms7best/conv62_97 is not running anymore, exiting..
[2026-08-28 16:21:12.146] [4623] [HailoRT] [info] [queue_elements.cpp:46] [~BaseQueueElement] Queue element PullQEl_nms7best/conv62_97 has 0 frames in his Queue on destruction
[2026-08-28 16:21:12.146] [7191] [HailoRT] [info] [queue_elements.cpp:68] [operator()] Thread in element PullQEl_nms2best/conv53_97 is not running anymore, exiting..
[2026-08-28 16:21:12.147] [4623] [HailoRT] [info] [queue_elements.cpp:46] [~BaseQueueElement] Queue element PullQEl_nms2best/conv53_97 has 0 frames in his Queue on destruction
[2026-08-28 16:21:12.147] [7190] [HailoRT] [info] [queue_elements.cpp:68] [operator()] Thread in element PullQEl_nms4best/conv52_97 is not running anymore, exiting..
[2026-08-28 16:21:12.147] [4623] [HailoRT] [info] [queue_elements.cpp:46] [~BaseQueueElement] Queue element PullQEl_nms4best/conv52_97 has 0 frames in his Queue on destruction
[2026-08-28 16:21:12.147] [7189] [HailoRT] [info] [queue_elements.cpp:68] [operator()] Thread in element PullQEl_nms0best/conv42_97 is not running anymore, exiting..
[2026-08-28 16:21:12.147] [4623] [HailoRT] [info] [queue_elements.cpp:46] [~BaseQueueElement] Queue element PullQEl_nms0best/conv42_97 has 0 frames in his Queue on destruction
[2026-08-28 16:21:12.147] [7188] [HailoRT] [info] [queue_elements.cpp:68] [operator()] Thread in element PullQEl_nms1best/conv41_97 is not running anymore, exiting..
[2026-08-28 16:21:12.147] [4623] [HailoRT] [info] [queue_elements.cpp:46] [~BaseQueueElement] Queue element PullQEl_nms1best/conv41_97 has 0 frames in his Queue on destruction
[2026-08-28 16:21:12.147] [7187] [HailoRT] [info] [queue_elements.cpp:68] [operator()] Thread in element PushQEl3best/input_layer1 is not running anymore, exiting..
[2026-08-28 16:21:12.147] [4623] [HailoRT] [info] [queue_elements.cpp:46] [~BaseQueueElement] Queue element PushQEl3best/input_layer1 has 0 frames in his Queue on destruction
[2026-08-28 16:21:12.147] [4623] [HailoRT] [info] [core_op.cpp:186] [deactivate] Deactivating took 0.398595 ms
[2026-08-28 16:21:12.147] [4623] [HailoRT] [info] [core_op.cpp:186] [deactivate] Deactivating took 0.407113 ms
[2026-08-28 16:21:12.168] [4623] [HailoRT] [info] [core_op.cpp:156] [activate] Activating best took 0.463056 milliseconds. Note that the function is asynchronous and thus the network is not fully activated yet.
[2026-08-28 16:21:12.168] [4623] [HailoRT] [info] [core_op.cpp:156] [activate] Activating best took 0.48687 milliseconds. Note that the function is asynchronous and thus the network is not fully activated yet.
[2026-08-28 16:21:12.168] [4623] [HailoRT] [info] [edge_elements.cpp:52] [create] Created (HwWriteEl3best/input_layer1 | hw_frame_size: 1228800)
[2026-08-28 16:21:12.169] [4623] [HailoRT] [info] [queue_elements.cpp:284] [create] Created (PushQEl3best/input_layer1 | timeout: 10s)
[2026-08-28 16:21:12.169] [4623] [HailoRT] [info] [filter_elements.cpp:101] [create] Created (PreInferEl3best/input_layer1 | Reorder - src_order: NHWC, src_shape: (640, 640, 3), dst_order: NHCW, dst_shape: (640, 640, 3))
[2026-08-28 16:21:12.169] [4623] [HailoRT] [info] [vstream.cpp:754] [InputVStreamImpl] Creating best/input_layer1...
[2026-08-28 16:21:12.169] [4623] [HailoRT] [info] [vstream_builder.cpp:102] [create_inputs] Input pipeline 'best/input_layer1': (PreInferEl3best/input_layer1 | Reorder - src_order: NHWC, src_shape: (640, 640, 3), dst_order: NHCW, dst_shape: (640, 640, 3)) >> (PushQEl3best/input_layer1 | timeout: 10s) >> (HwWriteEl3best/input_layer1 | hw_frame_size: 1228800) >> HW
[2026-08-28 16:21:12.169] [4623] [HailoRT] [info] [multi_io_elements.cpp:135] [create] Created (NmsPPMuxEl0YOLOV8-Post-Process | Op YOLOV8, Name: YOLOV8-Post-Process, Score threshold: 0.250, IoU threshold: 0.70, Classes: 1, Cross classes: false, NMS results order: BY_CLASS, Max bboxes per class: 100, Image height: 640, Image width: 640)
[2026-08-28 16:21:12.169] [4623] [HailoRT] [info] [edge_elements.cpp:287] [create] Created (HwReadEl1best/conv41_97 | hw_frame_size: 409600)
[2026-08-28 16:21:12.169] [4623] [HailoRT] [info] [queue_elements.cpp:657] [create] Created (PullQEl_nms1best/conv41_97 | timeout: 10s)
[2026-08-28 16:21:12.169] [4623] [HailoRT] [info] [edge_elements.cpp:287] [create] Created (HwReadEl0best/conv42_97 | hw_frame_size: 6400)
[2026-08-28 16:21:12.169] [4623] [HailoRT] [info] [queue_elements.cpp:657] [create] Created (PullQEl_nms0best/conv42_97 | timeout: 10s)
[2026-08-28 16:21:12.169] [4623] [HailoRT] [info] [edge_elements.cpp:287] [create] Created (HwReadEl4best/conv52_97 | hw_frame_size: 102400)
[2026-08-28 16:21:12.169] [4623] [HailoRT] [info] [queue_elements.cpp:657] [create] Created (PullQEl_nms4best/conv52_97 | timeout: 10s)
[2026-08-28 16:21:12.169] [4623] [HailoRT] [info] [edge_elements.cpp:287] [create] Created (HwReadEl2best/conv53_97 | hw_frame_size: 1600)
[2026-08-28 16:21:12.169] [4623] [HailoRT] [info] [queue_elements.cpp:657] [create] Created (PullQEl_nms2best/conv53_97 | timeout: 10s)
[2026-08-28 16:21:12.169] [4623] [HailoRT] [info] [edge_elements.cpp:287] [create] Created (HwReadEl7best/conv62_97 | hw_frame_size: 30720)
[2026-08-28 16:21:12.169] [4623] [HailoRT] [info] [queue_elements.cpp:657] [create] Created (PullQEl_nms7best/conv62_97 | timeout: 10s)
[2026-08-28 16:21:12.169] [4623] [HailoRT] [info] [edge_elements.cpp:287] [create] Created (HwReadEl6best/conv63_97 | hw_frame_size: 480)
[2026-08-28 16:21:12.169] [4623] [HailoRT] [info] [queue_elements.cpp:657] [create] Created (PullQEl_nms6best/conv63_97 | timeout: 10s)
[2026-08-28 16:21:12.169] [4623] [HailoRT] [info] [queue_elements.cpp:800] [create] Created (UserBufQEl_post_infer0best/yolov8_nms_postprocess | timeout: 10s)
[2026-08-28 16:21:12.169] [4623] [HailoRT] [info] [vstream.cpp:1114] [OutputVStreamImpl] Creating best/yolov8_nms_postprocess...
[2026-08-28 16:21:12.169] [4623] [HailoRT] [info] [vstream_builder.cpp:622] [create_output_post_process_nms] Output pipeline 'best/yolov8_nms_postprocess': HW >> (HwReadEl1best/conv41_97 | hw_frame_size: 409600) >> (PullQEl_nms1best/conv41_97) >> (HwReadEl0best/conv42_97 | hw_frame_size: 6400) >> (PullQEl_nms0best/conv42_97) >> (HwReadEl4best/conv52_97 | hw_frame_size: 102400) >> (PullQEl_nms4best/conv52_97) >> (HwReadEl2best/conv53_97 | hw_frame_size: 1600) >> (PullQEl_nms2best/conv53_97) >> (HwReadEl7best/conv62_97 | hw_frame_size: 30720) >> (PullQEl_nms7best/conv62_97) >> (HwReadEl6best/conv63_97 | hw_frame_size: 480) >> (PullQEl_nms6best/conv63_97) >> (NmsPPMuxEl0YOLOV8-Post-Process | Op YOLOV8, Name: YOLOV8-Post-Process, Score threshold: 0.250, IoU threshold: 0.70, Classes: 1, Cross classes: false, NMS results order: BY_CLASS, Max bboxes per class: 100, Image height: 640, Image width: 640) >> (UserBufQEl_post_infer0best/yolov8_nms_postprocess | timeout: 10s)
[2026-08-28 16:21:12.180] [7198] [HailoRT] [info] [vdevice_native_stream.cpp:331] [read_impl] Failed read from stream HAILO_STREAM_ABORT(63) (device: 0001:01:00.0)
[2026-08-28 16:21:12.180] [7202] [HailoRT] [info] [vdevice_native_stream.cpp:331] [read_impl] Failed read from stream HAILO_STREAM_ABORT(63) (device: 0001:01:00.0)
[2026-08-28 16:21:12.180] [7202] [HailoRT] [info] [edge_elements.cpp:396] [run_pull] Reading from stream was aborted!
[2026-08-28 16:21:12.180] [7198] [HailoRT] [info] [edge_elements.cpp:396] [run_pull] Reading from stream was aborted!
[2026-08-28 16:21:12.180] [7200] [HailoRT] [info] [vdevice_native_stream.cpp:331] [read_impl] Failed read from stream HAILO_STREAM_ABORT(63) (device: 0001:01:00.0)
[2026-08-28 16:21:12.180] [7200] [HailoRT] [info] [edge_elements.cpp:396] [run_pull] Reading from stream was aborted!
[2026-08-28 16:21:12.180] [7199] [HailoRT] [info] [vdevice_native_stream.cpp:331] [read_impl] Failed read from stream HAILO_STREAM_ABORT(63) (device: 0001:01:00.0)
[2026-08-28 16:21:12.180] [7199] [HailoRT] [info] [edge_elements.cpp:396] [run_pull] Reading from stream was aborted!
[2026-08-28 16:21:12.180] [7198] [HailoRT] [info] [queue_elements.cpp:738] [run_in_thread] run_pull of queue element PullQEl_nms1best/conv41_97 was aborted!
[2026-08-28 16:21:12.180] [7200] [HailoRT] [info] [queue_elements.cpp:738] [run_in_thread] run_pull of queue element PullQEl_nms4best/conv52_97 was aborted!
[2026-08-28 16:21:12.180] [7199] [HailoRT] [info] [queue_elements.cpp:738] [run_in_thread] run_pull of queue element PullQEl_nms0best/conv42_97 was aborted!
[2026-08-28 16:21:12.180] [7203] [HailoRT] [info] [vdevice_native_stream.cpp:331] [read_impl] Failed read from stream HAILO_STREAM_ABORT(63) (device: 0001:01:00.0)
[2026-08-28 16:21:12.180] [7202] [HailoRT] [info] [queue_elements.cpp:738] [run_in_thread] run_pull of queue element PullQEl_nms7best/conv62_97 was aborted!
[2026-08-28 16:21:12.180] [7203] [HailoRT] [info] [edge_elements.cpp:396] [run_pull] Reading from stream was aborted!
[2026-08-28 16:21:12.180] [7201] [HailoRT] [info] [vdevice_native_stream.cpp:331] [read_impl] Failed read from stream HAILO_STREAM_ABORT(63) (device: 0001:01:00.0)
[2026-08-28 16:21:12.180] [7201] [HailoRT] [info] [edge_elements.cpp:396] [run_pull] Reading from stream was aborted!
[2026-08-28 16:21:12.180] [7203] [HailoRT] [info] [queue_elements.cpp:738] [run_in_thread] run_pull of queue element PullQEl_nms6best/conv63_97 was aborted!
[2026-08-28 16:21:12.180] [7201] [HailoRT] [info] [queue_elements.cpp:738] [run_in_thread] run_pull of queue element PullQEl_nms2best/conv53_97 was aborted!
[2026-08-28 16:21:12.180] [7204] [HailoRT] [info] [queue_elements.cpp:68] [operator()] Thread in element UserBufQEl_post_infer0best/yolov8_nms_postprocess is not running anymore, exiting..
[2026-08-28 16:21:12.180] [4623] [HailoRT] [info] [queue_elements.cpp:46] [~BaseQueueElement] Queue element UserBufQEl_post_infer0best/yolov8_nms_postprocess has 0 frames in his Queue on destruction
[2026-08-28 16:21:12.180] [7203] [HailoRT] [info] [queue_elements.cpp:68] [operator()] Thread in element PullQEl_nms6best/conv63_97 is not running anymore, exiting..
[2026-08-28 16:21:12.180] [4623] [HailoRT] [info] [queue_elements.cpp:46] [~BaseQueueElement] Queue element PullQEl_nms6best/conv63_97 has 0 frames in his Queue on destruction
[2026-08-28 16:21:12.180] [7202] [HailoRT] [info] [queue_elements.cpp:68] [operator()] Thread in element PullQEl_nms7best/conv62_97 is not running anymore, exiting..
[2026-08-28 16:21:12.180] [4623] [HailoRT] [info] [queue_elements.cpp:46] [~BaseQueueElement] Queue element PullQEl_nms7best/conv62_97 has 0 frames in his Queue on destruction
[2026-08-28 16:21:12.180] [7201] [HailoRT] [info] [queue_elements.cpp:68] [operator()] Thread in element PullQEl_nms2best/conv53_97 is not running anymore, exiting..
[2026-08-28 16:21:12.180] [4623] [HailoRT] [info] [queue_elements.cpp:46] [~BaseQueueElement] Queue element PullQEl_nms2best/conv53_97 has 0 frames in his Queue on destruction
[2026-08-28 16:21:12.180] [7200] [HailoRT] [info] [queue_elements.cpp:68] [operator()] Thread in element PullQEl_nms4best/conv52_97 is not running anymore, exiting..
[2026-08-28 16:21:12.180] [4623] [HailoRT] [info] [queue_elements.cpp:46] [~BaseQueueElement] Queue element PullQEl_nms4best/conv52_97 has 0 frames in his Queue on destruction
[2026-08-28 16:21:12.180] [7199] [HailoRT] [info] [queue_elements.cpp:68] [operator()] Thread in element PullQEl_nms0best/conv42_97 is not running anymore, exiting..
[2026-08-28 16:21:12.180] [4623] [HailoRT] [info] [queue_elements.cpp:46] [~BaseQueueElement] Queue element PullQEl_nms0best/conv42_97 has 0 frames in his Queue on destruction
[2026-08-28 16:21:12.180] [7198] [HailoRT] [info] [queue_elements.cpp:68] [operator()] Thread in element PullQEl_nms1best/conv41_97 is not running anymore, exiting..
[2026-08-28 16:21:12.180] [4623] [HailoRT] [info] [queue_elements.cpp:46] [~BaseQueueElement] Queue element PullQEl_nms1best/conv41_97 has 0 frames in his Queue on destruction
[2026-08-28 16:21:12.180] [7197] [HailoRT] [info] [queue_elements.cpp:68] [operator()] Thread in element PushQEl3best/input_layer1 is not running anymore, exiting..
[2026-08-28 16:21:12.180] [4623] [HailoRT] [info] [queue_elements.cpp:46] [~BaseQueueElement] Queue element PushQEl3best/input_layer1 has 0 frames in his Queue on destruction
[2026-08-28 16:21:12.180] [4623] [HailoRT] [info] [core_op.cpp:186] [deactivate] Deactivating took 0.401059 ms
[2026-08-28 16:21:12.180] [4623] [HailoRT] [info] [core_op.cpp:186] [deactivate] Deactivating took 0.409447 ms
[2026-08-28 16:21:12.201] [4623] [HailoRT] [info] [core_op.cpp:156] [activate] Activating best took 0.470038 milliseconds. Note that the function is asynchronous and thus the network is not fully activated yet.
[2026-08-28 16:21:12.201] [4623] [HailoRT] [info] [core_op.cpp:156] [activate] Activating best took 0.49411 milliseconds. Note that the function is asynchronous and thus the network is not fully activated yet.
[2026-08-28 16:21:12.201] [4623] [HailoRT] [info] [edge_elements.cpp:52] [create] Created (HwWriteEl3best/input_layer1 | hw_frame_size: 1228800)
[2026-08-28 16:21:12.202] [4623] [HailoRT] [info] [queue_elements.cpp:284] [create] Created (PushQEl3best/input_layer1 | timeout: 10s)
[2026-08-28 16:21:12.202] [4623] [HailoRT] [info] [filter_elements.cpp:101] [create] Created (PreInferEl3best/input_layer1 | Reorder - src_order: NHWC, src_shape: (640, 640, 3), dst_order: NHCW, dst_shape: (640, 640, 3))
[2026-08-28 16:21:12.202] [4623] [HailoRT] [info] [vstream.cpp:754] [InputVStreamImpl] Creating best/input_layer1...
[2026-08-28 16:21:12.202] [4623] [HailoRT] [info] [vstream_builder.cpp:102] [create_inputs] Input pipeline 'best/input_layer1': (PreInferEl3best/input_layer1 | Reorder - src_order: NHWC, src_shape: (640, 640, 3), dst_order: NHCW, dst_shape: (640, 640, 3)) >> (PushQEl3best/input_layer1 | timeout: 10s) >> (HwWriteEl3best/input_layer1 | hw_frame_size: 1228800) >> HW
[2026-08-28 16:21:12.202] [4623] [HailoRT] [info] [multi_io_elements.cpp:135] [create] Created (NmsPPMuxEl0YOLOV8-Post-Process | Op YOLOV8, Name: YOLOV8-Post-Process, Score threshold: 0.250, IoU threshold: 0.70, Classes: 1, Cross classes: false, NMS results order: BY_CLASS, Max bboxes per class: 100, Image height: 640, Image width: 640)
[2026-08-28 16:21:12.202] [4623] [HailoRT] [info] [edge_elements.cpp:287] [create] Created (HwReadEl1best/conv41_97 | hw_frame_size: 409600)
[2026-08-28 16:21:12.202] [4623] [HailoRT] [info] [queue_elements.cpp:657] [create] Created (PullQEl_nms1best/conv41_97 | timeout: 10s)
[2026-08-28 16:21:12.202] [4623] [HailoRT] [info] [edge_elements.cpp:287] [create] Created (HwReadEl0best/conv42_97 | hw_frame_size: 6400)
[2026-08-28 16:21:12.202] [4623] [HailoRT] [info] [queue_elements.cpp:657] [create] Created (PullQEl_nms0best/conv42_97 | timeout: 10s)
[2026-08-28 16:21:12.202] [4623] [HailoRT] [info] [edge_elements.cpp:287] [create] Created (HwReadEl4best/conv52_97 | hw_frame_size: 102400)
[2026-08-28 16:21:12.202] [4623] [HailoRT] [info] [queue_elements.cpp:657] [create] Created (PullQEl_nms4best/conv52_97 | timeout: 10s)
[2026-08-28 16:21:12.202] [4623] [HailoRT] [info] [edge_elements.cpp:287] [create] Created (HwReadEl2best/conv53_97 | hw_frame_size: 1600)
[2026-08-28 16:21:12.202] [4623] [HailoRT] [info] [queue_elements.cpp:657] [create] Created (PullQEl_nms2best/conv53_97 | timeout: 10s)
[2026-08-28 16:21:12.202] [4623] [HailoRT] [info] [edge_elements.cpp:287] [create] Created (HwReadEl7best/conv62_97 | hw_frame_size: 30720)
[2026-08-28 16:21:12.202] [4623] [HailoRT] [info] [queue_elements.cpp:657] [create] Created (PullQEl_nms7best/conv62_97 | timeout: 10s)
[2026-08-28 16:21:12.202] [4623] [HailoRT] [info] [edge_elements.cpp:287] [create] Created (HwReadEl6best/conv63_97 | hw_frame_size: 480)
[2026-08-28 16:21:12.202] [4623] [HailoRT] [info] [queue_elements.cpp:657] [create] Created (PullQEl_nms6best/conv63_97 | timeout: 10s)
[2026-08-28 16:21:12.202] [4623] [HailoRT] [info] [queue_elements.cpp:800] [create] Created (UserBufQEl_post_infer0best/yolov8_nms_postprocess | timeout: 10s)
[2026-08-28 16:21:12.202] [4623] [HailoRT] [info] [vstream.cpp:1114] [OutputVStreamImpl] Creating best/yolov8_nms_postprocess...
[2026-08-28 16:21:12.202] [4623] [HailoRT] [info] [vstream_builder.cpp:622] [create_output_post_process_nms] Output pipeline 'best/yolov8_nms_postprocess': HW >> (HwReadEl1best/conv41_97 | hw_frame_size: 409600) >> (PullQEl_nms1best/conv41_97) >> (HwReadEl0best/conv42_97 | hw_frame_size: 6400) >> (PullQEl_nms0best/conv42_97) >> (HwReadEl4best/conv52_97 | hw_frame_size: 102400) >> (PullQEl_nms4best/conv52_97) >> (HwReadEl2best/conv53_97 | hw_frame_size: 1600) >> (PullQEl_nms2best/conv53_97) >> (HwReadEl7best/conv62_97 | hw_frame_size: 30720) >> (PullQEl_nms7best/conv62_97) >> (HwReadEl6best/conv63_97 | hw_frame_size: 480) >> (PullQEl_nms6best/conv63_97) >> (NmsPPMuxEl0YOLOV8-Post-Process | Op YOLOV8, Name: YOLOV8-Post-Process, Score threshold: 0.250, IoU threshold: 0.70, Classes: 1, Cross classes: false, NMS results order: BY_CLASS, Max bboxes per class: 100, Image height: 640, Image width: 640) >> (UserBufQEl_post_infer0best/yolov8_nms_postprocess | timeout: 10s)
[2026-08-28 16:21:12.212] [7208] [HailoRT] [info] [vdevice_native_stream.cpp:331] [read_impl] Failed read from stream HAILO_STREAM_ABORT(63) (device: 0001:01:00.0)
[2026-08-28 16:21:12.213] [7212] [HailoRT] [info] [vdevice_native_stream.cpp:331] [read_impl] Failed read from stream HAILO_STREAM_ABORT(63) (device: 0001:01:00.0)
[2026-08-28 16:21:12.213] [7212] [HailoRT] [info] [edge_elements.cpp:396] [run_pull] Reading from stream was aborted!
[2026-08-28 16:21:12.213] [7211] [HailoRT] [info] [vdevice_native_stream.cpp:331] [read_impl] Failed read from stream HAILO_STREAM_ABORT(63) (device: 0001:01:00.0)
[2026-08-28 16:21:12.213] [7211] [HailoRT] [info] [edge_elements.cpp:396] [run_pull] Reading from stream was aborted!
[2026-08-28 16:21:12.213] [7212] [HailoRT] [info] [queue_elements.cpp:738] [run_in_thread] run_pull of queue element PullQEl_nms7best/conv62_97 was aborted!
[2026-08-28 16:21:12.213] [7211] [HailoRT] [info] [queue_elements.cpp:738] [run_in_thread] run_pull of queue element PullQEl_nms2best/conv53_97 was aborted!
[2026-08-28 16:21:12.212] [7210] [HailoRT] [info] [vdevice_native_stream.cpp:331] [read_impl] Failed read from stream HAILO_STREAM_ABORT(63) (device: 0001:01:00.0)
[2026-08-28 16:21:12.213] [7208] [HailoRT] [info] [edge_elements.cpp:396] [run_pull] Reading from stream was aborted!
[2026-08-28 16:21:12.213] [7210] [HailoRT] [info] [edge_elements.cpp:396] [run_pull] Reading from stream was aborted!
[2026-08-28 16:21:12.212] [7209] [HailoRT] [info] [vdevice_native_stream.cpp:331] [read_impl] Failed read from stream HAILO_STREAM_ABORT(63) (device: 0001:01:00.0)
[2026-08-28 16:21:12.213] [7209] [HailoRT] [info] [edge_elements.cpp:396] [run_pull] Reading from stream was aborted!
[2026-08-28 16:21:12.213] [7210] [HailoRT] [info] [queue_elements.cpp:738] [run_in_thread] run_pull of queue element PullQEl_nms4best/conv52_97 was aborted!
[2026-08-28 16:21:12.213] [7208] [HailoRT] [info] [queue_elements.cpp:738] [run_in_thread] run_pull of queue element PullQEl_nms1best/conv41_97 was aborted!
[2026-08-28 16:21:12.213] [7209] [HailoRT] [info] [queue_elements.cpp:738] [run_in_thread] run_pull of queue element PullQEl_nms0best/conv42_97 was aborted!
[2026-08-28 16:21:12.213] [7213] [HailoRT] [info] [vdevice_native_stream.cpp:331] [read_impl] Failed read from stream HAILO_STREAM_ABORT(63) (device: 0001:01:00.0)
[2026-08-28 16:21:12.213] [7213] [HailoRT] [info] [edge_elements.cpp:396] [run_pull] Reading from stream was aborted!
[2026-08-28 16:21:12.213] [7213] [HailoRT] [info] [queue_elements.cpp:738] [run_in_thread] run_pull of queue element PullQEl_nms6best/conv63_97 was aborted!
[2026-08-28 16:21:12.213] [7214] [HailoRT] [info] [queue_elements.cpp:68] [operator()] Thread in element UserBufQEl_post_infer0best/yolov8_nms_postprocess is not running anymore, exiting..
[2026-08-28 16:21:12.213] [4623] [HailoRT] [info] [queue_elements.cpp:46] [~BaseQueueElement] Queue element UserBufQEl_post_infer0best/yolov8_nms_postprocess has 0 frames in his Queue on destruction
[2026-08-28 16:21:12.213] [7213] [HailoRT] [info] [queue_elements.cpp:68] [operator()] Thread in element PullQEl_nms6best/conv63_97 is not running anymore, exiting..
[2026-08-28 16:21:12.213] [4623] [HailoRT] [info] [queue_elements.cpp:46] [~BaseQueueElement] Queue element PullQEl_nms6best/conv63_97 has 0 frames in his Queue on destruction
[2026-08-28 16:21:12.213] [7212] [HailoRT] [info] [queue_elements.cpp:68] [operator()] Thread in element PullQEl_nms7best/conv62_97 is not running anymore, exiting..
[2026-08-28 16:21:12.213] [4623] [HailoRT] [info] [queue_elements.cpp:46] [~BaseQueueElement] Queue element PullQEl_nms7best/conv62_97 has 0 frames in his Queue on destruction
[2026-08-28 16:21:12.213] [7211] [HailoRT] [info] [queue_elements.cpp:68] [operator()] Thread in element PullQEl_nms2best/conv53_97 is not running anymore, exiting..
[2026-08-28 16:21:12.213] [4623] [HailoRT] [info] [queue_elements.cpp:46] [~BaseQueueElement] Queue element PullQEl_nms2best/conv53_97 has 0 frames in his Queue on destruction
[2026-08-28 16:21:12.213] [7210] [HailoRT] [info] [queue_elements.cpp:68] [operator()] Thread in element PullQEl_nms4best/conv52_97 is not running anymore, exiting..
[2026-08-28 16:21:12.213] [4623] [HailoRT] [info] [queue_elements.cpp:46] [~BaseQueueElement] Queue element PullQEl_nms4best/conv52_97 has 0 frames in his Queue on destruction
[2026-08-28 16:21:12.213] [7209] [HailoRT] [info] [queue_elements.cpp:68] [operator()] Thread in element PullQEl_nms0best/conv42_97 is not running anymore, exiting..
[2026-08-28 16:21:12.213] [4623] [HailoRT] [info] [queue_elements.cpp:46] [~BaseQueueElement] Queue element PullQEl_nms0best/conv42_97 has 0 frames in his Queue on destruction
[2026-08-28 16:21:12.213] [7208] [HailoRT] [info] [queue_elements.cpp:68] [operator()] Thread in element PullQEl_nms1best/conv41_97 is not running anymore, exiting..
[2026-08-28 16:21:12.213] [4623] [HailoRT] [info] [queue_elements.cpp:46] [~BaseQueueElement] Queue element PullQEl_nms1best/conv41_97 has 0 frames in his Queue on destruction
[2026-08-28 16:21:12.213] [7207] [HailoRT] [info] [queue_elements.cpp:68] [operator()] Thread in element PushQEl3best/input_layer1 is not running anymore, exiting..
[2026-08-28 16:21:12.213] [4623] [HailoRT] [info] [queue_elements.cpp:46] [~BaseQueueElement] Queue element PushQEl3best/input_layer1 has 0 frames in his Queue on destruction
[2026-08-28 16:21:12.213] [4623] [HailoRT] [info] [core_op.cpp:186] [deactivate] Deactivating took 0.411725 ms
[2026-08-28 16:21:12.213] [4623] [HailoRT] [info] [core_op.cpp:186] [deactivate] Deactivating took 0.420076 ms
[2026-08-28 16:21:12.235] [4623] [HailoRT] [info] [core_op.cpp:156] [activate] Activating best took 0.461945 milliseconds. Note that the function is asynchronous and thus the network is not fully activated yet.
[2026-08-28 16:21:12.235] [4623] [HailoRT] [info] [core_op.cpp:156] [activate] Activating best took 0.485722 milliseconds. Note that the function is asynchronous and thus the network is not fully activated yet.
[2026-08-28 16:21:12.235] [4623] [HailoRT] [info] [edge_elements.cpp:52] [create] Created (HwWriteEl3best/input_layer1 | hw_frame_size: 1228800)
[2026-08-28 16:21:12.235] [4623] [HailoRT] [info] [queue_elements.cpp:284] [create] Created (PushQEl3best/input_layer1 | timeout: 10s)
[2026-08-28 16:21:12.235] [4623] [HailoRT] [info] [filter_elements.cpp:101] [create] Created (PreInferEl3best/input_layer1 | Reorder - src_order: NHWC, src_shape: (640, 640, 3), dst_order: NHCW, dst_shape: (640, 640, 3))
[2026-08-28 16:21:12.235] [4623] [HailoRT] [info] [vstream.cpp:754] [InputVStreamImpl] Creating best/input_layer1...
[2026-08-28 16:21:12.235] [4623] [HailoRT] [info] [vstream_builder.cpp:102] [create_inputs] Input pipeline 'best/input_layer1': (PreInferEl3best/input_layer1 | Reorder - src_order: NHWC, src_shape: (640, 640, 3), dst_order: NHCW, dst_shape: (640, 640, 3)) >> (PushQEl3best/input_layer1 | timeout: 10s) >> (HwWriteEl3best/input_layer1 | hw_frame_size: 1228800) >> HW
[2026-08-28 16:21:12.235] [4623] [HailoRT] [info] [multi_io_elements.cpp:135] [create] Created (NmsPPMuxEl0YOLOV8-Post-Process | Op YOLOV8, Name: YOLOV8-Post-Process, Score threshold: 0.250, IoU threshold: 0.70, Classes: 1, Cross classes: false, NMS results order: BY_CLASS, Max bboxes per class: 100, Image height: 640, Image width: 640)
[2026-08-28 16:21:12.235] [4623] [HailoRT] [info] [edge_elements.cpp:287] [create] Created (HwReadEl1best/conv41_97 | hw_frame_size: 409600)
[2026-08-28 16:21:12.235] [4623] [HailoRT] [info] [queue_elements.cpp:657] [create] Created (PullQEl_nms1best/conv41_97 | timeout: 10s)
[2026-08-28 16:21:12.235] [4623] [HailoRT] [info] [edge_elements.cpp:287] [create] Created (HwReadEl0best/conv42_97 | hw_frame_size: 6400)
[2026-08-28 16:21:12.235] [4623] [HailoRT] [info] [queue_elements.cpp:657] [create] Created (PullQEl_nms0best/conv42_97 | timeout: 10s)
[2026-08-28 16:21:12.235] [4623] [HailoRT] [info] [edge_elements.cpp:287] [create] Created (HwReadEl4best/conv52_97 | hw_frame_size: 102400)
[2026-08-28 16:21:12.235] [4623] [HailoRT] [info] [queue_elements.cpp:657] [create] Created (PullQEl_nms4best/conv52_97 | timeout: 10s)
[2026-08-28 16:21:12.235] [4623] [HailoRT] [info] [edge_elements.cpp:287] [create] Created (HwReadEl2best/conv53_97 | hw_frame_size: 1600)
[2026-08-28 16:21:12.235] [4623] [HailoRT] [info] [queue_elements.cpp:657] [create] Created (PullQEl_nms2best/conv53_97 | timeout: 10s)
[2026-08-28 16:21:12.235] [4623] [HailoRT] [info] [edge_elements.cpp:287] [create] Created (HwReadEl7best/conv62_97 | hw_frame_size: 30720)
[2026-08-28 16:21:12.235] [4623] [HailoRT] [info] [queue_elements.cpp:657] [create] Created (PullQEl_nms7best/conv62_97 | timeout: 10s)
[2026-08-28 16:21:12.235] [4623] [HailoRT] [info] [edge_elements.cpp:287] [create] Created (HwReadEl6best/conv63_97 | hw_frame_size: 480)
[2026-08-28 16:21:12.236] [4623] [HailoRT] [info] [queue_elements.cpp:657] [create] Created (PullQEl_nms6best/conv63_97 | timeout: 10s)
[2026-08-28 16:21:12.236] [4623] [HailoRT] [info] [queue_elements.cpp:800] [create] Created (UserBufQEl_post_infer0best/yolov8_nms_postprocess | timeout: 10s)
[2026-08-28 16:21:12.236] [4623] [HailoRT] [info] [vstream.cpp:1114] [OutputVStreamImpl] Creating best/yolov8_nms_postprocess...
[2026-08-28 16:21:12.236] [4623] [HailoRT] [info] [vstream_builder.cpp:622] [create_output_post_process_nms] Output pipeline 'best/yolov8_nms_postprocess': HW >> (HwReadEl1best/conv41_97 | hw_frame_size: 409600) >> (PullQEl_nms1best/conv41_97) >> (HwReadEl0best/conv42_97 | hw_frame_size: 6400) >> (PullQEl_nms0best/conv42_97) >> (HwReadEl4best/conv52_97 | hw_frame_size: 102400) >> (PullQEl_nms4best/conv52_97) >> (HwReadEl2best/conv53_97 | hw_frame_size: 1600) >> (PullQEl_nms2best/conv53_97) >> (HwReadEl7best/conv62_97 | hw_frame_size: 30720) >> (PullQEl_nms7best/conv62_97) >> (HwReadEl6best/conv63_97 | hw_frame_size: 480) >> (PullQEl_nms6best/conv63_97) >> (NmsPPMuxEl0YOLOV8-Post-Process | Op YOLOV8, Name: YOLOV8-Post-Process, Score threshold: 0.250, IoU threshold: 0.70, Classes: 1, Cross classes: false, NMS results order: BY_CLASS, Max bboxes per class: 100, Image height: 640, Image width: 640) >> (UserBufQEl_post_infer0best/yolov8_nms_postprocess | timeout: 10s)
[2026-08-28 16:21:12.246] [7219] [HailoRT] [info] [vdevice_native_stream.cpp:331] [read_impl] Failed read from stream HAILO_STREAM_ABORT(63) (device: 0001:01:00.0)
[2026-08-28 16:21:12.246] [7223] [HailoRT] [info] [vdevice_native_stream.cpp:331] [read_impl] Failed read from stream HAILO_STREAM_ABORT(63) (device: 0001:01:00.0)
[2026-08-28 16:21:12.246] [7219] [HailoRT] [info] [edge_elements.cpp:396] [run_pull] Reading from stream was aborted!
[2026-08-28 16:21:12.246] [7223] [HailoRT] [info] [edge_elements.cpp:396] [run_pull] Reading from stream was aborted!
[2026-08-28 16:21:12.246] [7221] [HailoRT] [info] [vdevice_native_stream.cpp:331] [read_impl] Failed read from stream HAILO_STREAM_ABORT(63) (device: 0001:01:00.0)
[2026-08-28 16:21:12.246] [7221] [HailoRT] [info] [edge_elements.cpp:396] [run_pull] Reading from stream was aborted!
[2026-08-28 16:21:12.246] [7219] [HailoRT] [info] [queue_elements.cpp:738] [run_in_thread] run_pull of queue element PullQEl_nms0best/conv42_97 was aborted!
[2026-08-28 16:21:12.246] [7218] [HailoRT] [info] [vdevice_native_stream.cpp:331] [read_impl] Failed read from stream HAILO_STREAM_ABORT(63) (device: 0001:01:00.0)
[2026-08-28 16:21:12.246] [7223] [HailoRT] [info] [queue_elements.cpp:738] [run_in_thread] run_pull of queue element PullQEl_nms6best/conv63_97 was aborted!
[2026-08-28 16:21:12.246] [7218] [HailoRT] [info] [edge_elements.cpp:396] [run_pull] Reading from stream was aborted!
[2026-08-28 16:21:12.246] [7220] [HailoRT] [info] [vdevice_native_stream.cpp:331] [read_impl] Failed read from stream HAILO_STREAM_ABORT(63) (device: 0001:01:00.0)
[2026-08-28 16:21:12.246] [7222] [HailoRT] [info] [vdevice_native_stream.cpp:331] [read_impl] Failed read from stream HAILO_STREAM_ABORT(63) (device: 0001:01:00.0)
[2026-08-28 16:21:12.246] [7218] [HailoRT] [info] [queue_elements.cpp:738] [run_in_thread] run_pull of queue element PullQEl_nms1best/conv41_97 was aborted!
[2026-08-28 16:21:12.246] [7222] [HailoRT] [info] [edge_elements.cpp:396] [run_pull] Reading from stream was aborted!
[2026-08-28 16:21:12.246] [7220] [HailoRT] [info] [edge_elements.cpp:396] [run_pull] Reading from stream was aborted!
[2026-08-28 16:21:12.246] [7221] [HailoRT] [info] [queue_elements.cpp:738] [run_in_thread] run_pull of queue element PullQEl_nms2best/conv53_97 was aborted!
[2026-08-28 16:21:12.246] [7222] [HailoRT] [info] [queue_elements.cpp:738] [run_in_thread] run_pull of queue element PullQEl_nms7best/conv62_97 was aborted!
[2026-08-28 16:21:12.246] [7220] [HailoRT] [info] [queue_elements.cpp:738] [run_in_thread] run_pull of queue element PullQEl_nms4best/conv52_97 was aborted!
[2026-08-28 16:21:12.246] [7224] [HailoRT] [info] [queue_elements.cpp:68] [operator()] Thread in element UserBufQEl_post_infer0best/yolov8_nms_postprocess is not running anymore, exiting..
[2026-08-28 16:21:12.246] [4623] [HailoRT] [info] [queue_elements.cpp:46] [~BaseQueueElement] Queue element UserBufQEl_post_infer0best/yolov8_nms_postprocess has 0 frames in his Queue on destruction
[2026-08-28 16:21:12.246] [7223] [HailoRT] [info] [queue_elements.cpp:68] [operator()] Thread in element PullQEl_nms6best/conv63_97 is not running anymore, exiting..
[2026-08-28 16:21:12.246] [4623] [HailoRT] [info] [queue_elements.cpp:46] [~BaseQueueElement] Queue element PullQEl_nms6best/conv63_97 has 0 frames in his Queue on destruction
[2026-08-28 16:21:12.246] [7222] [HailoRT] [info] [queue_elements.cpp:68] [operator()] Thread in element PullQEl_nms7best/conv62_97 is not running anymore, exiting..
[2026-08-28 16:21:12.246] [4623] [HailoRT] [info] [queue_elements.cpp:46] [~BaseQueueElement] Queue element PullQEl_nms7best/conv62_97 has 0 frames in his Queue on destruction
[2026-08-28 16:21:12.246] [7221] [HailoRT] [info] [queue_elements.cpp:68] [operator()] Thread in element PullQEl_nms2best/conv53_97 is not running anymore, exiting..
[2026-08-28 16:21:12.246] [4623] [HailoRT] [info] [queue_elements.cpp:46] [~BaseQueueElement] Queue element PullQEl_nms2best/conv53_97 has 0 frames in his Queue on destruction
[2026-08-28 16:21:12.246] [7220] [HailoRT] [info] [queue_elements.cpp:68] [operator()] Thread in element PullQEl_nms4best/conv52_97 is not running anymore, exiting..
[2026-08-28 16:21:12.246] [4623] [HailoRT] [info] [queue_elements.cpp:46] [~BaseQueueElement] Queue element PullQEl_nms4best/conv52_97 has 0 frames in his Queue on destruction
[2026-08-28 16:21:12.246] [7219] [HailoRT] [info] [queue_elements.cpp:68] [operator()] Thread in element PullQEl_nms0best/conv42_97 is not running anymore, exiting..
[2026-08-28 16:21:12.246] [4623] [HailoRT] [info] [queue_elements.cpp:46] [~BaseQueueElement] Queue element PullQEl_nms0best/conv42_97 has 0 frames in his Queue on destruction
[2026-08-28 16:21:12.246] [7218] [HailoRT] [info] [queue_elements.cpp:68] [operator()] Thread in element PullQEl_nms1best/conv41_97 is not running anymore, exiting..
[2026-08-28 16:21:12.246] [4623] [HailoRT] [info] [queue_elements.cpp:46] [~BaseQueueElement] Queue element PullQEl_nms1best/conv41_97 has 0 frames in his Queue on destruction
[2026-08-28 16:21:12.246] [7217] [HailoRT] [info] [queue_elements.cpp:68] [operator()] Thread in element PushQEl3best/input_layer1 is not running anymore, exiting..
[2026-08-28 16:21:12.246] [4623] [HailoRT] [info] [queue_elements.cpp:46] [~BaseQueueElement] Queue element PushQEl3best/input_layer1 has 0 frames in his Queue on destruction
[2026-08-28 16:21:12.247] [4623] [HailoRT] [info] [core_op.cpp:186] [deactivate] Deactivating took 0.403539 ms
[2026-08-28 16:21:12.247] [4623] [HailoRT] [info] [core_op.cpp:186] [deactivate] Deactivating took 0.411706 ms
[2026-08-28 16:21:12.267] [4623] [HailoRT] [info] [core_op.cpp:156] [activate] Activating best took 0.479963 milliseconds. Note that the function is asynchronous and thus the network is not fully activated yet.
[2026-08-28 16:21:12.267] [4623] [HailoRT] [info] [core_op.cpp:156] [activate] Activating best took 0.517851 milliseconds. Note that the function is asynchronous and thus the network is not fully activated yet.
[2026-08-28 16:21:12.267] [4623] [HailoRT] [info] [edge_elements.cpp:52] [create] Created (HwWriteEl3best/input_layer1 | hw_frame_size: 1228800)
[2026-08-28 16:21:12.267] [4623] [HailoRT] [info] [queue_elements.cpp:284] [create] Created (PushQEl3best/input_layer1 | timeout: 10s)
[2026-08-28 16:21:12.267] [4623] [HailoRT] [info] [filter_elements.cpp:101] [create] Created (PreInferEl3best/input_layer1 | Reorder - src_order: NHWC, src_shape: (640, 640, 3), dst_order: NHCW, dst_shape: (640, 640, 3))
[2026-08-28 16:21:12.267] [4623] [HailoRT] [info] [vstream.cpp:754] [InputVStreamImpl] Creating best/input_layer1...
[2026-08-28 16:21:12.267] [4623] [HailoRT] [info] [vstream_builder.cpp:102] [create_inputs] Input pipeline 'best/input_layer1': (PreInferEl3best/input_layer1 | Reorder - src_order: NHWC, src_shape: (640, 640, 3), dst_order: NHCW, dst_shape: (640, 640, 3)) >> (PushQEl3best/input_layer1 | timeout: 10s) >> (HwWriteEl3best/input_layer1 | hw_frame_size: 1228800) >> HW
[2026-08-28 16:21:12.267] [4623] [HailoRT] [info] [multi_io_elements.cpp:135] [create] Created (NmsPPMuxEl0YOLOV8-Post-Process | Op YOLOV8, Name: YOLOV8-Post-Process, Score threshold: 0.250, IoU threshold: 0.70, Classes: 1, Cross classes: false, NMS results order: BY_CLASS, Max bboxes per class: 100, Image height: 640, Image width: 640)
[2026-08-28 16:21:12.267] [4623] [HailoRT] [info] [edge_elements.cpp:287] [create] Created (HwReadEl1best/conv41_97 | hw_frame_size: 409600)
[2026-08-28 16:21:12.267] [4623] [HailoRT] [info] [queue_elements.cpp:657] [create] Created (PullQEl_nms1best/conv41_97 | timeout: 10s)
[2026-08-28 16:21:12.267] [4623] [HailoRT] [info] [edge_elements.cpp:287] [create] Created (HwReadEl0best/conv42_97 | hw_frame_size: 6400)
[2026-08-28 16:21:12.267] [4623] [HailoRT] [info] [queue_elements.cpp:657] [create] Created (PullQEl_nms0best/conv42_97 | timeout: 10s)
[2026-08-28 16:21:12.267] [4623] [HailoRT] [info] [edge_elements.cpp:287] [create] Created (HwReadEl4best/conv52_97 | hw_frame_size: 102400)
[2026-08-28 16:21:12.267] [4623] [HailoRT] [info] [queue_elements.cpp:657] [create] Created (PullQEl_nms4best/conv52_97 | timeout: 10s)
[2026-08-28 16:21:12.267] [4623] [HailoRT] [info] [edge_elements.cpp:287] [create] Created (HwReadEl2best/conv53_97 | hw_frame_size: 1600)
[2026-08-28 16:21:12.267] [4623] [HailoRT] [info] [queue_elements.cpp:657] [create] Created (PullQEl_nms2best/conv53_97 | timeout: 10s)
[2026-08-28 16:21:12.267] [4623] [HailoRT] [info] [edge_elements.cpp:287] [create] Created (HwReadEl7best/conv62_97 | hw_frame_size: 30720)
[2026-08-28 16:21:12.267] [4623] [HailoRT] [info] [queue_elements.cpp:657] [create] Created (PullQEl_nms7best/conv62_97 | timeout: 10s)
[2026-08-28 16:21:12.267] [4623] [HailoRT] [info] [edge_elements.cpp:287] [create] Created (HwReadEl6best/conv63_97 | hw_frame_size: 480)
[2026-08-28 16:21:12.268] [4623] [HailoRT] [info] [queue_elements.cpp:657] [create] Created (PullQEl_nms6best/conv63_97 | timeout: 10s)
[2026-08-28 16:21:12.268] [4623] [HailoRT] [info] [queue_elements.cpp:800] [create] Created (UserBufQEl_post_infer0best/yolov8_nms_postprocess | timeout: 10s)
[2026-08-28 16:21:12.268] [4623] [HailoRT] [info] [vstream.cpp:1114] [OutputVStreamImpl] Creating best/yolov8_nms_postprocess...
[2026-08-28 16:21:12.268] [4623] [HailoRT] [info] [vstream_builder.cpp:622] [create_output_post_process_nms] Output pipeline 'best/yolov8_nms_postprocess': HW >> (HwReadEl1best/conv41_97 | hw_frame_size: 409600) >> (PullQEl_nms1best/conv41_97) >> (HwReadEl0best/conv42_97 | hw_frame_size: 6400) >> (PullQEl_nms0best/conv42_97) >> (HwReadEl4best/conv52_97 | hw_frame_size: 102400) >> (PullQEl_nms4best/conv52_97) >> (HwReadEl2best/conv53_97 | hw_frame_size: 1600) >> (PullQEl_nms2best/conv53_97) >> (HwReadEl7best/conv62_97 | hw_frame_size: 30720) >> (PullQEl_nms7best/conv62_97) >> (HwReadEl6best/conv63_97 | hw_frame_size: 480) >> (PullQEl_nms6best/conv63_97) >> (NmsPPMuxEl0YOLOV8-Post-Process | Op YOLOV8, Name: YOLOV8-Post-Process, Score threshold: 0.250, IoU threshold: 0.70, Classes: 1, Cross classes: false, NMS results order: BY_CLASS, Max bboxes per class: 100, Image height: 640, Image width: 640) >> (UserBufQEl_post_infer0best/yolov8_nms_postprocess | timeout: 10s)
[2026-08-28 16:21:12.278] [7228] [HailoRT] [info] [vdevice_native_stream.cpp:331] [read_impl] Failed read from stream HAILO_STREAM_ABORT(63) (device: 0001:01:00.0)
[2026-08-28 16:21:12.278] [7228] [HailoRT] [info] [edge_elements.cpp:396] [run_pull] Reading from stream was aborted!
[2026-08-28 16:21:12.278] [7230] [HailoRT] [info] [vdevice_native_stream.cpp:331] [read_impl] Failed read from stream HAILO_STREAM_ABORT(63) (device: 0001:01:00.0)
[2026-08-28 16:21:12.278] [7233] [HailoRT] [info] [vdevice_native_stream.cpp:331] [read_impl] Failed read from stream HAILO_STREAM_ABORT(63) (device: 0001:01:00.0)
[2026-08-28 16:21:12.278] [7233] [HailoRT] [info] [edge_elements.cpp:396] [run_pull] Reading from stream was aborted!
[2026-08-28 16:21:12.278] [7232] [HailoRT] [info] [vdevice_native_stream.cpp:331] [read_impl] Failed read from stream HAILO_STREAM_ABORT(63) (device: 0001:01:00.0)
[2026-08-28 16:21:12.278] [7232] [HailoRT] [info] [edge_elements.cpp:396] [run_pull] Reading from stream was aborted!
[2026-08-28 16:21:12.278] [7231] [HailoRT] [info] [vdevice_native_stream.cpp:331] [read_impl] Failed read from stream HAILO_STREAM_ABORT(63) (device: 0001:01:00.0)
[2026-08-28 16:21:12.278] [7233] [HailoRT] [info] [queue_elements.cpp:738] [run_in_thread] run_pull of queue element PullQEl_nms6best/conv63_97 was aborted!
[2026-08-28 16:21:12.278] [7232] [HailoRT] [info] [queue_elements.cpp:738] [run_in_thread] run_pull of queue element PullQEl_nms7best/conv62_97 was aborted!
[2026-08-28 16:21:12.278] [7230] [HailoRT] [info] [edge_elements.cpp:396] [run_pull] Reading from stream was aborted!
[2026-08-28 16:21:12.278] [7231] [HailoRT] [info] [edge_elements.cpp:396] [run_pull] Reading from stream was aborted!
[2026-08-28 16:21:12.278] [7230] [HailoRT] [info] [queue_elements.cpp:738] [run_in_thread] run_pull of queue element PullQEl_nms4best/conv52_97 was aborted!
[2026-08-28 16:21:12.278] [7231] [HailoRT] [info] [queue_elements.cpp:738] [run_in_thread] run_pull of queue element PullQEl_nms2best/conv53_97 was aborted!
[2026-08-28 16:21:12.278] [7229] [HailoRT] [info] [vdevice_native_stream.cpp:331] [read_impl] Failed read from stream HAILO_STREAM_ABORT(63) (device: 0001:01:00.0)
[2026-08-28 16:21:12.278] [7229] [HailoRT] [info] [edge_elements.cpp:396] [run_pull] Reading from stream was aborted!
[2026-08-28 16:21:12.278] [7228] [HailoRT] [info] [queue_elements.cpp:738] [run_in_thread] run_pull of queue element PullQEl_nms1best/conv41_97 was aborted!
[2026-08-28 16:21:12.278] [7229] [HailoRT] [info] [queue_elements.cpp:738] [run_in_thread] run_pull of queue element PullQEl_nms0best/conv42_97 was aborted!
[2026-08-28 16:21:12.278] [7234] [HailoRT] [info] [queue_elements.cpp:68] [operator()] Thread in element UserBufQEl_post_infer0best/yolov8_nms_postprocess is not running anymore, exiting..
[2026-08-28 16:21:12.278] [4623] [HailoRT] [info] [queue_elements.cpp:46] [~BaseQueueElement] Queue element UserBufQEl_post_infer0best/yolov8_nms_postprocess has 0 frames in his Queue on destruction
[2026-08-28 16:21:12.278] [7233] [HailoRT] [info] [queue_elements.cpp:68] [operator()] Thread in element PullQEl_nms6best/conv63_97 is not running anymore, exiting..
[2026-08-28 16:21:12.278] [4623] [HailoRT] [info] [queue_elements.cpp:46] [~BaseQueueElement] Queue element PullQEl_nms6best/conv63_97 has 0 frames in his Queue on destruction
[2026-08-28 16:21:12.278] [7232] [HailoRT] [info] [queue_elements.cpp:68] [operator()] Thread in element PullQEl_nms7best/conv62_97 is not running anymore, exiting..
[2026-08-28 16:21:12.278] [4623] [HailoRT] [info] [queue_elements.cpp:46] [~BaseQueueElement] Queue element PullQEl_nms7best/conv62_97 has 0 frames in his Queue on destruction
[2026-08-28 16:21:12.278] [7231] [HailoRT] [info] [queue_elements.cpp:68] [operator()] Thread in element PullQEl_nms2best/conv53_97 is not running anymore, exiting..
[2026-08-28 16:21:12.278] [4623] [HailoRT] [info] [queue_elements.cpp:46] [~BaseQueueElement] Queue element PullQEl_nms2best/conv53_97 has 0 frames in his Queue on destruction
[2026-08-28 16:21:12.278] [7230] [HailoRT] [info] [queue_elements.cpp:68] [operator()] Thread in element PullQEl_nms4best/conv52_97 is not running anymore, exiting..
[2026-08-28 16:21:12.278] [4623] [HailoRT] [info] [queue_elements.cpp:46] [~BaseQueueElement] Queue element PullQEl_nms4best/conv52_97 has 0 frames in his Queue on destruction
[2026-08-28 16:21:12.278] [7229] [HailoRT] [info] [queue_elements.cpp:68] [operator()] Thread in element PullQEl_nms0best/conv42_97 is not running anymore, exiting..
[2026-08-28 16:21:12.278] [4623] [HailoRT] [info] [queue_elements.cpp:46] [~BaseQueueElement] Queue element PullQEl_nms0best/conv42_97 has 0 frames in his Queue on destruction
[2026-08-28 16:21:12.278] [7228] [HailoRT] [info] [queue_elements.cpp:68] [operator()] Thread in element PullQEl_nms1best/conv41_97 is not running anymore, exiting..
[2026-08-28 16:21:12.278] [4623] [HailoRT] [info] [queue_elements.cpp:46] [~BaseQueueElement] Queue element PullQEl_nms1best/conv41_97 has 0 frames in his Queue on destruction
[2026-08-28 16:21:12.278] [7227] [HailoRT] [info] [queue_elements.cpp:68] [operator()] Thread in element PushQEl3best/input_layer1 is not running anymore, exiting..
[2026-08-28 16:21:12.278] [4623] [HailoRT] [info] [queue_elements.cpp:46] [~BaseQueueElement] Queue element PushQEl3best/input_layer1 has 0 frames in his Queue on destruction
[2026-08-28 16:21:12.279] [4623] [HailoRT] [info] [core_op.cpp:186] [deactivate] Deactivating took 0.404502 ms
[2026-08-28 16:21:12.279] [4623] [HailoRT] [info] [core_op.cpp:186] [deactivate] Deactivating took 0.413446 ms
[2026-08-28 16:21:12.300] [4623] [HailoRT] [info] [core_op.cpp:156] [activate] Activating best took 0.451686 milliseconds. Note that the function is asynchronous and thus the network is not fully activated yet.
[2026-08-28 16:21:12.300] [4623] [HailoRT] [info] [core_op.cpp:156] [activate] Activating best took 0.470148 milliseconds. Note that the function is asynchronous and thus the network is not fully activated yet.
[2026-08-28 16:21:12.300] [4623] [HailoRT] [info] [edge_elements.cpp:52] [create] Created (HwWriteEl3best/input_layer1 | hw_frame_size: 1228800)
[2026-08-28 16:21:12.300] [4623] [HailoRT] [info] [queue_elements.cpp:284] [create] Created (PushQEl3best/input_layer1 | timeout: 10s)
[2026-08-28 16:21:12.300] [4623] [HailoRT] [info] [filter_elements.cpp:101] [create] Created (PreInferEl3best/input_layer1 | Reorder - src_order: NHWC, src_shape: (640, 640, 3), dst_order: NHCW, dst_shape: (640, 640, 3))
[2026-08-28 16:21:12.300] [4623] [HailoRT] [info] [vstream.cpp:754] [InputVStreamImpl] Creating best/input_layer1...
[2026-08-28 16:21:12.300] [4623] [HailoRT] [info] [vstream_builder.cpp:102] [create_inputs] Input pipeline 'best/input_layer1': (PreInferEl3best/input_layer1 | Reorder - src_order: NHWC, src_shape: (640, 640, 3), dst_order: NHCW, dst_shape: (640, 640, 3)) >> (PushQEl3best/input_layer1 | timeout: 10s) >> (HwWriteEl3best/input_layer1 | hw_frame_size: 1228800) >> HW
[2026-08-28 16:21:12.300] [4623] [HailoRT] [info] [multi_io_elements.cpp:135] [create] Created (NmsPPMuxEl0YOLOV8-Post-Process | Op YOLOV8, Name: YOLOV8-Post-Process, Score threshold: 0.250, IoU threshold: 0.70, Classes: 1, Cross classes: false, NMS results order: BY_CLASS, Max bboxes per class: 100, Image height: 640, Image width: 640)
[2026-08-28 16:21:12.300] [4623] [HailoRT] [info] [edge_elements.cpp:287] [create] Created (HwReadEl1best/conv41_97 | hw_frame_size: 409600)
[2026-08-28 16:21:12.300] [4623] [HailoRT] [info] [queue_elements.cpp:657] [create] Created (PullQEl_nms1best/conv41_97 | timeout: 10s)
[2026-08-28 16:21:12.300] [4623] [HailoRT] [info] [edge_elements.cpp:287] [create] Created (HwReadEl0best/conv42_97 | hw_frame_size: 6400)
[2026-08-28 16:21:12.301] [4623] [HailoRT] [info] [queue_elements.cpp:657] [create] Created (PullQEl_nms0best/conv42_97 | timeout: 10s)
[2026-08-28 16:21:12.301] [4623] [HailoRT] [info] [edge_elements.cpp:287] [create] Created (HwReadEl4best/conv52_97 | hw_frame_size: 102400)
[2026-08-28 16:21:12.301] [4623] [HailoRT] [info] [queue_elements.cpp:657] [create] Created (PullQEl_nms4best/conv52_97 | timeout: 10s)
[2026-08-28 16:21:12.301] [4623] [HailoRT] [info] [edge_elements.cpp:287] [create] Created (HwReadEl2best/conv53_97 | hw_frame_size: 1600)
[2026-08-28 16:21:12.301] [4623] [HailoRT] [info] [queue_elements.cpp:657] [create] Created (PullQEl_nms2best/conv53_97 | timeout: 10s)
[2026-08-28 16:21:12.301] [4623] [HailoRT] [info] [edge_elements.cpp:287] [create] Created (HwReadEl7best/conv62_97 | hw_frame_size: 30720)
[2026-08-28 16:21:12.301] [4623] [HailoRT] [info] [queue_elements.cpp:657] [create] Created (PullQEl_nms7best/conv62_97 | timeout: 10s)
[2026-08-28 16:21:12.301] [4623] [HailoRT] [info] [edge_elements.cpp:287] [create] Created (HwReadEl6best/conv63_97 | hw_frame_size: 480)
[2026-08-28 16:21:12.301] [4623] [HailoRT] [info] [queue_elements.cpp:657] [create] Created (PullQEl_nms6best/conv63_97 | timeout: 10s)
[2026-08-28 16:21:12.301] [4623] [HailoRT] [info] [queue_elements.cpp:800] [create] Created (UserBufQEl_post_infer0best/yolov8_nms_postprocess | timeout: 10s)
[2026-08-28 16:21:12.301] [4623] [HailoRT] [info] [vstream.cpp:1114] [OutputVStreamImpl] Creating best/yolov8_nms_postprocess...
[2026-08-28 16:21:12.301] [4623] [HailoRT] [info] [vstream_builder.cpp:622] [create_output_post_process_nms] Output pipeline 'best/yolov8_nms_postprocess': HW >> (HwReadEl1best/conv41_97 | hw_frame_size: 409600) >> (PullQEl_nms1best/conv41_97) >> (HwReadEl0best/conv42_97 | hw_frame_size: 6400) >> (PullQEl_nms0best/conv42_97) >> (HwReadEl4best/conv52_97 | hw_frame_size: 102400) >> (PullQEl_nms4best/conv52_97) >> (HwReadEl2best/conv53_97 | hw_frame_size: 1600) >> (PullQEl_nms2best/conv53_97) >> (HwReadEl7best/conv62_97 | hw_frame_size: 30720) >> (PullQEl_nms7best/conv62_97) >> (HwReadEl6best/conv63_97 | hw_frame_size: 480) >> (PullQEl_nms6best/conv63_97) >> (NmsPPMuxEl0YOLOV8-Post-Process | Op YOLOV8, Name: YOLOV8-Post-Process, Score threshold: 0.250, IoU threshold: 0.70, Classes: 1, Cross classes: false, NMS results order: BY_CLASS, Max bboxes per class: 100, Image height: 640, Image width: 640) >> (UserBufQEl_post_infer0best/yolov8_nms_postprocess | timeout: 10s)
[2026-08-28 16:21:12.311] [7239] [HailoRT] [info] [vdevice_native_stream.cpp:331] [read_impl] Failed read from stream HAILO_STREAM_ABORT(63) (device: 0001:01:00.0)
[2026-08-28 16:21:12.311] [7242] [HailoRT] [info] [vdevice_native_stream.cpp:331] [read_impl] Failed read from stream HAILO_STREAM_ABORT(63) (device: 0001:01:00.0)
[2026-08-28 16:21:12.311] [7242] [HailoRT] [info] [edge_elements.cpp:396] [run_pull] Reading from stream was aborted!
[2026-08-28 16:21:12.311] [7243] [HailoRT] [info] [vdevice_native_stream.cpp:331] [read_impl] Failed read from stream HAILO_STREAM_ABORT(63) (device: 0001:01:00.0)
[2026-08-28 16:21:12.311] [7242] [HailoRT] [info] [queue_elements.cpp:738] [run_in_thread] run_pull of queue element PullQEl_nms7best/conv62_97 was aborted!
[2026-08-28 16:21:12.311] [7243] [HailoRT] [info] [edge_elements.cpp:396] [run_pull] Reading from stream was aborted!
[2026-08-28 16:21:12.311] [7238] [HailoRT] [info] [vdevice_native_stream.cpp:331] [read_impl] Failed read from stream HAILO_STREAM_ABORT(63) (device: 0001:01:00.0)
[2026-08-28 16:21:12.311] [7238] [HailoRT] [info] [edge_elements.cpp:396] [run_pull] Reading from stream was aborted!
[2026-08-28 16:21:12.311] [7239] [HailoRT] [info] [edge_elements.cpp:396] [run_pull] Reading from stream was aborted!
[2026-08-28 16:21:12.311] [7240] [HailoRT] [info] [vdevice_native_stream.cpp:331] [read_impl] Failed read from stream HAILO_STREAM_ABORT(63) (device: 0001:01:00.0)
[2026-08-28 16:21:12.311] [7240] [HailoRT] [info] [edge_elements.cpp:396] [run_pull] Reading from stream was aborted!
[2026-08-28 16:21:12.311] [7241] [HailoRT] [info] [vdevice_native_stream.cpp:331] [read_impl] Failed read from stream HAILO_STREAM_ABORT(63) (device: 0001:01:00.0)
[2026-08-28 16:21:12.311] [7241] [HailoRT] [info] [edge_elements.cpp:396] [run_pull] Reading from stream was aborted!
[2026-08-28 16:21:12.311] [7240] [HailoRT] [info] [queue_elements.cpp:738] [run_in_thread] run_pull of queue element PullQEl_nms4best/conv52_97 was aborted!
[2026-08-28 16:21:12.311] [7241] [HailoRT] [info] [queue_elements.cpp:738] [run_in_thread] run_pull of queue element PullQEl_nms2best/conv53_97 was aborted!
[2026-08-28 16:21:12.311] [7243] [HailoRT] [info] [queue_elements.cpp:738] [run_in_thread] run_pull of queue element PullQEl_nms6best/conv63_97 was aborted!
[2026-08-28 16:21:12.311] [7238] [HailoRT] [info] [queue_elements.cpp:738] [run_in_thread] run_pull of queue element PullQEl_nms1best/conv41_97 was aborted!
[2026-08-28 16:21:12.311] [7239] [HailoRT] [info] [queue_elements.cpp:738] [run_in_thread] run_pull of queue element PullQEl_nms0best/conv42_97 was aborted!
[2026-08-28 16:21:12.311] [7244] [HailoRT] [info] [queue_elements.cpp:68] [operator()] Thread in element UserBufQEl_post_infer0best/yolov8_nms_postprocess is not running anymore, exiting..
[2026-08-28 16:21:12.311] [4623] [HailoRT] [info] [queue_elements.cpp:46] [~BaseQueueElement] Queue element UserBufQEl_post_infer0best/yolov8_nms_postprocess has 0 frames in his Queue on destruction
[2026-08-28 16:21:12.311] [7243] [HailoRT] [info] [queue_elements.cpp:68] [operator()] Thread in element PullQEl_nms6best/conv63_97 is not running anymore, exiting..
[2026-08-28 16:21:12.311] [4623] [HailoRT] [info] [queue_elements.cpp:46] [~BaseQueueElement] Queue element PullQEl_nms6best/conv63_97 has 0 frames in his Queue on destruction
[2026-08-28 16:21:12.311] [7242] [HailoRT] [info] [queue_elements.cpp:68] [operator()] Thread in element PullQEl_nms7best/conv62_97 is not running anymore, exiting..
[2026-08-28 16:21:12.311] [4623] [HailoRT] [info] [queue_elements.cpp:46] [~BaseQueueElement] Queue element PullQEl_nms7best/conv62_97 has 0 frames in his Queue on destruction
[2026-08-28 16:21:12.311] [7241] [HailoRT] [info] [queue_elements.cpp:68] [operator()] Thread in element PullQEl_nms2best/conv53_97 is not running anymore, exiting..
[2026-08-28 16:21:12.311] [4623] [HailoRT] [info] [queue_elements.cpp:46] [~BaseQueueElement] Queue element PullQEl_nms2best/conv53_97 has 0 frames in his Queue on destruction
[2026-08-28 16:21:12.311] [7240] [HailoRT] [info] [queue_elements.cpp:68] [operator()] Thread in element PullQEl_nms4best/conv52_97 is not running anymore, exiting..
[2026-08-28 16:21:12.311] [4623] [HailoRT] [info] [queue_elements.cpp:46] [~BaseQueueElement] Queue element PullQEl_nms4best/conv52_97 has 0 frames in his Queue on destruction
[2026-08-28 16:21:12.311] [7239] [HailoRT] [info] [queue_elements.cpp:68] [operator()] Thread in element PullQEl_nms0best/conv42_97 is not running anymore, exiting..
[2026-08-28 16:21:12.311] [4623] [HailoRT] [info] [queue_elements.cpp:46] [~BaseQueueElement] Queue element PullQEl_nms0best/conv42_97 has 0 frames in his Queue on destruction
[2026-08-28 16:21:12.311] [7238] [HailoRT] [info] [queue_elements.cpp:68] [operator()] Thread in element PullQEl_nms1best/conv41_97 is not running anymore, exiting..
[2026-08-28 16:21:12.312] [4623] [HailoRT] [info] [queue_elements.cpp:46] [~BaseQueueElement] Queue element PullQEl_nms1best/conv41_97 has 0 frames in his Queue on destruction
[2026-08-28 16:21:12.312] [7237] [HailoRT] [info] [queue_elements.cpp:68] [operator()] Thread in element PushQEl3best/input_layer1 is not running anymore, exiting..
[2026-08-28 16:21:12.312] [4623] [HailoRT] [info] [queue_elements.cpp:46] [~BaseQueueElement] Queue element PushQEl3best/input_layer1 has 0 frames in his Queue on destruction
[2026-08-28 16:21:12.312] [4623] [HailoRT] [info] [core_op.cpp:186] [deactivate] Deactivating took 0.399354 ms
[2026-08-28 16:21:12.312] [4623] [HailoRT] [info] [core_op.cpp:186] [deactivate] Deactivating took 0.408169 ms
[2026-08-28 16:21:12.333] [4623] [HailoRT] [info] [core_op.cpp:156] [activate] Activating best took 0.481334 milliseconds. Note that the function is asynchronous and thus the network is not fully activated yet.
[2026-08-28 16:21:12.333] [4623] [HailoRT] [info] [core_op.cpp:156] [activate] Activating best took 0.50198 milliseconds. Note that the function is asynchronous and thus the network is not fully activated yet.
[2026-08-28 16:21:12.333] [4623] [HailoRT] [info] [edge_elements.cpp:52] [create] Created (HwWriteEl3best/input_layer1 | hw_frame_size: 1228800)
[2026-08-28 16:21:12.333] [4623] [HailoRT] [info] [queue_elements.cpp:284] [create] Created (PushQEl3best/input_layer1 | timeout: 10s)
[2026-08-28 16:21:12.333] [4623] [HailoRT] [info] [filter_elements.cpp:101] [create] Created (PreInferEl3best/input_layer1 | Reorder - src_order: NHWC, src_shape: (640, 640, 3), dst_order: NHCW, dst_shape: (640, 640, 3))
[2026-08-28 16:21:12.333] [4623] [HailoRT] [info] [vstream.cpp:754] [InputVStreamImpl] Creating best/input_layer1...
[2026-08-28 16:21:12.333] [4623] [HailoRT] [info] [vstream_builder.cpp:102] [create_inputs] Input pipeline 'best/input_layer1': (PreInferEl3best/input_layer1 | Reorder - src_order: NHWC, src_shape: (640, 640, 3), dst_order: NHCW, dst_shape: (640, 640, 3)) >> (PushQEl3best/input_layer1 | timeout: 10s) >> (HwWriteEl3best/input_layer1 | hw_frame_size: 1228800) >> HW
[2026-08-28 16:21:12.333] [4623] [HailoRT] [info] [multi_io_elements.cpp:135] [create] Created (NmsPPMuxEl0YOLOV8-Post-Process | Op YOLOV8, Name: YOLOV8-Post-Process, Score threshold: 0.250, IoU threshold: 0.70, Classes: 1, Cross classes: false, NMS results order: BY_CLASS, Max bboxes per class: 100, Image height: 640, Image width: 640)
[2026-08-28 16:21:12.333] [4623] [HailoRT] [info] [edge_elements.cpp:287] [create] Created (HwReadEl1best/conv41_97 | hw_frame_size: 409600)
[2026-08-28 16:21:12.334] [4623] [HailoRT] [info] [queue_elements.cpp:657] [create] Created (PullQEl_nms1best/conv41_97 | timeout: 10s)
[2026-08-28 16:21:12.334] [4623] [HailoRT] [info] [edge_elements.cpp:287] [create] Created (HwReadEl0best/conv42_97 | hw_frame_size: 6400)
[2026-08-28 16:21:12.334] [4623] [HailoRT] [info] [queue_elements.cpp:657] [create] Created (PullQEl_nms0best/conv42_97 | timeout: 10s)
[2026-08-28 16:21:12.334] [4623] [HailoRT] [info] [edge_elements.cpp:287] [create] Created (HwReadEl4best/conv52_97 | hw_frame_size: 102400)
[2026-08-28 16:21:12.334] [4623] [HailoRT] [info] [queue_elements.cpp:657] [create] Created (PullQEl_nms4best/conv52_97 | timeout: 10s)
[2026-08-28 16:21:12.334] [4623] [HailoRT] [info] [edge_elements.cpp:287] [create] Created (HwReadEl2best/conv53_97 | hw_frame_size: 1600)
[2026-08-28 16:21:12.334] [4623] [HailoRT] [info] [queue_elements.cpp:657] [create] Created (PullQEl_nms2best/conv53_97 | timeout: 10s)
[2026-08-28 16:21:12.334] [4623] [HailoRT] [info] [edge_elements.cpp:287] [create] Created (HwReadEl7best/conv62_97 | hw_frame_size: 30720)
[2026-08-28 16:21:12.334] [4623] [HailoRT] [info] [queue_elements.cpp:657] [create] Created (PullQEl_nms7best/conv62_97 | timeout: 10s)
[2026-08-28 16:21:12.334] [4623] [HailoRT] [info] [edge_elements.cpp:287] [create] Created (HwReadEl6best/conv63_97 | hw_frame_size: 480)
[2026-08-28 16:21:12.334] [4623] [HailoRT] [info] [queue_elements.cpp:657] [create] Created (PullQEl_nms6best/conv63_97 | timeout: 10s)
[2026-08-28 16:21:12.334] [4623] [HailoRT] [info] [queue_elements.cpp:800] [create] Created (UserBufQEl_post_infer0best/yolov8_nms_postprocess | timeout: 10s)
[2026-08-28 16:21:12.334] [4623] [HailoRT] [info] [vstream.cpp:1114] [OutputVStreamImpl] Creating best/yolov8_nms_postprocess...
[2026-08-28 16:21:12.334] [4623] [HailoRT] [info] [vstream_builder.cpp:622] [create_output_post_process_nms] Output pipeline 'best/yolov8_nms_postprocess': HW >> (HwReadEl1best/conv41_97 | hw_frame_size: 409600) >> (PullQEl_nms1best/conv41_97) >> (HwReadEl0best/conv42_97 | hw_frame_size: 6400) >> (PullQEl_nms0best/conv42_97) >> (HwReadEl4best/conv52_97 | hw_frame_size: 102400) >> (PullQEl_nms4best/conv52_97) >> (HwReadEl2best/conv53_97 | hw_frame_size: 1600) >> (PullQEl_nms2best/conv53_97) >> (HwReadEl7best/conv62_97 | hw_frame_size: 30720) >> (PullQEl_nms7best/conv62_97) >> (HwReadEl6best/conv63_97 | hw_frame_size: 480) >> (PullQEl_nms6best/conv63_97) >> (NmsPPMuxEl0YOLOV8-Post-Process | Op YOLOV8, Name: YOLOV8-Post-Process, Score threshold: 0.250, IoU threshold: 0.70, Classes: 1, Cross classes: false, NMS results order: BY_CLASS, Max bboxes per class: 100, Image height: 640, Image width: 640) >> (UserBufQEl_post_infer0best/yolov8_nms_postprocess | timeout: 10s)
[2026-08-28 16:21:12.344] [7248] [HailoRT] [info] [vdevice_native_stream.cpp:331] [read_impl] Failed read from stream HAILO_STREAM_ABORT(63) (device: 0001:01:00.0)
[2026-08-28 16:21:12.344] [7251] [HailoRT] [info] [vdevice_native_stream.cpp:331] [read_impl] Failed read from stream HAILO_STREAM_ABORT(63) (device: 0001:01:00.0)
[2026-08-28 16:21:12.344] [7248] [HailoRT] [info] [edge_elements.cpp:396] [run_pull] Reading from stream was aborted!
[2026-08-28 16:21:12.344] [7251] [HailoRT] [info] [edge_elements.cpp:396] [run_pull] Reading from stream was aborted!
[2026-08-28 16:21:12.344] [7253] [HailoRT] [info] [vdevice_native_stream.cpp:331] [read_impl] Failed read from stream HAILO_STREAM_ABORT(63) (device: 0001:01:00.0)
[2026-08-28 16:21:12.344] [7251] [HailoRT] [info] [queue_elements.cpp:738] [run_in_thread] run_pull of queue element PullQEl_nms2best/conv53_97 was aborted!
[2026-08-28 16:21:12.344] [7250] [HailoRT] [info] [vdevice_native_stream.cpp:331] [read_impl] Failed read from stream HAILO_STREAM_ABORT(63) (device: 0001:01:00.0)
[2026-08-28 16:21:12.344] [7252] [HailoRT] [info] [vdevice_native_stream.cpp:331] [read_impl] Failed read from stream HAILO_STREAM_ABORT(63) (device: 0001:01:00.0)
[2026-08-28 16:21:12.344] [7248] [HailoRT] [info] [queue_elements.cpp:738] [run_in_thread] run_pull of queue element PullQEl_nms1best/conv41_97 was aborted!
[2026-08-28 16:21:12.344] [7253] [HailoRT] [info] [edge_elements.cpp:396] [run_pull] Reading from stream was aborted!
[2026-08-28 16:21:12.344] [7249] [HailoRT] [info] [vdevice_native_stream.cpp:331] [read_impl] Failed read from stream HAILO_STREAM_ABORT(63) (device: 0001:01:00.0)
[2026-08-28 16:21:12.344] [7250] [HailoRT] [info] [edge_elements.cpp:396] [run_pull] Reading from stream was aborted!
[2026-08-28 16:21:12.344] [7249] [HailoRT] [info] [edge_elements.cpp:396] [run_pull] Reading from stream was aborted!
[2026-08-28 16:21:12.344] [7252] [HailoRT] [info] [edge_elements.cpp:396] [run_pull] Reading from stream was aborted!
[2026-08-28 16:21:12.344] [7252] [HailoRT] [info] [queue_elements.cpp:738] [run_in_thread] run_pull of queue element PullQEl_nms7best/conv62_97 was aborted!
[2026-08-28 16:21:12.344] [7250] [HailoRT] [info] [queue_elements.cpp:738] [run_in_thread] run_pull of queue element PullQEl_nms4best/conv52_97 was aborted!
[2026-08-28 16:21:12.344] [7253] [HailoRT] [info] [queue_elements.cpp:738] [run_in_thread] run_pull of queue element PullQEl_nms6best/conv63_97 was aborted!
[2026-08-28 16:21:12.344] [7249] [HailoRT] [info] [queue_elements.cpp:738] [run_in_thread] run_pull of queue element PullQEl_nms0best/conv42_97 was aborted!
[2026-08-28 16:21:12.344] [7254] [HailoRT] [info] [queue_elements.cpp:68] [operator()] Thread in element UserBufQEl_post_infer0best/yolov8_nms_postprocess is not running anymore, exiting..
[2026-08-28 16:21:12.345] [4623] [HailoRT] [info] [queue_elements.cpp:46] [~BaseQueueElement] Queue element UserBufQEl_post_infer0best/yolov8_nms_postprocess has 0 frames in his Queue on destruction
[2026-08-28 16:21:12.345] [7253] [HailoRT] [info] [queue_elements.cpp:68] [operator()] Thread in element PullQEl_nms6best/conv63_97 is not running anymore, exiting..
[2026-08-28 16:21:12.345] [4623] [HailoRT] [info] [queue_elements.cpp:46] [~BaseQueueElement] Queue element PullQEl_nms6best/conv63_97 has 0 frames in his Queue on destruction
[2026-08-28 16:21:12.345] [7252] [HailoRT] [info] [queue_elements.cpp:68] [operator()] Thread in element PullQEl_nms7best/conv62_97 is not running anymore, exiting..
[2026-08-28 16:21:12.345] [4623] [HailoRT] [info] [queue_elements.cpp:46] [~BaseQueueElement] Queue element PullQEl_nms7best/conv62_97 has 0 frames in his Queue on destruction
[2026-08-28 16:21:12.345] [7251] [HailoRT] [info] [queue_elements.cpp:68] [operator()] Thread in element PullQEl_nms2best/conv53_97 is not running anymore, exiting..
[2026-08-28 16:21:12.345] [4623] [HailoRT] [info] [queue_elements.cpp:46] [~BaseQueueElement] Queue element PullQEl_nms2best/conv53_97 has 0 frames in his Queue on destruction
[2026-08-28 16:21:12.345] [7250] [HailoRT] [info] [queue_elements.cpp:68] [operator()] Thread in element PullQEl_nms4best/conv52_97 is not running anymore, exiting..
[2026-08-28 16:21:12.345] [4623] [HailoRT] [info] [queue_elements.cpp:46] [~BaseQueueElement] Queue element PullQEl_nms4best/conv52_97 has 0 frames in his Queue on destruction
[2026-08-28 16:21:12.345] [7249] [HailoRT] [info] [queue_elements.cpp:68] [operator()] Thread in element PullQEl_nms0best/conv42_97 is not running anymore, exiting..
[2026-08-28 16:21:12.345] [4623] [HailoRT] [info] [queue_elements.cpp:46] [~BaseQueueElement] Queue element PullQEl_nms0best/conv42_97 has 0 frames in his Queue on destruction
[2026-08-28 16:21:12.345] [7248] [HailoRT] [info] [queue_elements.cpp:68] [operator()] Thread in element PullQEl_nms1best/conv41_97 is not running anymore, exiting..
[2026-08-28 16:21:12.345] [4623] [HailoRT] [info] [queue_elements.cpp:46] [~BaseQueueElement] Queue element PullQEl_nms1best/conv41_97 has 0 frames in his Queue on destruction
[2026-08-28 16:21:12.345] [7247] [HailoRT] [info] [queue_elements.cpp:68] [operator()] Thread in element PushQEl3best/input_layer1 is not running anymore, exiting..
[2026-08-28 16:21:12.345] [4623] [HailoRT] [info] [queue_elements.cpp:46] [~BaseQueueElement] Queue element PushQEl3best/input_layer1 has 0 frames in his Queue on destruction
[2026-08-28 16:21:12.345] [4623] [HailoRT] [info] [core_op.cpp:186] [deactivate] Deactivating took 0.403003 ms
[2026-08-28 16:21:12.345] [4623] [HailoRT] [info] [core_op.cpp:186] [deactivate] Deactivating took 0.411243 ms
[2026-08-28 16:21:12.367] [4623] [HailoRT] [info] [core_op.cpp:156] [activate] Activating best took 0.466278 milliseconds. Note that the function is asynchronous and thus the network is not fully activated yet.
[2026-08-28 16:21:12.367] [4623] [HailoRT] [info] [core_op.cpp:156] [activate] Activating best took 0.492092 milliseconds. Note that the function is asynchronous and thus the network is not fully activated yet.
[2026-08-28 16:21:12.367] [4623] [HailoRT] [info] [edge_elements.cpp:52] [create] Created (HwWriteEl3best/input_layer1 | hw_frame_size: 1228800)
[2026-08-28 16:21:12.368] [4623] [HailoRT] [info] [queue_elements.cpp:284] [create] Created (PushQEl3best/input_layer1 | timeout: 10s)
[2026-08-28 16:21:12.368] [4623] [HailoRT] [info] [filter_elements.cpp:101] [create] Created (PreInferEl3best/input_layer1 | Reorder - src_order: NHWC, src_shape: (640, 640, 3), dst_order: NHCW, dst_shape: (640, 640, 3))
[2026-08-28 16:21:12.368] [4623] [HailoRT] [info] [vstream.cpp:754] [InputVStreamImpl] Creating best/input_layer1...
[2026-08-28 16:21:12.368] [4623] [HailoRT] [info] [vstream_builder.cpp:102] [create_inputs] Input pipeline 'best/input_layer1': (PreInferEl3best/input_layer1 | Reorder - src_order: NHWC, src_shape: (640, 640, 3), dst_order: NHCW, dst_shape: (640, 640, 3)) >> (PushQEl3best/input_layer1 | timeout: 10s) >> (HwWriteEl3best/input_layer1 | hw_frame_size: 1228800) >> HW
[2026-08-28 16:21:12.368] [4623] [HailoRT] [info] [multi_io_elements.cpp:135] [create] Created (NmsPPMuxEl0YOLOV8-Post-Process | Op YOLOV8, Name: YOLOV8-Post-Process, Score threshold: 0.250, IoU threshold: 0.70, Classes: 1, Cross classes: false, NMS results order: BY_CLASS, Max bboxes per class: 100, Image height: 640, Image width: 640)
[2026-08-28 16:21:12.368] [4623] [HailoRT] [info] [edge_elements.cpp:287] [create] Created (HwReadEl1best/conv41_97 | hw_frame_size: 409600)
[2026-08-28 16:21:12.368] [4623] [HailoRT] [info] [queue_elements.cpp:657] [create] Created (PullQEl_nms1best/conv41_97 | timeout: 10s)
[2026-08-28 16:21:12.368] [4623] [HailoRT] [info] [edge_elements.cpp:287] [create] Created (HwReadEl0best/conv42_97 | hw_frame_size: 6400)
[2026-08-28 16:21:12.368] [4623] [HailoRT] [info] [queue_elements.cpp:657] [create] Created (PullQEl_nms0best/conv42_97 | timeout: 10s)
[2026-08-28 16:21:12.368] [4623] [HailoRT] [info] [edge_elements.cpp:287] [create] Created (HwReadEl4best/conv52_97 | hw_frame_size: 102400)
[2026-08-28 16:21:12.368] [4623] [HailoRT] [info] [queue_elements.cpp:657] [create] Created (PullQEl_nms4best/conv52_97 | timeout: 10s)
[2026-08-28 16:21:12.368] [4623] [HailoRT] [info] [edge_elements.cpp:287] [create] Created (HwReadEl2best/conv53_97 | hw_frame_size: 1600)
[2026-08-28 16:21:12.368] [4623] [HailoRT] [info] [queue_elements.cpp:657] [create] Created (PullQEl_nms2best/conv53_97 | timeout: 10s)
[2026-08-28 16:21:12.368] [4623] [HailoRT] [info] [edge_elements.cpp:287] [create] Created (HwReadEl7best/conv62_97 | hw_frame_size: 30720)
[2026-08-28 16:21:12.368] [4623] [HailoRT] [info] [queue_elements.cpp:657] [create] Created (PullQEl_nms7best/conv62_97 | timeout: 10s)
[2026-08-28 16:21:12.368] [4623] [HailoRT] [info] [edge_elements.cpp:287] [create] Created (HwReadEl6best/conv63_97 | hw_frame_size: 480)
[2026-08-28 16:21:12.368] [4623] [HailoRT] [info] [queue_elements.cpp:657] [create] Created (PullQEl_nms6best/conv63_97 | timeout: 10s)
[2026-08-28 16:21:12.368] [4623] [HailoRT] [info] [queue_elements.cpp:800] [create] Created (UserBufQEl_post_infer0best/yolov8_nms_postprocess | timeout: 10s)
[2026-08-28 16:21:12.368] [4623] [HailoRT] [info] [vstream.cpp:1114] [OutputVStreamImpl] Creating best/yolov8_nms_postprocess...
[2026-08-28 16:21:12.368] [4623] [HailoRT] [info] [vstream_builder.cpp:622] [create_output_post_process_nms] Output pipeline 'best/yolov8_nms_postprocess': HW >> (HwReadEl1best/conv41_97 | hw_frame_size: 409600) >> (PullQEl_nms1best/conv41_97) >> (HwReadEl0best/conv42_97 | hw_frame_size: 6400) >> (PullQEl_nms0best/conv42_97) >> (HwReadEl4best/conv52_97 | hw_frame_size: 102400) >> (PullQEl_nms4best/conv52_97) >> (HwReadEl2best/conv53_97 | hw_frame_size: 1600) >> (PullQEl_nms2best/conv53_97) >> (HwReadEl7best/conv62_97 | hw_frame_size: 30720) >> (PullQEl_nms7best/conv62_97) >> (HwReadEl6best/conv63_97 | hw_frame_size: 480) >> (PullQEl_nms6best/conv63_97) >> (NmsPPMuxEl0YOLOV8-Post-Process | Op YOLOV8, Name: YOLOV8-Post-Process, Score threshold: 0.250, IoU threshold: 0.70, Classes: 1, Cross classes: false, NMS results order: BY_CLASS, Max bboxes per class: 100, Image height: 640, Image width: 640) >> (UserBufQEl_post_infer0best/yolov8_nms_postprocess | timeout: 10s)
[2026-08-28 16:21:12.379] [7259] [HailoRT] [info] [vdevice_native_stream.cpp:331] [read_impl] Failed read from stream HAILO_STREAM_ABORT(63) (device: 0001:01:00.0)
[2026-08-28 16:21:12.379] [7259] [HailoRT] [info] [edge_elements.cpp:396] [run_pull] Reading from stream was aborted!
[2026-08-28 16:21:12.379] [7260] [HailoRT] [info] [vdevice_native_stream.cpp:331] [read_impl] Failed read from stream HAILO_STREAM_ABORT(63) (device: 0001:01:00.0)
[2026-08-28 16:21:12.379] [7263] [HailoRT] [info] [vdevice_native_stream.cpp:331] [read_impl] Failed read from stream HAILO_STREAM_ABORT(63) (device: 0001:01:00.0)
[2026-08-28 16:21:12.379] [7261] [HailoRT] [info] [vdevice_native_stream.cpp:331] [read_impl] Failed read from stream HAILO_STREAM_ABORT(63) (device: 0001:01:00.0)
[2026-08-28 16:21:12.379] [7259] [HailoRT] [info] [queue_elements.cpp:738] [run_in_thread] run_pull of queue element PullQEl_nms0best/conv42_97 was aborted!
[2026-08-28 16:21:12.379] [7261] [HailoRT] [info] [edge_elements.cpp:396] [run_pull] Reading from stream was aborted!
[2026-08-28 16:21:12.379] [7263] [HailoRT] [info] [edge_elements.cpp:396] [run_pull] Reading from stream was aborted!
[2026-08-28 16:21:12.379] [7261] [HailoRT] [info] [queue_elements.cpp:738] [run_in_thread] run_pull of queue element PullQEl_nms2best/conv53_97 was aborted!
[2026-08-28 16:21:12.379] [7260] [HailoRT] [info] [edge_elements.cpp:396] [run_pull] Reading from stream was aborted!
[2026-08-28 16:21:12.379] [7258] [HailoRT] [info] [vdevice_native_stream.cpp:331] [read_impl] Failed read from stream HAILO_STREAM_ABORT(63) (device: 0001:01:00.0)
[2026-08-28 16:21:12.379] [7260] [HailoRT] [info] [queue_elements.cpp:738] [run_in_thread] run_pull of queue element PullQEl_nms4best/conv52_97 was aborted!
[2026-08-28 16:21:12.379] [7258] [HailoRT] [info] [edge_elements.cpp:396] [run_pull] Reading from stream was aborted!
[2026-08-28 16:21:12.379] [7262] [HailoRT] [info] [vdevice_native_stream.cpp:331] [read_impl] Failed read from stream HAILO_STREAM_ABORT(63) (device: 0001:01:00.0)
[2026-08-28 16:21:12.379] [7263] [HailoRT] [info] [queue_elements.cpp:738] [run_in_thread] run_pull of queue element PullQEl_nms6best/conv63_97 was aborted!
[2026-08-28 16:21:12.379] [7262] [HailoRT] [info] [edge_elements.cpp:396] [run_pull] Reading from stream was aborted!
[2026-08-28 16:21:12.379] [7258] [HailoRT] [info] [queue_elements.cpp:738] [run_in_thread] run_pull of queue element PullQEl_nms1best/conv41_97 was aborted!
[2026-08-28 16:21:12.379] [7262] [HailoRT] [info] [queue_elements.cpp:738] [run_in_thread] run_pull of queue element PullQEl_nms7best/conv62_97 was aborted!
[2026-08-28 16:21:12.379] [7264] [HailoRT] [info] [queue_elements.cpp:68] [operator()] Thread in element UserBufQEl_post_infer0best/yolov8_nms_postprocess is not running anymore, exiting..
[2026-08-28 16:21:12.379] [4623] [HailoRT] [info] [queue_elements.cpp:46] [~BaseQueueElement] Queue element UserBufQEl_post_infer0best/yolov8_nms_postprocess has 0 frames in his Queue on destruction
[2026-08-28 16:21:12.379] [7263] [HailoRT] [info] [queue_elements.cpp:68] [operator()] Thread in element PullQEl_nms6best/conv63_97 is not running anymore, exiting..
[2026-08-28 16:21:12.379] [4623] [HailoRT] [info] [queue_elements.cpp:46] [~BaseQueueElement] Queue element PullQEl_nms6best/conv63_97 has 0 frames in his Queue on destruction
[2026-08-28 16:21:12.379] [7262] [HailoRT] [info] [queue_elements.cpp:68] [operator()] Thread in element PullQEl_nms7best/conv62_97 is not running anymore, exiting..
[2026-08-28 16:21:12.379] [4623] [HailoRT] [info] [queue_elements.cpp:46] [~BaseQueueElement] Queue element PullQEl_nms7best/conv62_97 has 0 frames in his Queue on destruction
[2026-08-28 16:21:12.379] [7261] [HailoRT] [info] [queue_elements.cpp:68] [operator()] Thread in element PullQEl_nms2best/conv53_97 is not running anymore, exiting..
[2026-08-28 16:21:12.379] [4623] [HailoRT] [info] [queue_elements.cpp:46] [~BaseQueueElement] Queue element PullQEl_nms2best/conv53_97 has 0 frames in his Queue on destruction
[2026-08-28 16:21:12.379] [7260] [HailoRT] [info] [queue_elements.cpp:68] [operator()] Thread in element PullQEl_nms4best/conv52_97 is not running anymore, exiting..
[2026-08-28 16:21:12.379] [4623] [HailoRT] [info] [queue_elements.cpp:46] [~BaseQueueElement] Queue element PullQEl_nms4best/conv52_97 has 0 frames in his Queue on destruction
[2026-08-28 16:21:12.379] [7259] [HailoRT] [info] [queue_elements.cpp:68] [operator()] Thread in element PullQEl_nms0best/conv42_97 is not running anymore, exiting..
[2026-08-28 16:21:12.379] [4623] [HailoRT] [info] [queue_elements.cpp:46] [~BaseQueueElement] Queue element PullQEl_nms0best/conv42_97 has 0 frames in his Queue on destruction
[2026-08-28 16:21:12.379] [7258] [HailoRT] [info] [queue_elements.cpp:68] [operator()] Thread in element PullQEl_nms1best/conv41_97 is not running anymore, exiting..
[2026-08-28 16:21:12.379] [4623] [HailoRT] [info] [queue_elements.cpp:46] [~BaseQueueElement] Queue element PullQEl_nms1best/conv41_97 has 0 frames in his Queue on destruction
[2026-08-28 16:21:12.379] [7257] [HailoRT] [info] [queue_elements.cpp:68] [operator()] Thread in element PushQEl3best/input_layer1 is not running anymore, exiting..
[2026-08-28 16:21:12.379] [4623] [HailoRT] [info] [queue_elements.cpp:46] [~BaseQueueElement] Queue element PushQEl3best/input_layer1 has 0 frames in his Queue on destruction
[2026-08-28 16:21:12.379] [4623] [HailoRT] [info] [core_op.cpp:186] [deactivate] Deactivating took 0.402818 ms
[2026-08-28 16:21:12.379] [4623] [HailoRT] [info] [core_op.cpp:186] [deactivate] Deactivating took 0.41165 ms
[2026-08-28 16:21:12.399] [4623] [HailoRT] [info] [core_op.cpp:156] [activate] Activating best took 0.46426 milliseconds. Note that the function is asynchronous and thus the network is not fully activated yet.
[2026-08-28 16:21:12.399] [4623] [HailoRT] [info] [core_op.cpp:156] [activate] Activating best took 0.484629 milliseconds. Note that the function is asynchronous and thus the network is not fully activated yet.
[2026-08-28 16:21:12.399] [4623] [HailoRT] [info] [edge_elements.cpp:52] [create] Created (HwWriteEl3best/input_layer1 | hw_frame_size: 1228800)
[2026-08-28 16:21:12.399] [4623] [HailoRT] [info] [queue_elements.cpp:284] [create] Created (PushQEl3best/input_layer1 | timeout: 10s)
[2026-08-28 16:21:12.399] [4623] [HailoRT] [info] [filter_elements.cpp:101] [create] Created (PreInferEl3best/input_layer1 | Reorder - src_order: NHWC, src_shape: (640, 640, 3), dst_order: NHCW, dst_shape: (640, 640, 3))
[2026-08-28 16:21:12.399] [4623] [HailoRT] [info] [vstream.cpp:754] [InputVStreamImpl] Creating best/input_layer1...
[2026-08-28 16:21:12.399] [4623] [HailoRT] [info] [vstream_builder.cpp:102] [create_inputs] Input pipeline 'best/input_layer1': (PreInferEl3best/input_layer1 | Reorder - src_order: NHWC, src_shape: (640, 640, 3), dst_order: NHCW, dst_shape: (640, 640, 3)) >> (PushQEl3best/input_layer1 | timeout: 10s) >> (HwWriteEl3best/input_layer1 | hw_frame_size: 1228800) >> HW
[2026-08-28 16:21:12.399] [4623] [HailoRT] [info] [multi_io_elements.cpp:135] [create] Created (NmsPPMuxEl0YOLOV8-Post-Process | Op YOLOV8, Name: YOLOV8-Post-Process, Score threshold: 0.250, IoU threshold: 0.70, Classes: 1, Cross classes: false, NMS results order: BY_CLASS, Max bboxes per class: 100, Image height: 640, Image width: 640)
[2026-08-28 16:21:12.399] [4623] [HailoRT] [info] [edge_elements.cpp:287] [create] Created (HwReadEl1best/conv41_97 | hw_frame_size: 409600)
[2026-08-28 16:21:12.399] [4623] [HailoRT] [info] [queue_elements.cpp:657] [create] Created (PullQEl_nms1best/conv41_97 | timeout: 10s)
[2026-08-28 16:21:12.399] [4623] [HailoRT] [info] [edge_elements.cpp:287] [create] Created (HwReadEl0best/conv42_97 | hw_frame_size: 6400)
[2026-08-28 16:21:12.399] [4623] [HailoRT] [info] [queue_elements.cpp:657] [create] Created (PullQEl_nms0best/conv42_97 | timeout: 10s)
[2026-08-28 16:21:12.399] [4623] [HailoRT] [info] [edge_elements.cpp:287] [create] Created (HwReadEl4best/conv52_97 | hw_frame_size: 102400)
[2026-08-28 16:21:12.399] [4623] [HailoRT] [info] [queue_elements.cpp:657] [create] Created (PullQEl_nms4best/conv52_97 | timeout: 10s)
[2026-08-28 16:21:12.399] [4623] [HailoRT] [info] [edge_elements.cpp:287] [create] Created (HwReadEl2best/conv53_97 | hw_frame_size: 1600)
[2026-08-28 16:21:12.400] [4623] [HailoRT] [info] [queue_elements.cpp:657] [create] Created (PullQEl_nms2best/conv53_97 | timeout: 10s)
[2026-08-28 16:21:12.400] [4623] [HailoRT] [info] [edge_elements.cpp:287] [create] Created (HwReadEl7best/conv62_97 | hw_frame_size: 30720)
[2026-08-28 16:21:12.400] [4623] [HailoRT] [info] [queue_elements.cpp:657] [create] Created (PullQEl_nms7best/conv62_97 | timeout: 10s)
[2026-08-28 16:21:12.400] [4623] [HailoRT] [info] [edge_elements.cpp:287] [create] Created (HwReadEl6best/conv63_97 | hw_frame_size: 480)
[2026-08-28 16:21:12.400] [4623] [HailoRT] [info] [queue_elements.cpp:657] [create] Created (PullQEl_nms6best/conv63_97 | timeout: 10s)
[2026-08-28 16:21:12.400] [4623] [HailoRT] [info] [queue_elements.cpp:800] [create] Created (UserBufQEl_post_infer0best/yolov8_nms_postprocess | timeout: 10s)
[2026-08-28 16:21:12.400] [4623] [HailoRT] [info] [vstream.cpp:1114] [OutputVStreamImpl] Creating best/yolov8_nms_postprocess...
[2026-08-28 16:21:12.400] [4623] [HailoRT] [info] [vstream_builder.cpp:622] [create_output_post_process_nms] Output pipeline 'best/yolov8_nms_postprocess': HW >> (HwReadEl1best/conv41_97 | hw_frame_size: 409600) >> (PullQEl_nms1best/conv41_97) >> (HwReadEl0best/conv42_97 | hw_frame_size: 6400) >> (PullQEl_nms0best/conv42_97) >> (HwReadEl4best/conv52_97 | hw_frame_size: 102400) >> (PullQEl_nms4best/conv52_97) >> (HwReadEl2best/conv53_97 | hw_frame_size: 1600) >> (PullQEl_nms2best/conv53_97) >> (HwReadEl7best/conv62_97 | hw_frame_size: 30720) >> (PullQEl_nms7best/conv62_97) >> (HwReadEl6best/conv63_97 | hw_frame_size: 480) >> (PullQEl_nms6best/conv63_97) >> (NmsPPMuxEl0YOLOV8-Post-Process | Op YOLOV8, Name: YOLOV8-Post-Process, Score threshold: 0.250, IoU threshold: 0.70, Classes: 1, Cross classes: false, NMS results order: BY_CLASS, Max bboxes per class: 100, Image height: 640, Image width: 640) >> (UserBufQEl_post_infer0best/yolov8_nms_postprocess | timeout: 10s)
[2026-08-28 16:21:12.410] [7269] [HailoRT] [info] [vdevice_native_stream.cpp:331] [read_impl] Failed read from stream HAILO_STREAM_ABORT(63) (device: 0001:01:00.0)
[2026-08-28 16:21:12.410] [7272] [HailoRT] [info] [vdevice_native_stream.cpp:331] [read_impl] Failed read from stream HAILO_STREAM_ABORT(63) (device: 0001:01:00.0)
[2026-08-28 16:21:12.410] [7269] [HailoRT] [info] [edge_elements.cpp:396] [run_pull] Reading from stream was aborted!
[2026-08-28 16:21:12.410] [7272] [HailoRT] [info] [edge_elements.cpp:396] [run_pull] Reading from stream was aborted!
[2026-08-28 16:21:12.410] [7272] [HailoRT] [info] [queue_elements.cpp:738] [run_in_thread] run_pull of queue element PullQEl_nms7best/conv62_97 was aborted!
[2026-08-28 16:21:12.410] [7268] [HailoRT] [info] [vdevice_native_stream.cpp:331] [read_impl] Failed read from stream HAILO_STREAM_ABORT(63) (device: 0001:01:00.0)
[2026-08-28 16:21:12.410] [7271] [HailoRT] [info] [vdevice_native_stream.cpp:331] [read_impl] Failed read from stream HAILO_STREAM_ABORT(63) (device: 0001:01:00.0)
[2026-08-28 16:21:12.410] [7268] [HailoRT] [info] [edge_elements.cpp:396] [run_pull] Reading from stream was aborted!
[2026-08-28 16:21:12.410] [7271] [HailoRT] [info] [edge_elements.cpp:396] [run_pull] Reading from stream was aborted!
[2026-08-28 16:21:12.410] [7270] [HailoRT] [info] [vdevice_native_stream.cpp:331] [read_impl] Failed read from stream HAILO_STREAM_ABORT(63) (device: 0001:01:00.0)
[2026-08-28 16:21:12.410] [7270] [HailoRT] [info] [edge_elements.cpp:396] [run_pull] Reading from stream was aborted!
[2026-08-28 16:21:12.410] [7273] [HailoRT] [info] [vdevice_native_stream.cpp:331] [read_impl] Failed read from stream HAILO_STREAM_ABORT(63) (device: 0001:01:00.0)
[2026-08-28 16:21:12.410] [7273] [HailoRT] [info] [edge_elements.cpp:396] [run_pull] Reading from stream was aborted!
[2026-08-28 16:21:12.410] [7268] [HailoRT] [info] [queue_elements.cpp:738] [run_in_thread] run_pull of queue element PullQEl_nms1best/conv41_97 was aborted!
[2026-08-28 16:21:12.410] [7273] [HailoRT] [info] [queue_elements.cpp:738] [run_in_thread] run_pull of queue element PullQEl_nms6best/conv63_97 was aborted!
[2026-08-28 16:21:12.410] [7270] [HailoRT] [info] [queue_elements.cpp:738] [run_in_thread] run_pull of queue element PullQEl_nms4best/conv52_97 was aborted!
[2026-08-28 16:21:12.410] [7269] [HailoRT] [info] [queue_elements.cpp:738] [run_in_thread] run_pull of queue element PullQEl_nms0best/conv42_97 was aborted!
[2026-08-28 16:21:12.410] [7271] [HailoRT] [info] [queue_elements.cpp:738] [run_in_thread] run_pull of queue element PullQEl_nms2best/conv53_97 was aborted!
[2026-08-28 16:21:12.410] [7274] [HailoRT] [info] [queue_elements.cpp:68] [operator()] Thread in element UserBufQEl_post_infer0best/yolov8_nms_postprocess is not running anymore, exiting..
[2026-08-28 16:21:12.410] [4623] [HailoRT] [info] [queue_elements.cpp:46] [~BaseQueueElement] Queue element UserBufQEl_post_infer0best/yolov8_nms_postprocess has 0 frames in his Queue on destruction
[2026-08-28 16:21:12.410] [7273] [HailoRT] [info] [queue_elements.cpp:68] [operator()] Thread in element PullQEl_nms6best/conv63_97 is not running anymore, exiting..
[2026-08-28 16:21:12.410] [4623] [HailoRT] [info] [queue_elements.cpp:46] [~BaseQueueElement] Queue element PullQEl_nms6best/conv63_97 has 0 frames in his Queue on destruction
[2026-08-28 16:21:12.410] [7272] [HailoRT] [info] [queue_elements.cpp:68] [operator()] Thread in element PullQEl_nms7best/conv62_97 is not running anymore, exiting..
[2026-08-28 16:21:12.410] [4623] [HailoRT] [info] [queue_elements.cpp:46] [~BaseQueueElement] Queue element PullQEl_nms7best/conv62_97 has 0 frames in his Queue on destruction
[2026-08-28 16:21:12.410] [7271] [HailoRT] [info] [queue_elements.cpp:68] [operator()] Thread in element PullQEl_nms2best/conv53_97 is not running anymore, exiting..
[2026-08-28 16:21:12.410] [4623] [HailoRT] [info] [queue_elements.cpp:46] [~BaseQueueElement] Queue element PullQEl_nms2best/conv53_97 has 0 frames in his Queue on destruction
[2026-08-28 16:21:12.410] [7270] [HailoRT] [info] [queue_elements.cpp:68] [operator()] Thread in element PullQEl_nms4best/conv52_97 is not running anymore, exiting..
[2026-08-28 16:21:12.410] [4623] [HailoRT] [info] [queue_elements.cpp:46] [~BaseQueueElement] Queue element PullQEl_nms4best/conv52_97 has 0 frames in his Queue on destruction
[2026-08-28 16:21:12.410] [7269] [HailoRT] [info] [queue_elements.cpp:68] [operator()] Thread in element PullQEl_nms0best/conv42_97 is not running anymore, exiting..
[2026-08-28 16:21:12.410] [4623] [HailoRT] [info] [queue_elements.cpp:46] [~BaseQueueElement] Queue element PullQEl_nms0best/conv42_97 has 0 frames in his Queue on destruction
[2026-08-28 16:21:12.411] [7268] [HailoRT] [info] [queue_elements.cpp:68] [operator()] Thread in element PullQEl_nms1best/conv41_97 is not running anymore, exiting..
[2026-08-28 16:21:12.411] [4623] [HailoRT] [info] [queue_elements.cpp:46] [~BaseQueueElement] Queue element PullQEl_nms1best/conv41_97 has 0 frames in his Queue on destruction
[2026-08-28 16:21:12.411] [7267] [HailoRT] [info] [queue_elements.cpp:68] [operator()] Thread in element PushQEl3best/input_layer1 is not running anymore, exiting..
[2026-08-28 16:21:12.411] [4623] [HailoRT] [info] [queue_elements.cpp:46] [~BaseQueueElement] Queue element PushQEl3best/input_layer1 has 0 frames in his Queue on destruction
[2026-08-28 16:21:12.411] [4623] [HailoRT] [info] [core_op.cpp:186] [deactivate] Deactivating took 0.403188 ms
[2026-08-28 16:21:12.411] [4623] [HailoRT] [info] [core_op.cpp:186] [deactivate] Deactivating took 0.411299 ms
[2026-08-28 16:21:12.432] [4623] [HailoRT] [info] [core_op.cpp:156] [activate] Activating best took 0.444816 milliseconds. Note that the function is asynchronous and thus the network is not fully activated yet.
[2026-08-28 16:21:12.432] [4623] [HailoRT] [info] [core_op.cpp:156] [activate] Activating best took 0.466056 milliseconds. Note that the function is asynchronous and thus the network is not fully activated yet.
[2026-08-28 16:21:12.432] [4623] [HailoRT] [info] [edge_elements.cpp:52] [create] Created (HwWriteEl3best/input_layer1 | hw_frame_size: 1228800)
[2026-08-28 16:21:12.432] [4623] [HailoRT] [info] [queue_elements.cpp:284] [create] Created (PushQEl3best/input_layer1 | timeout: 10s)
[2026-08-28 16:21:12.432] [4623] [HailoRT] [info] [filter_elements.cpp:101] [create] Created (PreInferEl3best/input_layer1 | Reorder - src_order: NHWC, src_shape: (640, 640, 3), dst_order: NHCW, dst_shape: (640, 640, 3))
[2026-08-28 16:21:12.432] [4623] [HailoRT] [info] [vstream.cpp:754] [InputVStreamImpl] Creating best/input_layer1...
[2026-08-28 16:21:12.432] [4623] [HailoRT] [info] [vstream_builder.cpp:102] [create_inputs] Input pipeline 'best/input_layer1': (PreInferEl3best/input_layer1 | Reorder - src_order: NHWC, src_shape: (640, 640, 3), dst_order: NHCW, dst_shape: (640, 640, 3)) >> (PushQEl3best/input_layer1 | timeout: 10s) >> (HwWriteEl3best/input_layer1 | hw_frame_size: 1228800) >> HW
[2026-08-28 16:21:12.432] [4623] [HailoRT] [info] [multi_io_elements.cpp:135] [create] Created (NmsPPMuxEl0YOLOV8-Post-Process | Op YOLOV8, Name: YOLOV8-Post-Process, Score threshold: 0.250, IoU threshold: 0.70, Classes: 1, Cross classes: false, NMS results order: BY_CLASS, Max bboxes per class: 100, Image height: 640, Image width: 640)
[2026-08-28 16:21:12.432] [4623] [HailoRT] [info] [edge_elements.cpp:287] [create] Created (HwReadEl1best/conv41_97 | hw_frame_size: 409600)
[2026-08-28 16:21:12.432] [4623] [HailoRT] [info] [queue_elements.cpp:657] [create] Created (PullQEl_nms1best/conv41_97 | timeout: 10s)
[2026-08-28 16:21:12.432] [4623] [HailoRT] [info] [edge_elements.cpp:287] [create] Created (HwReadEl0best/conv42_97 | hw_frame_size: 6400)
[2026-08-28 16:21:12.432] [4623] [HailoRT] [info] [queue_elements.cpp:657] [create] Created (PullQEl_nms0best/conv42_97 | timeout: 10s)
[2026-08-28 16:21:12.432] [4623] [HailoRT] [info] [edge_elements.cpp:287] [create] Created (HwReadEl4best/conv52_97 | hw_frame_size: 102400)
[2026-08-28 16:21:12.432] [4623] [HailoRT] [info] [queue_elements.cpp:657] [create] Created (PullQEl_nms4best/conv52_97 | timeout: 10s)
[2026-08-28 16:21:12.432] [4623] [HailoRT] [info] [edge_elements.cpp:287] [create] Created (HwReadEl2best/conv53_97 | hw_frame_size: 1600)
[2026-08-28 16:21:12.432] [4623] [HailoRT] [info] [queue_elements.cpp:657] [create] Created (PullQEl_nms2best/conv53_97 | timeout: 10s)
[2026-08-28 16:21:12.432] [4623] [HailoRT] [info] [edge_elements.cpp:287] [create] Created (HwReadEl7best/conv62_97 | hw_frame_size: 30720)
[2026-08-28 16:21:12.432] [4623] [HailoRT] [info] [queue_elements.cpp:657] [create] Created (PullQEl_nms7best/conv62_97 | timeout: 10s)
[2026-08-28 16:21:12.432] [4623] [HailoRT] [info] [edge_elements.cpp:287] [create] Created (HwReadEl6best/conv63_97 | hw_frame_size: 480)
[2026-08-28 16:21:12.432] [4623] [HailoRT] [info] [queue_elements.cpp:657] [create] Created (PullQEl_nms6best/conv63_97 | timeout: 10s)
[2026-08-28 16:21:12.432] [4623] [HailoRT] [info] [queue_elements.cpp:800] [create] Created (UserBufQEl_post_infer0best/yolov8_nms_postprocess | timeout: 10s)
[2026-08-28 16:21:12.432] [4623] [HailoRT] [info] [vstream.cpp:1114] [OutputVStreamImpl] Creating best/yolov8_nms_postprocess...
[2026-08-28 16:21:12.432] [4623] [HailoRT] [info] [vstream_builder.cpp:622] [create_output_post_process_nms] Output pipeline 'best/yolov8_nms_postprocess': HW >> (HwReadEl1best/conv41_97 | hw_frame_size: 409600) >> (PullQEl_nms1best/conv41_97) >> (HwReadEl0best/conv42_97 | hw_frame_size: 6400) >> (PullQEl_nms0best/conv42_97) >> (HwReadEl4best/conv52_97 | hw_frame_size: 102400) >> (PullQEl_nms4best/conv52_97) >> (HwReadEl2best/conv53_97 | hw_frame_size: 1600) >> (PullQEl_nms2best/conv53_97) >> (HwReadEl7best/conv62_97 | hw_frame_size: 30720) >> (PullQEl_nms7best/conv62_97) >> (HwReadEl6best/conv63_97 | hw_frame_size: 480) >> (PullQEl_nms6best/conv63_97) >> (NmsPPMuxEl0YOLOV8-Post-Process | Op YOLOV8, Name: YOLOV8-Post-Process, Score threshold: 0.250, IoU threshold: 0.70, Classes: 1, Cross classes: false, NMS results order: BY_CLASS, Max bboxes per class: 100, Image height: 640, Image width: 640) >> (UserBufQEl_post_infer0best/yolov8_nms_postprocess | timeout: 10s)
[2026-08-28 16:21:12.443] [7279] [HailoRT] [info] [vdevice_native_stream.cpp:331] [read_impl] Failed read from stream HAILO_STREAM_ABORT(63) (device: 0001:01:00.0)
[2026-08-28 16:21:12.443] [7279] [HailoRT] [info] [edge_elements.cpp:396] [run_pull] Reading from stream was aborted!
[2026-08-28 16:21:12.443] [7280] [HailoRT] [info] [vdevice_native_stream.cpp:331] [read_impl] Failed read from stream HAILO_STREAM_ABORT(63) (device: 0001:01:00.0)
[2026-08-28 16:21:12.443] [7280] [HailoRT] [info] [edge_elements.cpp:396] [run_pull] Reading from stream was aborted!
[2026-08-28 16:21:12.443] [7279] [HailoRT] [info] [queue_elements.cpp:738] [run_in_thread] run_pull of queue element PullQEl_nms0best/conv42_97 was aborted!
[2026-08-28 16:21:12.443] [7278] [HailoRT] [info] [vdevice_native_stream.cpp:331] [read_impl] Failed read from stream HAILO_STREAM_ABORT(63) (device: 0001:01:00.0)
[2026-08-28 16:21:12.443] [7280] [HailoRT] [info] [queue_elements.cpp:738] [run_in_thread] run_pull of queue element PullQEl_nms4best/conv52_97 was aborted!
[2026-08-28 16:21:12.443] [7278] [HailoRT] [info] [edge_elements.cpp:396] [run_pull] Reading from stream was aborted!
[2026-08-28 16:21:12.443] [7282] [HailoRT] [info] [vdevice_native_stream.cpp:331] [read_impl] Failed read from stream HAILO_STREAM_ABORT(63) (device: 0001:01:00.0)
[2026-08-28 16:21:12.443] [7283] [HailoRT] [info] [vdevice_native_stream.cpp:331] [read_impl] Failed read from stream HAILO_STREAM_ABORT(63) (device: 0001:01:00.0)
[2026-08-28 16:21:12.443] [7278] [HailoRT] [info] [queue_elements.cpp:738] [run_in_thread] run_pull of queue element PullQEl_nms1best/conv41_97 was aborted!
[2026-08-28 16:21:12.443] [7282] [HailoRT] [info] [edge_elements.cpp:396] [run_pull] Reading from stream was aborted!
[2026-08-28 16:21:12.443] [7283] [HailoRT] [info] [edge_elements.cpp:396] [run_pull] Reading from stream was aborted!
[2026-08-28 16:21:12.443] [7281] [HailoRT] [info] [vdevice_native_stream.cpp:331] [read_impl] Failed read from stream HAILO_STREAM_ABORT(63) (device: 0001:01:00.0)
[2026-08-28 16:21:12.443] [7283] [HailoRT] [info] [queue_elements.cpp:738] [run_in_thread] run_pull of queue element PullQEl_nms6best/conv63_97 was aborted!
[2026-08-28 16:21:12.443] [7282] [HailoRT] [info] [queue_elements.cpp:738] [run_in_thread] run_pull of queue element PullQEl_nms7best/conv62_97 was aborted!
[2026-08-28 16:21:12.443] [7281] [HailoRT] [info] [edge_elements.cpp:396] [run_pull] Reading from stream was aborted!
[2026-08-28 16:21:12.443] [7281] [HailoRT] [info] [queue_elements.cpp:738] [run_in_thread] run_pull of queue element PullQEl_nms2best/conv53_97 was aborted!
[2026-08-28 16:21:12.443] [7284] [HailoRT] [info] [queue_elements.cpp:68] [operator()] Thread in element UserBufQEl_post_infer0best/yolov8_nms_postprocess is not running anymore, exiting..
[2026-08-28 16:21:12.443] [4623] [HailoRT] [info] [queue_elements.cpp:46] [~BaseQueueElement] Queue element UserBufQEl_post_infer0best/yolov8_nms_postprocess has 0 frames in his Queue on destruction
[2026-08-28 16:21:12.443] [7283] [HailoRT] [info] [queue_elements.cpp:68] [operator()] Thread in element PullQEl_nms6best/conv63_97 is not running anymore, exiting..
[2026-08-28 16:21:12.443] [4623] [HailoRT] [info] [queue_elements.cpp:46] [~BaseQueueElement] Queue element PullQEl_nms6best/conv63_97 has 0 frames in his Queue on destruction
[2026-08-28 16:21:12.443] [7282] [HailoRT] [info] [queue_elements.cpp:68] [operator()] Thread in element PullQEl_nms7best/conv62_97 is not running anymore, exiting..
[2026-08-28 16:21:12.443] [4623] [HailoRT] [info] [queue_elements.cpp:46] [~BaseQueueElement] Queue element PullQEl_nms7best/conv62_97 has 0 frames in his Queue on destruction
[2026-08-28 16:21:12.443] [7281] [HailoRT] [info] [queue_elements.cpp:68] [operator()] Thread in element PullQEl_nms2best/conv53_97 is not running anymore, exiting..
[2026-08-28 16:21:12.443] [4623] [HailoRT] [info] [queue_elements.cpp:46] [~BaseQueueElement] Queue element PullQEl_nms2best/conv53_97 has 0 frames in his Queue on destruction
[2026-08-28 16:21:12.443] [7280] [HailoRT] [info] [queue_elements.cpp:68] [operator()] Thread in element PullQEl_nms4best/conv52_97 is not running anymore, exiting..
[2026-08-28 16:21:12.443] [4623] [HailoRT] [info] [queue_elements.cpp:46] [~BaseQueueElement] Queue element PullQEl_nms4best/conv52_97 has 0 frames in his Queue on destruction
[2026-08-28 16:21:12.443] [7279] [HailoRT] [info] [queue_elements.cpp:68] [operator()] Thread in element PullQEl_nms0best/conv42_97 is not running anymore, exiting..
[2026-08-28 16:21:12.443] [4623] [HailoRT] [info] [queue_elements.cpp:46] [~BaseQueueElement] Queue element PullQEl_nms0best/conv42_97 has 0 frames in his Queue on destruction
[2026-08-28 16:21:12.443] [7278] [HailoRT] [info] [queue_elements.cpp:68] [operator()] Thread in element PullQEl_nms1best/conv41_97 is not running anymore, exiting..
[2026-08-28 16:21:12.443] [4623] [HailoRT] [info] [queue_elements.cpp:46] [~BaseQueueElement] Queue element PullQEl_nms1best/conv41_97 has 0 frames in his Queue on destruction
[2026-08-28 16:21:12.443] [7277] [HailoRT] [info] [queue_elements.cpp:68] [operator()] Thread in element PushQEl3best/input_layer1 is not running anymore, exiting..
[2026-08-28 16:21:12.443] [4623] [HailoRT] [info] [queue_elements.cpp:46] [~BaseQueueElement] Queue element PushQEl3best/input_layer1 has 0 frames in his Queue on destruction
[2026-08-28 16:21:12.444] [4623] [HailoRT] [info] [core_op.cpp:186] [deactivate] Deactivating took 0.402095 ms
[2026-08-28 16:21:12.444] [4623] [HailoRT] [info] [core_op.cpp:186] [deactivate] Deactivating took 0.410613 ms
[2026-08-28 16:21:12.464] [4623] [HailoRT] [info] [core_op.cpp:156] [activate] Activating best took 0.44989 milliseconds. Note that the function is asynchronous and thus the network is not fully activated yet.
[2026-08-28 16:21:12.464] [4623] [HailoRT] [info] [core_op.cpp:156] [activate] Activating best took 0.470963 milliseconds. Note that the function is asynchronous and thus the network is not fully activated yet.
[2026-08-28 16:21:12.464] [4623] [HailoRT] [info] [edge_elements.cpp:52] [create] Created (HwWriteEl3best/input_layer1 | hw_frame_size: 1228800)
[2026-08-28 16:21:12.464] [4623] [HailoRT] [info] [queue_elements.cpp:284] [create] Created (PushQEl3best/input_layer1 | timeout: 10s)
[2026-08-28 16:21:12.464] [4623] [HailoRT] [info] [filter_elements.cpp:101] [create] Created (PreInferEl3best/input_layer1 | Reorder - src_order: NHWC, src_shape: (640, 640, 3), dst_order: NHCW, dst_shape: (640, 640, 3))
[2026-08-28 16:21:12.464] [4623] [HailoRT] [info] [vstream.cpp:754] [InputVStreamImpl] Creating best/input_layer1...
[2026-08-28 16:21:12.464] [4623] [HailoRT] [info] [vstream_builder.cpp:102] [create_inputs] Input pipeline 'best/input_layer1': (PreInferEl3best/input_layer1 | Reorder - src_order: NHWC, src_shape: (640, 640, 3), dst_order: NHCW, dst_shape: (640, 640, 3)) >> (PushQEl3best/input_layer1 | timeout: 10s) >> (HwWriteEl3best/input_layer1 | hw_frame_size: 1228800) >> HW
[2026-08-28 16:21:12.464] [4623] [HailoRT] [info] [multi_io_elements.cpp:135] [create] Created (NmsPPMuxEl0YOLOV8-Post-Process | Op YOLOV8, Name: YOLOV8-Post-Process, Score threshold: 0.250, IoU threshold: 0.70, Classes: 1, Cross classes: false, NMS results order: BY_CLASS, Max bboxes per class: 100, Image height: 640, Image width: 640)
[2026-08-28 16:21:12.464] [4623] [HailoRT] [info] [edge_elements.cpp:287] [create] Created (HwReadEl1best/conv41_97 | hw_frame_size: 409600)
[2026-08-28 16:21:12.464] [4623] [HailoRT] [info] [queue_elements.cpp:657] [create] Created (PullQEl_nms1best/conv41_97 | timeout: 10s)
[2026-08-28 16:21:12.464] [4623] [HailoRT] [info] [edge_elements.cpp:287] [create] Created (HwReadEl0best/conv42_97 | hw_frame_size: 6400)
[2026-08-28 16:21:12.464] [4623] [HailoRT] [info] [queue_elements.cpp:657] [create] Created (PullQEl_nms0best/conv42_97 | timeout: 10s)
[2026-08-28 16:21:12.464] [4623] [HailoRT] [info] [edge_elements.cpp:287] [create] Created (HwReadEl4best/conv52_97 | hw_frame_size: 102400)
[2026-08-28 16:21:12.464] [4623] [HailoRT] [info] [queue_elements.cpp:657] [create] Created (PullQEl_nms4best/conv52_97 | timeout: 10s)
[2026-08-28 16:21:12.464] [4623] [HailoRT] [info] [edge_elements.cpp:287] [create] Created (HwReadEl2best/conv53_97 | hw_frame_size: 1600)
[2026-08-28 16:21:12.464] [4623] [HailoRT] [info] [queue_elements.cpp:657] [create] Created (PullQEl_nms2best/conv53_97 | timeout: 10s)
[2026-08-28 16:21:12.464] [4623] [HailoRT] [info] [edge_elements.cpp:287] [create] Created (HwReadEl7best/conv62_97 | hw_frame_size: 30720)
[2026-08-28 16:21:12.464] [4623] [HailoRT] [info] [queue_elements.cpp:657] [create] Created (PullQEl_nms7best/conv62_97 | timeout: 10s)
[2026-08-28 16:21:12.464] [4623] [HailoRT] [info] [edge_elements.cpp:287] [create] Created (HwReadEl6best/conv63_97 | hw_frame_size: 480)
[2026-08-28 16:21:12.464] [4623] [HailoRT] [info] [queue_elements.cpp:657] [create] Created (PullQEl_nms6best/conv63_97 | timeout: 10s)
[2026-08-28 16:21:12.465] [4623] [HailoRT] [info] [queue_elements.cpp:800] [create] Created (UserBufQEl_post_infer0best/yolov8_nms_postprocess | timeout: 10s)
[2026-08-28 16:21:12.465] [4623] [HailoRT] [info] [vstream.cpp:1114] [OutputVStreamImpl] Creating best/yolov8_nms_postprocess...
[2026-08-28 16:21:12.465] [4623] [HailoRT] [info] [vstream_builder.cpp:622] [create_output_post_process_nms] Output pipeline 'best/yolov8_nms_postprocess': HW >> (HwReadEl1best/conv41_97 | hw_frame_size: 409600) >> (PullQEl_nms1best/conv41_97) >> (HwReadEl0best/conv42_97 | hw_frame_size: 6400) >> (PullQEl_nms0best/conv42_97) >> (HwReadEl4best/conv52_97 | hw_frame_size: 102400) >> (PullQEl_nms4best/conv52_97) >> (HwReadEl2best/conv53_97 | hw_frame_size: 1600) >> (PullQEl_nms2best/conv53_97) >> (HwReadEl7best/conv62_97 | hw_frame_size: 30720) >> (PullQEl_nms7best/conv62_97) >> (HwReadEl6best/conv63_97 | hw_frame_size: 480) >> (PullQEl_nms6best/conv63_97) >> (NmsPPMuxEl0YOLOV8-Post-Process | Op YOLOV8, Name: YOLOV8-Post-Process, Score threshold: 0.250, IoU threshold: 0.70, Classes: 1, Cross classes: false, NMS results order: BY_CLASS, Max bboxes per class: 100, Image height: 640, Image width: 640) >> (UserBufQEl_post_infer0best/yolov8_nms_postprocess | timeout: 10s)
[2026-08-28 16:21:12.475] [7289] [HailoRT] [info] [vdevice_native_stream.cpp:331] [read_impl] Failed read from stream HAILO_STREAM_ABORT(63) (device: 0001:01:00.0)
[2026-08-28 16:21:12.475] [7288] [HailoRT] [info] [vdevice_native_stream.cpp:331] [read_impl] Failed read from stream HAILO_STREAM_ABORT(63) (device: 0001:01:00.0)
[2026-08-28 16:21:12.475] [7288] [HailoRT] [info] [edge_elements.cpp:396] [run_pull] Reading from stream was aborted!
[2026-08-28 16:21:12.475] [7290] [HailoRT] [info] [vdevice_native_stream.cpp:331] [read_impl] Failed read from stream HAILO_STREAM_ABORT(63) (device: 0001:01:00.0)
[2026-08-28 16:21:12.475] [7291] [HailoRT] [info] [vdevice_native_stream.cpp:331] [read_impl] Failed read from stream HAILO_STREAM_ABORT(63) (device: 0001:01:00.0)
[2026-08-28 16:21:12.475] [7293] [HailoRT] [info] [vdevice_native_stream.cpp:331] [read_impl] Failed read from stream HAILO_STREAM_ABORT(63) (device: 0001:01:00.0)
[2026-08-28 16:21:12.475] [7291] [HailoRT] [info] [edge_elements.cpp:396] [run_pull] Reading from stream was aborted!
[2026-08-28 16:21:12.475] [7293] [HailoRT] [info] [edge_elements.cpp:396] [run_pull] Reading from stream was aborted!
[2026-08-28 16:21:12.475] [7292] [HailoRT] [info] [vdevice_native_stream.cpp:331] [read_impl] Failed read from stream HAILO_STREAM_ABORT(63) (device: 0001:01:00.0)
[2026-08-28 16:21:12.475] [7292] [HailoRT] [info] [edge_elements.cpp:396] [run_pull] Reading from stream was aborted!
[2026-08-28 16:21:12.475] [7291] [HailoRT] [info] [queue_elements.cpp:738] [run_in_thread] run_pull of queue element PullQEl_nms2best/conv53_97 was aborted!
[2026-08-28 16:21:12.475] [7293] [HailoRT] [info] [queue_elements.cpp:738] [run_in_thread] run_pull of queue element PullQEl_nms6best/conv63_97 was aborted!
[2026-08-28 16:21:12.475] [7292] [HailoRT] [info] [queue_elements.cpp:738] [run_in_thread] run_pull of queue element PullQEl_nms7best/conv62_97 was aborted!
[2026-08-28 16:21:12.475] [7290] [HailoRT] [info] [edge_elements.cpp:396] [run_pull] Reading from stream was aborted!
[2026-08-28 16:21:12.475] [7289] [HailoRT] [info] [edge_elements.cpp:396] [run_pull] Reading from stream was aborted!
[2026-08-28 16:21:12.475] [7290] [HailoRT] [info] [queue_elements.cpp:738] [run_in_thread] run_pull of queue element PullQEl_nms4best/conv52_97 was aborted!
[2026-08-28 16:21:12.475] [7288] [HailoRT] [info] [queue_elements.cpp:738] [run_in_thread] run_pull of queue element PullQEl_nms1best/conv41_97 was aborted!
[2026-08-28 16:21:12.475] [7289] [HailoRT] [info] [queue_elements.cpp:738] [run_in_thread] run_pull of queue element PullQEl_nms0best/conv42_97 was aborted!
[2026-08-28 16:21:12.475] [7294] [HailoRT] [info] [queue_elements.cpp:68] [operator()] Thread in element UserBufQEl_post_infer0best/yolov8_nms_postprocess is not running anymore, exiting..
[2026-08-28 16:21:12.475] [4623] [HailoRT] [info] [queue_elements.cpp:46] [~BaseQueueElement] Queue element UserBufQEl_post_infer0best/yolov8_nms_postprocess has 0 frames in his Queue on destruction
[2026-08-28 16:21:12.475] [7293] [HailoRT] [info] [queue_elements.cpp:68] [operator()] Thread in element PullQEl_nms6best/conv63_97 is not running anymore, exiting..
[2026-08-28 16:21:12.475] [4623] [HailoRT] [info] [queue_elements.cpp:46] [~BaseQueueElement] Queue element PullQEl_nms6best/conv63_97 has 0 frames in his Queue on destruction
[2026-08-28 16:21:12.475] [7292] [HailoRT] [info] [queue_elements.cpp:68] [operator()] Thread in element PullQEl_nms7best/conv62_97 is not running anymore, exiting..
[2026-08-28 16:21:12.475] [4623] [HailoRT] [info] [queue_elements.cpp:46] [~BaseQueueElement] Queue element PullQEl_nms7best/conv62_97 has 0 frames in his Queue on destruction
[2026-08-28 16:21:12.475] [7291] [HailoRT] [info] [queue_elements.cpp:68] [operator()] Thread in element PullQEl_nms2best/conv53_97 is not running anymore, exiting..
[2026-08-28 16:21:12.475] [4623] [HailoRT] [info] [queue_elements.cpp:46] [~BaseQueueElement] Queue element PullQEl_nms2best/conv53_97 has 0 frames in his Queue on destruction
[2026-08-28 16:21:12.475] [7290] [HailoRT] [info] [queue_elements.cpp:68] [operator()] Thread in element PullQEl_nms4best/conv52_97 is not running anymore, exiting..
[2026-08-28 16:21:12.475] [4623] [HailoRT] [info] [queue_elements.cpp:46] [~BaseQueueElement] Queue element PullQEl_nms4best/conv52_97 has 0 frames in his Queue on destruction
[2026-08-28 16:21:12.475] [7289] [HailoRT] [info] [queue_elements.cpp:68] [operator()] Thread in element PullQEl_nms0best/conv42_97 is not running anymore, exiting..
[2026-08-28 16:21:12.475] [4623] [HailoRT] [info] [queue_elements.cpp:46] [~BaseQueueElement] Queue element PullQEl_nms0best/conv42_97 has 0 frames in his Queue on destruction
[2026-08-28 16:21:12.475] [7288] [HailoRT] [info] [queue_elements.cpp:68] [operator()] Thread in element PullQEl_nms1best/conv41_97 is not running anymore, exiting..
[2026-08-28 16:21:12.475] [4623] [HailoRT] [info] [queue_elements.cpp:46] [~BaseQueueElement] Queue element PullQEl_nms1best/conv41_97 has 0 frames in his Queue on destruction
[2026-08-28 16:21:12.475] [7287] [HailoRT] [info] [queue_elements.cpp:68] [operator()] Thread in element PushQEl3best/input_layer1 is not running anymore, exiting..
[2026-08-28 16:21:12.475] [4623] [HailoRT] [info] [queue_elements.cpp:46] [~BaseQueueElement] Queue element PushQEl3best/input_layer1 has 0 frames in his Queue on destruction
[2026-08-28 16:21:12.476] [4623] [HailoRT] [info] [core_op.cpp:186] [deactivate] Deactivating took 0.403669 ms
[2026-08-28 16:21:12.476] [4623] [HailoRT] [info] [core_op.cpp:186] [deactivate] Deactivating took 0.41178 ms
